timestamp,code,name,yf_ticker,market_segment,data_source,last_price,ret_5m,volume_ratio,volatility_2h,rsi_14,ret_1d,market_cap,trailing_pe,price_to_book,roe,dividend_yield,news_sentiment,news_article_count
2026-03-09 10:50:00+09:00,1401,エムビーエス,1401.T,グロース,intraday_5m,1407.0,0.00142348754448407,0.0,0.009808580135060864,19.16666666666667,-0.042857142857142816,9753186304.0,19.258144,2.729797,0.14659001,1.02,0.030000000000000006,20.0
2026-03-09 11:00:00+09:00,1431,Ｌｉｂ　Ｗｏｒｋ,1431.T,グロース,intraday_5m,654.0,0.007704160246533087,0.0,0.004460624306279677,48.57142857142856,-0.0015267175572518665,15215851520.0,67.008194,3.3007631,0.04996,0.98,0.04,20.0
2026-03-09 10:55:00+09:00,1436,グリーンエナジー＆カンパニー,1436.T,グロース,intraday_5m,2920.0,0.006549465701482182,0.15000000000000002,0.01866856467168346,67.37967914438502,-0.07301587301587298,12037305344.0,35.653236,2.2291303,0.06567,0.44,0.04,20.0
2026-03-09 09:20:00+09:00,1444,ニッソウ,1444.T,グロース,intraday_5m,2695.0,0.0,0.30000000000000004,0.001916278539800926,,-0.004065040650406471,2929672448.0,14.455052,1.7407447,0.12173,,0.030000000000000006,20.0
2026-03-09 11:00:00+09:00,1447,ＳＡＡＦホールディングス,1447.T,グロース,intraday_5m,330.0,0.0,0.175609756097561,0.00514398625237604,66.66666666666666,-0.04899135446685876,8044719104.0,36.42384,2.8109267,0.22805999,,0.058823529411764705,17.0
2026-03-09 11:00:00+09:00,2158,ＦＲＯＮＴＥＯ,2158.T,グロース,intraday_5m,833.0,0.0036144578313253017,0.4447494852436514,0.009148737732154064,27.58620689655173,-0.06823266219239377,32638193664.0,119.5122,8.8419485,0.14543,,0.030000000000000006,20.0
2026-03-09 11:00:00+09:00,2160,ジーエヌアイグループ,2160.T,グロース,intraday_5m,3275.0,0.001529051987767538,1.3003870199464125,0.01082171264797926,32.0,-0.08774373259052926,182074261504.0,,3.6352293,-0.1602,,0.042105263157894736,19.0
2026-03-09 10:45:00+09:00,2164,地域新聞社,2164.T,グロース,intraday_5m,303.0,0.0,0.0,0.008055055051100863,8.823529411764696,-0.09009009009009006,2269829888.0,110.98901,12.561668,-1.35309,,0.030000000000000006,20.0
2026-03-09 11:00:00+09:00,2173,博展,2173.T,グロース,intraday_5m,940.0,0.002132196162046851,0.183206106870229,0.00967611265072132,48.57142857142856,-0.05811623246492981,14720069632.0,13.154212,2.9465883,0.45904,2.81,0.03157894736842106,19.0
2026-03-09 10:55:00+09:00,2195,アミタホールディングス,2195.T,グロース,intraday_5m,299.0,-0.006644518272425293,1.3783783783783785,0.013961028791177294,41.17647058823529,-0.0714285714285714,5248188416.0,15.629901,1.7850534,0.10848,1.55,0.030000000000000006,20.0
2026-03-09 11:00:00+09:00,2321,ソフトフロントホールディングス,2321.T,グロース,intraday_5m,347.0,-0.002873563218390829,0.19524405506883605,0.026818660856739902,22.66666666666667,-0.1389578163771712,18033866752.0,,9.92563,-0.17506,,0.02,20.0
2026-03-09 11:00:00+09:00,2334,イオレ,2334.T,グロース,intraday_5m,346.0,0.0028985507246377384,0.48259860788863107,0.006973198577400964,38.46153846153846,-0.09895833333333337,11866657792.0,,4.25579,0.02009,,0.04,20.0
2026-03-09 11:00:00+09:00,2370,メディネット,2370.T,グロース,intraday_5m,31.0,0.03333333333333344,0.0,0.024113725679877053,50.0,0.0,8206603264.0,,1.106629,-0.69344,,0.04,20.0
2026-03-09 11:00:00+09:00,2385,総医研ホールディングス,2385.T,グロース,intraday_5m,237.0,0.0,0.02889245585874799,0.005802623520631509,28.57142857142857,-0.052000000000000046,6199493120.0,35.6391,1.023188,0.02863,4.0,0.030000000000000006,20.0
2026-03-09 10:55:00+09:00,2388,ウェッジホールディングス,2388.T,グロース,intraday_5m,61.0,0.0,0.0,0.009788180030717401,0.0,-0.031746031746031744,2589760000.0,,0.9656024,-0.16610001,,0.037500000000000006,16.0
2026-03-09 11:00:00+09:00,2438,アスカネット,2438.T,グロース,intraday_5m,376.0,0.0,0.039045553145336226,0.008496287939333642,35.48387096774192,-0.023376623376623384,5694577664.0,,1.0973681,-0.04779,1.82,0.030000000000000006,20.0
2026-03-09 10:55:00+09:00,2497,ユナイテッド,2497.T,グロース,intraday_5m,541.0,-0.0018450184501844769,0.0,0.003770645529840609,33.33333333333333,-0.010968921389396757,20256985088.0,,1.1320549,-0.07064,4.2,0.01,20.0
2026-03-09 11:00:00+09:00,2586,フルッタフルッタ,2586.T,グロース,intraday_5m,111.0,0.009090909090909038,0.07232876712328767,0.008737297152404275,33.33333333333333,-0.0431034482758621,10864629760.0,23.974081,1.5481173,0.05617,,0.01,20.0
2026-03-09 10:05:00+09:00,2934,ジェイフロンティア,2934.T,グロース,intraday_5m,1226.0,-0.0024410089503661414,1.565217391304348,0.016828922599290058,,-0.03540519276160503,6538770432.0,,4.657241,-0.058579996,,0.03529411764705883,17.0
2026-03-09 11:00:00+09:00,2936,ベースフード,2936.T,グロース,intraday_5m,326.0,-0.003058103975535187,0.0,0.006088643881235023,34.61538461538463,-0.0268656716417911,17406468096.0,30.12939,15.312352,0.48101002,,0.02,20.0
2026-03-09 10:55:00+09:00,2937,サンクゼール,2937.T,グロース,intraday_5m,1720.0,0.0005817335660267542,0.0,0.004074632558007594,35.135135135135144,-0.014891179839633395,15991792640.0,31.47301,3.2180147,0.10917,2.0,0.07999999999999999,20.0
2026-03-09 11:00:00+09:00,2978,ツクルバ,2978.T,グロース,intraday_5m,419.0,-0.0023809523809523725,0.0,0.004772861156705054,39.130434782608695,-0.009456264775413725,4776470528.0,44.81283,2.481228,0.068909995,,0.042105263157894736,19.0
2026-03-09 10:55:00+09:00,2981,ランディックス,2981.T,グロース,intraday_5m,2126.0,-0.002346316283434957,0.0,0.010606535608775638,11.931818181818187,-0.05887560867640551,12051932160.0,5.82386,1.2523503,0.25280002,2.3,0.06,20.0
2026-03-09 11:00:00+09:00,2983,アールプランナー,2983.T,グロース,intraday_5m,1919.0,0.002088772845953102,0.0,0.011841799633427562,53.125,-0.08619047619047615,20480376832.0,10.930737,2.9228454,0.35432,2.38,0.05,20.0
2026-03-09 11:00:00+09:00,2986,ＬＡホールディングス,2986.T,グロース,intraday_5m,8800.0,0.0,0.1137440758293839,0.009010551610005331,33.33333333333333,-0.0707497360084477,66702643200.0,8.8923025,2.243934,0.2552,5.49,0.042105263157894736,19.0
2026-03-09 10:40:00+09:00,2997,ストレージ王,2997.T,グロース,intraday_5m,929.0,-0.004287245444801746,0.4444444444444444,0.005092093233981896,,-0.021074815595363505,1716327552.0,14.024759,1.7299782,0.12708999,,0.030000000000000006,20.0
2026-03-09 11:00:00+09:00,2998,クリアル,2998.T,グロース,intraday_5m,741.0,0.0013513513513514486,0.20338983050847456,0.010764242378682549,21.875,-0.08064516129032262,26712723456.0,20.47527,2.190778,0.23942,0.87,0.06315789473684211,19.0
2026-03-09 11:00:00+09:00,3063,ジェイグループホールディングス,3063.T,グロース,intraday_5m,768.0,-0.0025974025974025983,0.14634146341463414,0.0029871261071490597,20.0,-0.022900763358778664,9451965440.0,,6.1737328,0.04499,0.51,0.04,20.0
2026-03-09 11:00:00+09:00,3070,ジェリービーンズグループ,3070.T,グロース,intraday_5m,103.0,0.0,0.9809960681520316,0.007300363168015287,20.0,-0.05504587155963303,7215202816.0,,1.6788095,-0.18087,,0.04,20.0
2026-03-09 11:00:00+09:00,3133,海帆,3133.T,グロース,intraday_5m,377.0,0.0026595744680850686,0.2098360655737705,0.006703988703291169,29.411764705882362,-0.06683168316831678,21457250304.0,,30.107012,-3.7151902,,0.030000000000000006,20.0
2026-03-09 11:00:00+09:00,3137,ファンデリー,3137.T,グロース,intraday_5m,239.0,-0.008298755186721962,0.0,0.008077304153630158,42.857142857142854,-0.04016064257028118,3029325056.0,,3.3447623,,,0.06,20.0
2026-03-09 10:40:00+09:00,3138,富士山マガジンサービス,3138.T,グロース,intraday_5m,1019.0,0.0009823182711199419,0.3076923076923077,0.0036062605383612952,45.00000000000001,-0.0009803921568627416,3365146624.0,52.852695,1.395747,0.03832,1.57,0.05,20.0
2026-03-09 10:20:00+09:00,3140,ＢＲＵＮＯ,3140.T,グロース,intraday_5m,1028.0,0.0,0.17391304347826086,0.0027209424038931,48.275862068965516,-0.006763285024154575,14744208384.0,32.145092,2.6964571,0.08687,0.39,0.04,20.0
2026-03-09 11:00:00+09:00,3185,夢展望,3185.T,グロース,intraday_5m,215.0,0.004672897196261738,1.2283464566929134,0.010888840562712672,44.444444444444436,-0.05701754385964908,3948695040.0,,24.835394,-0.97900003,,0.01,20.0
2026-03-09 10:55:00+09:00,3187,ミラタップ,3187.T,グロース,intraday_5m,260.0,0.0,0.0,0.0054629681102161915,45.45454545454546,-0.022556390977443663,4707267584.0,,1.6215138,-0.13805,1.13,0.05,16.0
2026-03-09 11:00:00+09:00,3195,ジェネレーションパス,3195.T,グロース,intraday_5m,466.0,-0.004273504273504258,1.457142857142857,0.01189203565900411,20.83333333333333,-0.07355864811133206,3782732288.0,23.45244,2.0056899,0.088199995,,0.06,20.0
2026-03-09 10:40:00+09:00,3224,ゼネラル・オイスター,3224.T,グロース,intraday_5m,819.0,0.004907975460122671,1.5714285714285714,0.004694501175682191,,-0.0012195121951219523,4192744448.0,,2.6400025,-0.04833,1.22,0.030000000000000006,20.0
2026-03-09 11:00:00+09:00,3237,イントランス,3237.T,グロース,intraday_5m,65.0,0.0,0.0,0.008629566756755358,25.0,-0.015151515151515138,3022004992.0,,7.494523,-0.76568,,0.02,20.0
2026-03-09 10:55:00+09:00,3261,グランディーズ,3261.T,グロース,intraday_5m,485.0,-0.004106776180698102,0.0,0.004159859650451575,23.07692307692308,-0.022177419354838745,1988517888.0,11.572417,0.7403269,-0.0011,3.02,0.04,20.0
2026-03-09 11:00:00+09:00,3300,アンビション　ＤＸ　ホールディングス,3300.T,グロース,intraday_5m,2448.0,0.0016366612111293755,0.13186813186813187,0.008310180963506908,33.846153846153854,-0.040376323010584136,17427574784.0,9.289618,2.1506698,0.26504,4.31,0.047058823529411764,17.0
2026-03-09 11:00:00+09:00,3359,ｃｏｔｔａ,3359.T,グロース,intraday_5m,528.0,-0.0037735849056603765,0.21951219512195122,0.008825929813812366,36.0,-0.06216696269982236,5543814656.0,12.827989,1.226535,0.10849,1.78,0.05555555555555555,18.0
2026-03-09 10:55:00+09:00,3418,バルニバービ,3418.T,グロース,intraday_5m,1088.0,0.0018416206261511192,0.0,0.004417032716792761,56.666666666666664,-0.00910746812386154,11744932864.0,26.286543,1.9578135,0.07869,0.68,0.05263157894736842,19.0
2026-03-09 09:50:00+09:00,3474,Ｇ－ＦＡＣＴＯＲＹ,3474.T,グロース,intraday_5m,551.0,0.005474452554744547,1.0,0.003849316210680108,,0.0,3598856448.0,,3.0770605,-0.19621,,0.01,20.0
2026-03-09 10:30:00+09:00,3477,フォーライフ,3477.T,グロース,intraday_5m,899.0,0.007847533632286963,0.8571428571428571,0.006420014602156076,,-0.003325942350332567,3595305984.0,8.606989,0.865505,0.122320004,3.05,0.07,20.0
2026-03-09 11:00:00+09:00,3479,ティーケーピー,3479.T,グロース,intraday_5m,1811.0,0.0,0.5853658536585366,0.004147198620114233,28.0,-0.06937307297019524,68818247680.0,24.42676,1.6872394,0.07858,,0.08,20.0
2026-03-09 11:00:00+09:00,3491,ＧＡ　ｔｅｃｈｎｏｌｏｇｉｅｓ,3491.T,グロース,intraday_5m,1527.0,-0.0006544502617801262,0.37320574162679426,0.004473837670465649,31.111111111111114,-0.07285974499089254,62687113216.0,15.687283,2.032415,0.1469,0.79,0.042105263157894736,19.0
2026-03-09 10:25:00+09:00,3541,農業総合研究所,3541.T,グロース,intraday_5m,760.0,0.0,0.4444444444444444,0.0011113150685288643,50.0,0.0,16452653056.0,1433.9624,15.7275,-0.00792,,0.02,20.0
2026-03-09 11:00:00+09:00,3542,ベガコーポレーション,3542.T,グロース,intraday_5m,1898.0,-0.00524109014675056,0.28125,0.00629803574470987,22.772277227722782,-0.016580310880829008,20153671680.0,28.341047,8.354535,0.25392,1.55,0.08,20.0
2026-03-09 10:50:00+09:00,3550,スタジオアタオ,3550.T,グロース,intraday_5m,215.0,-0.00462962962962965,0.0,0.00556924710208208,26.66666666666667,-0.03153153153153154,2978223872.0,32.089554,1.1764383,-0.08412,2.25,0.06,20.0
2026-03-09 11:00:00+09:00,3556,リネットジャパングループ,3556.T,グロース,intraday_5m,968.0,-0.0020618556701030855,1.4282208588957055,0.006792348802782694,23.07692307692308,-0.13339301700984785,14144453632.0,29.182999,12.808639,0.65948,,0.04,20.0
2026-03-09 10:55:00+09:00,3557,ユナイテッド＆コレクティブ,3557.T,グロース,intraday_5m,941.0,-0.0021208907741251393,0.0,0.0018257909855296354,30.769230769230774,-0.0031779661016949623,4661827072.0,166.25443,7.1913857,-0.16455999,,0.030000000000000006,20.0
2026-03-09 11:00:00+09:00,3558,ジェイドグループ,3558.T,グロース,intraday_5m,1530.0,0.0019646365422396617,0.2631578947368421,0.0035114836159777793,27.027027027027017,-0.07328891580860086,15848013824.0,14.279048,2.3364308,0.17997,1.82,0.06999999999999999,20.0
2026-03-09 11:00:00+09:00,3566,ユニフォームネクスト,3566.T,グロース,intraday_5m,671.0,0.002989536621823552,0.0,0.0077307662752174825,24.0,-0.031746031746031744,6785420288.0,17.634691,1.7601663,0.14335,0.87,0.030000000000000006,20.0
2026-03-09 10:45:00+09:00,3622,ネットイヤーグループ,3622.T,グロース,intraday_5m,525.0,-0.009433962264150941,0.0,0.008119133816883412,12.5,-0.0574506283662477,3674415616.0,23.627363,1.8235308,0.10378,1.08,0.06999999999999999,20.0
2026-03-09 10:55:00+09:00,3623,ビリングシステム,3623.T,グロース,intraday_5m,1076.0,0.0,0.0,0.00958613031061911,52.94117647058823,-0.025362318840579712,6767372800.0,17.656712,2.1607206,0.13859001,2.94,0.06,20.0
2026-03-09 10:55:00+09:00,3624,アクセルマーク,3624.T,グロース,intraday_5m,74.0,-0.013333333333333308,0.0,0.007619712944822364,0.0,-0.07499999999999996,1449998080.0,,2.2070446,,,0.03529411764705883,17.0
2026-03-09 11:00:00+09:00,3625,テックファームホールディングス,3625.T,グロース,intraday_5m,607.0,-0.003284072249589487,0.1751824817518248,0.007932153485919087,14.285714285714292,-0.06471494607087824,4319464960.0,9.089548,1.5068429,0.17829001,1.23,0.02,20.0
2026-03-09 10:10:00+09:00,3628,データホライゾン,3628.T,グロース,intraday_5m,479.0,0.004192872117400492,0.1875,0.0050437139151432,28.57142857142857,-0.010330578512396715,6079078400.0,,20.26398,,,0.01,20.0
2026-03-09 10:55:00+09:00,3645,メディカルネット,3645.T,グロース,intraday_5m,293.0,-0.006779661016949157,0.09836065573770492,0.0044553459397409486,28.57142857142857,-0.02006688963210701,2709362176.0,70.43269,1.3915604,0.03588,1.0,0.04,20.0
2026-03-09 11:00:00+09:00,3646,駅探,3646.T,グロース,intraday_5m,386.0,-0.005154639175257714,1.1506849315068493,0.005589848221029327,23.80952380952381,-0.03015075376884424,1822208384.0,,1.2312089,-0.0376,3.52,0.0,20.0
2026-03-09 11:00:00+09:00,3652,ディジタルメディアプロフェッショナル,3652.T,グロース,intraday_5m,2177.0,0.0018407731247123138,0.0,0.01294102056049032,34.02061855670104,-0.06806506849315064,6847013376.0,,2.1390238,-0.10411,,0.0,20.0
2026-03-09 11:00:00+09:00,3653,モルフォ,3653.T,グロース,intraday_5m,770.0,-0.009009009009009028,0.0,0.007073850674496485,18.66666666666667,-0.062119366626065764,4044367360.0,,1.1175374,-0.02122,,0.042105263157894736,19.0
2026-03-09 10:45:00+09:00,3664,モブキャストホールディングス,3664.T,グロース,intraday_5m,31.0,0.03333333333333344,0.0,0.023478958741915655,50.0,-0.03125,1848788992.0,,1.9795657,-0.56823003,,0.023529411764705882,17.0
2026-03-09 09:50:00+09:00,3674,オークファン,3674.T,グロース,intraday_5m,327.0,0.006153846153846176,0.3728813559322034,0.006337251994570882,,-0.023880597014925398,3440590592.0,,0.85629445,-0.09889,,0.021052631578947368,19.0
2026-03-09 11:00:00+09:00,3680,ホットリンク,3680.T,グロース,intraday_5m,206.0,0.0,0.0,0.007587793457620536,28.57142857142857,-0.05069124423963134,3153300736.0,,0.8004414,-0.36145002,2.86,0.025,16.0
2026-03-09 11:00:00+09:00,3691,デジタルプラス,3691.T,グロース,intraday_5m,1485.0,-0.003355704697986628,0.0,0.007767456130904903,23.88059701492537,-0.05953134895503487,6471370240.0,,7.5241685,-0.06927,,0.03529411764705883,17.0
2026-03-09 11:00:00+09:00,3692,ＦＦＲＩセキュリティ,3692.T,グロース,intraday_5m,7300.0,-0.004092769440654842,0.6779661016949152,0.01147125429219092,44.11764705882353,-0.06887755102040816,57739898880.0,49.791965,16.962385,0.4367,0.18,0.07,20.0
2026-03-09 10:25:00+09:00,3695,ＧＭＯプロダクトプラットフォーム,3695.T,グロース,intraday_5m,1718.0,-0.0011627906976744429,0.391304347826087,0.016603674161716635,,-0.022753128555176305,7564567040.0,26.772636,3.1131704,0.070539996,3.65,0.04,20.0
2026-03-09 11:00:00+09:00,3723,日本ファルコム,3723.T,グロース,intraday_5m,2199.0,0.005946935041171164,0.0,0.011412179232320798,20.064724919093848,-0.06940330088870084,21697921024.0,25.017065,2.1166885,0.12697,0.42,0.06,20.0
2026-03-09 10:55:00+09:00,3727,アプリックス,3727.T,グロース,intraday_5m,175.0,-0.011299435028248594,8.865384615384615,0.007464203814275721,28.57142857142857,-0.06417112299465244,3807377664.0,25.697504,1.6226842,-0.05544,1.87,0.02,20.0
2026-03-09 11:00:00+09:00,3773,アドバンスト・メディア,3773.T,グロース,intraday_5m,1000.0,-0.0009990009990009652,1.8260869565217392,0.007059592860943102,44.444444444444436,-0.038461538461538436,15600391168.0,11.064395,1.1582372,0.13268,2.64,0.030000000000000006,20.0
2026-03-09 11:00:00+09:00,3777,環境フレンドリーホールディングス,3777.T,グロース,intraday_5m,59.0,0.01724137931034475,0.011652748106428431,0.012382301869222095,60.0,-0.078125,17803204608.0,,4.8163266,-0.00087,,0.030000000000000006,20.0
2026-03-09 11:00:00+09:00,3793,ドリコム,3793.T,グロース,intraday_5m,384.0,0.005235602094240788,0.0,0.0028630958417896887,35.71428571428572,-0.04714640198511166,11139769344.0,,3.5644336,-0.48630002,,0.030000000000000006,20.0
2026-03-09 11:00:00+09:00,3803,イメージ情報開発,3803.T,グロース,intraday_5m,471.0,0.0,0.34285714285714286,0.011439284155906516,33.33333333333333,-0.10114503816793896,1562651264.0,,12.174947,-1.25333,,0.01,20.0
2026-03-09 11:00:00+09:00,3807,フィスコ,3807.T,グロース,intraday_5m,108.0,-0.00917431192660545,0.0,0.006696356281455745,33.33333333333333,-0.0357142857142857,4948184064.0,,4.531342,-1.2918601,,0.030000000000000006,20.0
2026-03-09 11:00:00+09:00,3815,メディア工房,3815.T,グロース,intraday_5m,468.0,0.0,0.18181818181818182,0.0029021626793475476,26.66666666666667,-0.01473684210526316,4880704512.0,,7.6277404,-0.69897,,0.01,20.0
2026-03-09 11:00:00+09:00,3900,クラウドワークス,3900.T,グロース,intraday_5m,646.0,-0.0015455950540957941,0.20487804878048782,0.011638123080796597,33.33333333333333,-0.08368794326241136,10220542976.0,,1.5473832,-0.05367,3.81,0.02,20.0
2026-03-09 11:00:00+09:00,3904,カヤック,3904.T,グロース,intraday_5m,411.0,-0.004842615012106588,0.0,0.007741944813117067,19.04761904761905,-0.07847533632286996,6332907520.0,13.8804455,1.1232332,0.11411,0.87,0.02,20.0
2026-03-09 11:00:00+09:00,3905,データセクション,3905.T,グロース,intraday_5m,1488.0,0.00540540540540535,3.530685920577617,0.011060047307315177,39.43661971830985,-0.049201277955271516,39551188992.0,,2.712329,-0.087390006,,0.02,20.0
2026-03-09 11:00:00+09:00,3908,コラボス,3908.T,グロース,intraday_5m,398.0,0.0,0.0,0.006639578763531881,53.846153846153854,-0.03631961259079908,1852572544.0,13.4778185,1.3908206,0.09264,2.91,0.01,20.0
2026-03-09 11:00:00+09:00,3911,Ａｉｍｉｎｇ,3911.T,グロース,intraday_5m,203.0,0.0,0.0,0.008276778827074269,20.0,-0.051401869158878455,9473644544.0,6.4794126,1.3777845,0.19429001,,0.030000000000000006,20.0
2026-03-09 11:00:00+09:00,3914,ＪＩＧ－ＳＡＷ,3914.T,グロース,intraday_5m,2294.0,-0.007356122890523564,1.8260869565217392,0.009855097092651114,34.400000000000006,-0.05945059450594503,15085813760.0,36.177258,4.4819393,0.12826,,0.01,20.0
2026-03-09 11:00:00+09:00,3917,アイリッジ,3917.T,グロース,intraday_5m,603.0,0.0016611295681063787,0.0,0.005379610253051872,51.85185185185185,-0.02269043760129663,4720997888.0,7.426109,1.5388031,0.2183,,0.01,20.0
2026-03-09 10:40:00+09:00,3929,ソーシャルワイヤー,3929.T,グロース,intraday_5m,300.0,0.0,0.11428571428571428,0.00891414363018558,14.285714285714292,-0.059561128526645746,3512624128.0,18.879799,2.048173,0.11572,,0.06,20.0
2026-03-09 10:15:00+09:00,3930,はてな,3930.T,グロース,intraday_5m,893.0,-0.0055679287305122616,0.782608695652174,0.014559285444785122,,-0.01975850713501648,2660921088.0,11.518123,0.9435886,0.06322,,0.01,20.0
2026-03-09 10:55:00+09:00,3931,バリューゴルフ,3931.T,グロース,intraday_5m,1599.0,-0.0037383177570093906,0.0,0.0034218102522543758,,-0.012962962962962954,2889087488.0,161.8421,2.5911102,-0.0017499999,1.54,0.0,20.0
2026-03-09 10:55:00+09:00,3936,グローバルウェイ,3936.T,グロース,intraday_5m,124.0,0.0,0.4881889763779528,0.00796409771926355,39.99999999999999,-0.06060606060606055,4533488128.0,55.60538,5.9575286,0.1157,,0.01,20.0
2026-03-09 10:30:00+09:00,3961,シルバーエッグ・テクノロジー,3961.T,グロース,intraday_5m,764.0,0.0,0.2448979591836735,0.0008973115914633651,42.857142857142854,0.0,2274318848.0,,1.8324287,0.0073400005,,0.02,20.0
2026-03-09 11:05:00+09:00,3967,エルテス,3967.T,グロース,intraday_5m,580.0,-0.0034364261168384758,0.0,0.011680551790686656,42.5,-0.04290429042904287,3586289152.0,,1.7710085,-0.34704,,0.030000000000000006,20.0
2026-03-09 10:50:00+09:00,3970,イノベーション,3970.T,グロース,intraday_5m,921.0,0.0,0.0,0.005359650465040911,,-0.008611410118406937,2462877440.0,,0.8340306,-0.10776,4.31,0.011764705882352941,17.0
2026-03-09 10:10:00+09:00,3976,シャノン,3976.T,グロース,intraday_5m,373.0,0.0,0.12,0.008590904066132374,10.714285714285708,-0.053299492385786795,2210377984.0,,2.2411015,,,0.037500000000000006,16.0
2026-03-09 11:00:00+09:00,3979,うるる,3979.T,グロース,intraday_5m,378.0,-0.0026385224274406704,0.0,0.010313698333815034,,-0.0026385224274406704,10462081024.0,15.684647,3.0188076,0.21598,0.79,0.03529411764705883,17.0
2026-03-09 10:40:00+09:00,3986,ビーブレイクシステムズ,3986.T,グロース,intraday_5m,494.0,-0.002020202020202033,0.16666666666666666,0.003938304218173526,27.272727272727266,-0.0217821782178218,2255159296.0,25.15275,0.43502304,0.052449998,1.98,0.01,20.0
2026-03-09 10:45:00+09:00,3987,エコモット,3987.T,グロース,intraday_5m,487.0,-0.004089979550102263,0.6153846153846154,0.0055971737192977095,29.16666666666667,-0.05802707930367501,2516306176.0,,3.137543,-0.012209999,,0.030000000000000006,20.0
2026-03-09 11:00:00+09:00,3989,シェアリングテクノロジー,3989.T,グロース,intraday_5m,1205.0,0.0,0.43165467625899284,0.003928866992318524,28.57142857142857,-0.04213036565977746,28837177344.0,20.378826,6.311478,0.34599,4.37,0.04,20.0
2026-03-09 11:00:00+09:00,3991,ウォンテッドリー,3991.T,グロース,intraday_5m,1132.0,0.0,0.0,0.01065830189456103,,0.01981981981981984,10755451904.0,9.929825,2.1909664,0.24302,1.8,0.01,20.0
2026-03-09 10:50:00+09:00,3998,すららネット,3998.T,グロース,intraday_5m,317.0,0.0,0.0,0.00808421413973108,15.78947368421052,-0.027607361963190136,2000093696.0,17.650335,0.91323936,-0.00358,,0.0,20.0
2026-03-09 11:00:00+09:00,4011,ヘッドウォータース,4011.T,グロース,intraday_5m,2490.0,-0.001603849238171584,0.12,0.006112280986331737,25.000000000000014,-0.06285284155062099,9460107264.0,90.97552,7.1944313,0.057189997,,0.04,20.0
2026-03-09 11:00:00+09:00,4013,勤次郎,4013.T,グロース,intraday_5m,697.0,-0.0028612303290415086,0.40414507772020725,0.0047605354611268465,15.384615384615387,-0.05040871934604907,13715192832.0,18.193682,1.3390764,0.103269994,1.36,0.042105263157894736,19.0
2026-03-09 11:00:00+09:00,4014,カラダノート,4014.T,グロース,intraday_5m,417.0,0.004819277108433662,0.0,0.014022868830740436,35.616438356164394,-0.060810810810810856,2788556032.0,,5.435208,-0.012,,0.02,20.0
2026-03-09 11:00:00+09:00,4015,ペイクラウドホールディングス,4015.T,グロース,intraday_5m,450.0,0.0,0.35294117647058826,0.008618110656923634,30.0,-0.052631578947368474,7157986816.0,50.675674,1.5570989,0.029509999,,0.022222222222222223,18.0
2026-03-09 10:55:00+09:00,4017,クリーマ,4017.T,グロース,intraday_5m,224.0,0.004484304932735439,0.0,0.006634145771565439,27.272727272727266,-0.030303030303030276,1509772800.0,16.18497,1.3953516,0.03765,,0.02,20.0
2026-03-09 11:00:00+09:00,4019,スタメン,4019.T,グロース,intraday_5m,598.0,0.0016750418760469454,0.0,0.009459573208546028,14.285714285714292,-0.08141321044546856,5246774272.0,22.964668,3.4177094,0.14439,1.23,0.04,20.0
2026-03-09 10:55:00+09:00,4020,ビートレンド,4020.T,グロース,intraday_5m,667.0,0.004518072289156683,0.0,0.007148735726998973,33.33333333333333,0.007552870090634434,1437890560.0,,1.8478656,-0.12154,,0.025,16.0
2026-03-09 11:05:00+09:00,4052,フィーチャ,4052.T,グロース,intraday_5m,293.0,0.003424657534246478,0.0,0.01282182070794901,33.33333333333333,-0.10670731707317072,1713327744.0,,2.5920258,-0.082550004,,0.01,20.0
2026-03-09 11:05:00+09:00,4054,日本情報クリエイト,4054.T,グロース,intraday_5m,579.0,0.0017301038062282892,0.0,0.0041576339997552595,39.99999999999999,-0.025252525252525304,7947260416.0,16.979473,2.0321066,,1.52,0.030000000000000006,20.0
2026-03-09 11:00:00+09:00,4055,ティアンドエスグループ,4055.T,グロース,intraday_5m,1456.0,-0.00137174211248281,0.30927835051546393,0.012491892188358647,25.80645161290323,-0.09900990099009899,10953138176.0,21.816004,3.7969568,,0.68,0.04,20.0
2026-03-09 11:00:00+09:00,4056,ニューラルグループ,4056.T,グロース,intraday_5m,347.0,0.0028901734104045396,0.8053691275167785,0.007709660061947728,41.17647058823529,-0.06216216216216219,5965224448.0,117.22973,3.1823184,-0.0793,,0.023529411764705882,17.0
2026-03-09 10:00:00+09:00,4057,インターファクトリー,4057.T,グロース,intraday_5m,393.0,0.0025510204081633514,0.8,0.009972079515973765,,-0.015037593984962405,1586020608.0,18.546484,1.3161949,0.07328,,0.02,20.0
2026-03-09 11:05:00+09:00,4058,トヨクモ,4058.T,グロース,intraday_5m,1800.0,0.0016694490818029983,0.0,0.00456710574061907,29.09090909090908,-0.04761904761904767,19723257856.0,19.278141,4.8771896,0.30663002,1.43,0.05,20.0
2026-03-09 11:05:00+09:00,4060,ｒａｋｕｍｏ,4060.T,グロース,intraday_5m,1040.0,0.0,0.0,0.008458795798672553,31.48148148148148,-0.05282331511839711,6050076160.0,23.044537,3.2127423,0.15465,2.55,0.05,20.0
2026-03-09 10:10:00+09:00,4068,ベイシス,4068.T,グロース,intraday_5m,1757.0,-0.0062217194570135526,0.6923076923076923,0.013670133425697426,,-0.007905138339920903,3242362624.0,28.265766,1.5493922,0.055999998,,0.05,20.0
2026-03-09 10:50:00+09:00,4069,ＢｌｕｅＭｅｍｅ,4069.T,グロース,intraday_5m,1058.0,-0.01855287569573283,0.0,0.01946787141491739,50.950570342205324,-0.040797824116047154,3532838656.0,30.845482,1.399569,0.04783,,0.030000000000000006,20.0
2026-03-09 10:45:00+09:00,4073,ジィ・シィ企画,4073.T,グロース,intraday_5m,508.0,0.0019723865877712132,2.0689655172413794,0.009647265265173585,36.170212765957444,-0.013592233009708687,1289275008.0,,10.422865,-0.96629,,0.01,20.0
2026-03-09 11:00:00+09:00,4074,ラキール,4074.T,グロース,intraday_5m,696.0,-0.002865329512893977,2.4827586206896552,0.008422569409872115,31.25,-0.06325706594885594,4805098496.0,10.305004,1.4240147,0.07797,,-2.7755575615628915e-18,20.0
2026-03-06 09:05:00+09:00,4075,ブレインズテクノロジー,4075.T,グロース,intraday_5m,910.0,,,,,0.18159806295399505,5697399808.0,43.281597,3.491313,0.10225,,0.030000000000000006,20.0
2026-03-09 10:55:00+09:00,4076,シイエヌエス,4076.T,グロース,intraday_5m,1650.0,-0.001814882032667886,0.0,0.009252415961613272,,-0.031121550205519655,4794837504.0,8.896797,1.1942313,0.13958,2.94,0.06,20.0
2026-03-09 11:05:00+09:00,4165,プレイド,4165.T,グロース,intraday_5m,594.0,0.001686340640809414,0.0,0.0064594967907524335,34.61538461538463,-0.01655629139072845,24377147392.0,22.297298,4.8050866,0.22508,,0.01,20.0
2026-03-09 10:55:00+09:00,4166,かっこ,4166.T,グロース,intraday_5m,667.0,-0.013313609467455634,0.0,0.01464546590208923,46.28099173553719,-0.0389048991354467,1822680832.0,,2.596442,-0.17862,,0.02,20.0
2026-03-09 10:55:00+09:00,4167,ココペリ,4167.T,グロース,intraday_5m,276.0,-0.0036101083032491488,0.5454545454545454,0.005200027457506273,43.75,-0.03157894736842104,2101460096.0,,1.2908355,-0.15001,,0.03157894736842106,19.0
2026-03-09 11:05:00+09:00,4168,ヤプリ,4168.T,グロース,intraday_5m,697.0,0.001436781609195359,0.0,0.0035255099319547777,27.77777777777777,-0.05937921727395412,8895717376.0,11.998623,3.0227597,0.35749,1.89,0.042105263157894736,19.0
2026-03-09 11:00:00+09:00,4169,ＥＮＥＣＨＡＮＧＥ,4169.T,グロース,intraday_5m,241.0,-0.004132231404958664,0.12684989429175475,0.00751204253895306,9.090909090909093,-0.07307692307692304,10306804736.0,,2.2636547,-0.5276,,0.03157894736842106,19.0
2026-03-09 11:00:00+09:00,4170,Ｋａｉｚｅｎ　Ｐｌａｔｆｏｒｍ,4170.T,グロース,intraday_5m,162.0,0.006211180124223503,0.0,0.009383176549833595,33.33333333333333,-0.05813953488372092,2756010752.0,,0.9242302,0.00977,,0.04,20.0
2026-03-09 11:00:00+09:00,4175,ｃｏｌｙ,4175.T,グロース,intraday_5m,1734.0,-0.0011520737327188613,0.0,0.01189188585859946,35.82089552238807,-0.04039845047039292,9541752832.0,63.12341,1.8186489,,,0.01,20.0
2026-03-09 11:05:00+09:00,4176,ココナラ,4176.T,グロース,intraday_5m,271.0,0.0,0.0,0.01072687367222246,12.5,-0.06872852233676974,6070375424.0,21.221613,2.4247956,0.0825,,0.06,20.0
2026-03-09 10:45:00+09:00,4177,ｉ‐ｐｌｕｇ,4177.T,グロース,intraday_5m,1625.0,0.0,0.0,0.005676238038446659,20.560747663551396,-0.028110047846889974,6472729088.0,10.8958025,3.8817463,0.3032,6.46,0.01,20.0
2026-03-09 10:30:00+09:00,4178,Ｓｈａｒｉｎｇ　Ｉｎｎｏｖａｔｉｏｎｓ,4178.T,グロース,intraday_5m,560.0,0.0,6.222222222222221,0.007239299551203469,,0.0,2096416000.0,32.786884,1.3029317,0.014400001,,0.03333333333333334,18.0
2026-03-09 10:55:00+09:00,4179,ジーネクスト,4179.T,グロース,intraday_5m,281.0,0.0,0.0,0.00486402994171697,21.42857142857143,-0.0174825174825175,1524232832.0,,19.542389,-0.71055,,0.011111111111111112,18.0
2026-03-09 11:00:00+09:00,4192,スパイダープラス,4192.T,グロース,intraday_5m,238.0,0.0,1.7641653905053598,0.005234472290272465,14.285714285714292,-0.09505703422053235,8428874752.0,,3.1743069,-0.00654,,0.037500000000000006,16.0
2026-03-09 11:05:00+09:00,4199,ワンダープラネット,4199.T,グロース,intraday_5m,966.0,0.006250000000000089,0.0,0.009546081963321379,38.18181818181818,-0.055718475073313734,2462871040.0,,0.7455706,,,0.01,20.0
2026-03-09 10:15:00+09:00,4255,ＴＨＥＣＯＯ,4255.T,グロース,intraday_5m,1985.0,0.044736842105263186,1.7560975609756098,0.030390618548273816,,-0.01586514625681701,4168591360.0,38.74683,7.71911,0.38926,,0.05,20.0
2026-03-09 10:50:00+09:00,4256,サインド,4256.T,グロース,intraday_5m,1314.0,0.003053435114503733,0.1090909090909091,0.005927525063867457,37.037037037037045,-0.03947368421052633,7954266112.0,57.180157,2.2922938,0.061869998,,0.042105263157894736,19.0
2026-03-09 11:05:00+09:00,4258,網屋,4258.T,グロース,intraday_5m,2948.0,0.002380142808568575,0.14634146341463414,0.012896668579304608,40.90909090909091,-0.07295597484276728,24204861440.0,48.791794,8.352955,0.30264,0.99,0.030000000000000006,20.0
2026-03-09 11:05:00+09:00,4259,エクサウィザーズ,4259.T,グロース,intraday_5m,624.0,0.0016051364365972098,0.0,0.0054206454547933445,45.45454545454546,-0.07280832095096579,52906172416.0,,14.115092,-0.31689,,0.01,20.0
2026-03-09 11:05:00+09:00,4260,ハイブリッドテクノロジーズ,4260.T,グロース,intraday_5m,272.0,0.0,0.0,0.002948699934202554,25.0,-0.021582733812949617,3126223360.0,172.1519,1.5166299,-0.0108,,0.02,20.0
2026-03-09 10:35:00+09:00,4261,アジアクエスト,4261.T,グロース,intraday_5m,3590.0,0.01412429378531077,3.7714285714285714,0.010636683105628006,21.59090909090908,-0.04266666666666663,5289839616.0,18.33972,2.6891224,0.1586,,0.044444444444444446,18.0
2026-03-09 10:35:00+09:00,4262,ニフティライフスタイル,4262.T,グロース,intraday_5m,1456.0,0.002064693737095613,0.2181818181818182,0.006631075756711859,45.58823529411765,-0.00952380952380949,9247225856.0,12.930728,1.5525781,0.1234,3.67,0.042105263157894736,19.0
2026-03-09 11:05:00+09:00,4263,サスメド,4263.T,グロース,intraday_5m,982.0,0.0010193679918450993,0.14354066985645933,0.005423705900180652,40.476190476190474,-0.04474708171206221,16558431232.0,,3.9850662,-0.060539998,,0.02,20.0
2026-03-09 11:05:00+09:00,4264,セキュア,4264.T,グロース,intraday_5m,1820.0,0.004969630038652584,0.0,0.008841486386533844,77.21518987341771,-0.03139968068121346,10191512576.0,53.814312,3.5018787,0.0889,,0.02,20.0
2026-03-09 11:05:00+09:00,4265,Ｉｎｓｔｉｔｕｔｉｏｎ　ｆｏｒ　ａ　Ｇｌｏｂａｌ　Ｓｏｃｉｅｔｙ,4265.T,グロース,intraday_5m,280.0,-0.007092198581560294,0.0,0.010121716204810942,58.33333333333333,-0.02777777777777779,1334424064.0,,2.0032625,-0.17297001,,0.0,20.0
2026-03-09 10:55:00+09:00,4270,ＢｅｅＸ,4270.T,グロース,intraday_5m,2028.0,0.0,0.0,0.02097263789183502,,-0.03336510962821737,4527915520.0,10.788382,1.5545913,0.15969,1.19,0.01,20.0
2026-03-09 11:00:00+09:00,4308,Ｊストリーム,4308.T,グロース,intraday_5m,381.0,-0.002617801047120394,0.0,0.005944508896531583,33.33333333333333,-0.03544303797468351,9474074624.0,18.805529,0.8935272,0.04356,3.54,0.030000000000000006,20.0
2026-03-09 11:05:00+09:00,4316,ビーマップ,4316.T,グロース,intraday_5m,1081.0,0.001853568118628468,0.05555555555555555,0.004895189045523751,30.769230769230774,-0.09083263246425566,3794488320.0,,11.995518,-0.53535,,0.02,20.0
2026-03-09 10:40:00+09:00,4370,モビルス,4370.T,グロース,intraday_5m,375.0,-0.01055408970976257,0.23529411764705882,0.01662982026161069,52.30769230769231,-0.02849740932642486,2263690496.0,24.654833,1.7164907,0.05572,,0.02,20.0
2026-03-09 11:05:00+09:00,4371,コアコンセプト・テクノロジー,4371.T,グロース,intraday_5m,1010.0,0.001984126984126977,0.0,0.004533898674121188,51.72413793103448,-0.057835820895522416,16126580736.0,11.925847,3.2400458,0.32461,1.96,0.03333333333333334,18.0
2026-03-09 11:00:00+09:00,4372,ユミルリンク,4372.T,グロース,intraday_5m,1108.0,0.0072727272727273196,1.8461538461538463,0.004987178543694824,51.72413793103448,-0.010714285714285676,4245593344.0,9.503388,1.4150467,0.12385,3.48,0.02,20.0
2026-03-09 11:05:00+09:00,4374,ＲＯＢＯＴ　ＰＡＹＭＥＮＴ,4374.T,グロース,intraday_5m,2179.0,0.0,0.0,0.00956719882243269,23.69942196531791,-0.038817820908689904,8049186816.0,19.57596,6.2299147,0.44499,1.37,0.05555555555555555,18.0
2026-03-09 11:05:00+09:00,4375,セーフィー,4375.T,グロース,intraday_5m,796.0,0.005050505050504972,0.5401929260450161,0.003664526605091531,23.07692307692308,-0.039806996381182125,44340600832.0,,4.874375,0.04902,,0.02,20.0
2026-03-09 10:50:00+09:00,4376,くふうカンパニーホールディングス,4376.T,グロース,intraday_5m,158.0,-0.012499999999999956,0.0,0.00601808782532262,10.0,-0.048192771084337394,9446744064.0,,1.1643245,-0.16837999,,0.04,20.0
2026-03-09 11:05:00+09:00,4377,ワンキャリア,4377.T,グロース,intraday_5m,1983.0,0.003034901365705611,0.0,0.004917834357127224,35.9375,-0.04663461538461533,35700768768.0,58.135445,6.5488772,0.31381,1.63,0.030000000000000006,20.0
2026-03-09 09:50:00+09:00,4378,ＣＩＮＣ,4378.T,グロース,intraday_5m,496.0,0.031185031185031242,0.0,0.014881152300244754,,0.002020202020202033,1449081856.0,,1.3462164,,,0.03529411764705883,17.0
2026-03-09 11:05:00+09:00,4379,Ｐｈｏｔｏｓｙｎｔｈ,4379.T,グロース,intraday_5m,459.0,0.0021834061135370675,0.0,0.015211574304173227,28.57142857142857,-0.07085020242914974,7095589376.0,39.534885,2.97147,0.098620005,,0.04,20.0
2026-03-09 11:00:00+09:00,4380,Ｍマート,4380.T,グロース,intraday_5m,1229.0,-0.0008130081300813385,0.0,0.012859246457590321,,-0.005663430420711935,6010257408.0,15.157868,3.1533358,0.2245,2.02,0.030000000000000006,20.0
2026-03-09 11:05:00+09:00,4381,ビープラッツ,4381.T,グロース,intraday_5m,540.0,-0.001848428835489857,0.0,0.0018574527956947066,27.272727272727266,-0.00917431192660545,1338308480.0,,4.956493,-0.46258998,,0.01,20.0
2026-03-09 10:20:00+09:00,4387,ＺＵＵ,4387.T,グロース,intraday_5m,675.0,-0.0014792899408283544,0.5555555555555556,0.004481807508774536,,-0.0014792899408283544,3206004224.0,475.3521,2.4718573,0.04073,,0.030000000000000006,20.0
2026-03-09 10:55:00+09:00,4389,プロパティデータバンク,4389.T,グロース,intraday_5m,838.0,0.0,0.0,0.007689621740630226,,-0.019883040935672502,9907083264.0,16.09372,2.3442526,0.16114001,1.4,0.03157894736842106,19.0
2026-03-09 11:05:00+09:00,4391,ロジザード,4391.T,グロース,intraday_5m,1032.0,-0.0009680542110358514,0.0,0.00953009350564126,,-0.027332704995287505,3362306560.0,15.945612,2.0281863,0.16024,1.7,0.01,20.0
2026-03-09 11:05:00+09:00,4393,バンク・オブ・イノベーション,4393.T,グロース,intraday_5m,4790.0,0.003141361256544517,0.08571428571428572,0.006646055867829476,40.90909090909091,-0.0876190476190476,19036624896.0,14.079952,3.1029546,0.20327,,0.02,20.0
2026-03-09 09:35:00+09:00,4394,エクスモーション,4394.T,グロース,intraday_5m,772.0,-0.006435006435006385,0.5384615384615384,0.00871694439005115,,-0.01025641025641022,2335626496.0,17.454216,1.3994178,0.07775,2.69,0.05,20.0
2026-03-09 11:05:00+09:00,4395,アクリート,4395.T,グロース,intraday_5m,1092.0,0.003676470588235281,0.0,0.004860363717509059,20.370370370370367,-0.08158116063919263,7916873216.0,49.36709,2.3063323,0.24018,0.84,0.04,20.0
2026-03-09 11:05:00+09:00,4397,チームスピリット,4397.T,グロース,intraday_5m,421.0,0.004773269689737569,0.09090909090909091,0.011538752217489593,45.00000000000001,-0.05180180180180183,6939589120.0,19.118982,4.0699134,0.2707,,0.05,20.0
2026-03-09 11:00:00+09:00,4412,サイエンスアーツ,4412.T,グロース,intraday_5m,1969.0,0.0035677879714577365,3.8048780487804876,0.004571038753652825,20.83333333333333,-0.07775175644028098,15941834752.0,137.6923,11.049692,0.121709995,0.05,0.02,20.0
2026-03-09 11:05:00+09:00,4414,フレクト,4414.T,グロース,intraday_5m,1207.0,0.004995836802664355,0.2,0.009979816553923253,41.935483870967744,-0.05481597494126855,7418756608.0,10.801862,2.3118665,0.25643998,,0.030000000000000006,20.0
2026-03-09 11:05:00+09:00,4415,ブロードエンタープライズ,4415.T,グロース,intraday_5m,1250.0,0.002405773857257376,0.0,0.013587330727254482,43.85964912280702,-0.07338769458858418,7680867328.0,16.666666,4.705723,0.29368,3.14,0.04,20.0
2026-03-09 11:00:00+09:00,4416,Ｔｒｕｅ　Ｄａｔａ,4416.T,グロース,intraday_5m,506.0,0.01200000000000001,0.0,0.010982142906563935,54.929577464788736,-0.007843137254901933,2449647104.0,56.03544,2.1805832,0.04402,,0.04,20.0
2026-03-09 11:05:00+09:00,4417,グローバルセキュリティエキスパート,4417.T,グロース,intraday_5m,2310.0,0.0026041666666667407,0.5882352941176471,0.004669990794597181,51.515151515151516,-0.07968127490039845,34758209536.0,51.991898,8.675535,,1.3,0.030000000000000006,20.0
2026-03-09 11:05:00+09:00,4418,ＪＤＳＣ,4418.T,グロース,intraday_5m,854.0,0.009456264775413725,1.2567567567567568,0.017957357368074505,36.206896551724135,-0.09341825902335454,13468319744.0,26.124199,2.1449363,0.099209994,,0.04,20.0
2026-03-09 11:05:00+09:00,4419,Ｆｉｎａｔｅｘｔホールディングス,4419.T,グロース,intraday_5m,889.0,0.003386004514672747,0.15584415584415584,0.005804702919099582,37.77777777777778,-0.07105538140020895,45605834752.0,52.479336,4.5453153,0.11806,,0.030000000000000006,20.0
2026-03-09 11:05:00+09:00,4422,ＶＡＬＵＥＮＥＸ,4422.T,グロース,intraday_5m,299.0,-0.0033333333333332993,0.0,0.01122020416799377,38.095238095238095,-0.07999999999999996,2555283968.0,,3.6040597,-0.01958,,0.02,20.0
2026-03-09 10:50:00+09:00,4424,Ａｍａｚｉａ,4424.T,グロース,intraday_5m,256.0,0.0,0.0,0.011834373009049657,19.354838709677423,-0.05882352941176472,1683787776.0,,1.992652,,,0.01,20.0
2026-03-09 11:05:00+09:00,4425,Ｋｕｄａｎ,4425.T,グロース,intraday_5m,1944.0,0.009870129870129807,1.1534195933456564,0.005381929335998848,53.27102803738317,-0.07118967988533209,21940371456.0,,8.472249,-0.17343001,,0.05,20.0
2026-03-09 10:50:00+09:00,4427,ＥｄｕＬａｂ,4427.T,グロース,intraday_5m,191.0,-0.010362694300518172,0.0,0.008676583332115614,23.529411764705884,-0.054455445544554504,1952013568.0,117.90124,1.5108489,-0.05057,,0.025,16.0
2026-03-09 10:40:00+09:00,4428,シノプス,4428.T,グロース,intraday_5m,690.0,-0.0028901734104046506,0.26666666666666666,0.009958580447810434,47.88732394366197,-0.017094017094017144,4307960320.0,20.517395,2.2701774,0.11851,2.56,0.047058823529411764,17.0
2026-03-09 09:30:00+09:00,4429,リックソフト,4429.T,グロース,intraday_5m,946.0,-0.004210526315789442,0.0,0.003103923093981924,,0.0010582010582009804,4257126656.0,14.742092,1.3030697,0.104090005,,0.030000000000000006,20.0
2026-03-09 11:05:00+09:00,4431,スマレジ,4431.T,グロース,intraday_5m,2277.0,0.003083700440528636,0.18691588785046728,0.005734084178854898,23.76237623762377,-0.07551766138855054,43857113088.0,25.328142,5.302513,0.22948,0.81,0.030000000000000006,20.0
2026-03-09 10:55:00+09:00,4436,ミンカブ・ジ・インフォノイド,4436.T,グロース,intraday_5m,426.0,0.0023529411764706687,0.9836065573770492,0.007530966658559068,30.0,-0.05752212389380529,6547469824.0,,5.9179816,-1.42638,,0.03333333333333334,18.0
2026-03-09 10:55:00+09:00,4437,ｇｏｏｄｄａｙｓホールディングス,4437.T,グロース,intraday_5m,815.0,0.006172839506172867,0.0,0.015897775957959204,33.56164383561644,-0.055619930475086954,5569460736.0,20.26355,1.6127819,0.19607,0.58,0.05,20.0
2026-03-09 11:05:00+09:00,4438,Ｗｅｌｂｙ,4438.T,グロース,intraday_5m,330.0,-0.0060240963855421326,0.0,0.009935528526457956,26.66666666666667,-0.09589041095890416,2730932224.0,,10.04016,-0.9352,,0.02,20.0
2026-03-09 11:00:00+09:00,4442,バルテス・ホールディングス,4442.T,グロース,intraday_5m,428.0,-0.002331002331002363,0.0,0.005011345388874781,42.857142857142854,-0.02505694760820043,8476237824.0,16.60846,2.4809148,0.17934999,0.91,0.047058823529411764,17.0
2026-03-09 10:05:00+09:00,4444,インフォネット,4444.T,グロース,intraday_5m,860.0,-0.02934537246049662,3.6,0.009986655940942446,23.456790123456784,-0.05908096280087527,1742772736.0,,1.7468846,-0.035099998,,0.047058823529411764,17.0
2026-03-09 10:10:00+09:00,4445,リビン・テクノロジーズ,4445.T,グロース,intraday_5m,3680.0,-0.010752688172043001,0.6923076923076923,0.013589088984184223,,-0.009421265141319024,4486663168.0,15.624336,2.7842383,0.19233999,,0.05,16.0
2026-03-09 11:05:00+09:00,4447,ピー・ビーシステムズ,4447.T,グロース,intraday_5m,467.0,-0.002136752136752129,0.21052631578947367,0.0050025541325192,33.33333333333333,-0.00849256900212314,2718876416.0,33.62131,2.6193428,0.049889997,4.25,0.01,20.0
2026-03-09 11:00:00+09:00,4448,ｋｕｂｅｌｌ,4448.T,グロース,intraday_5m,283.0,0.0035460992907800915,0.34177215189873417,0.006146214971044428,30.0,-0.0374149659863946,11857571840.0,,5.950754,-0.24434,,0.047058823529411764,17.0
2026-03-09 10:15:00+09:00,4450,パワーソリューションズ,4450.T,グロース,intraday_5m,2100.0,-0.00803023145961268,3.0,0.01169679325832924,48.8,0.011560693641618602,6492431360.0,16.082094,1.8272245,0.07672,1.25,0.042105263157894736,19.0
2026-03-09 11:05:00+09:00,4475,ＨＥＮＮＧＥ,4475.T,グロース,intraday_5m,966.0,0.004158004158004047,0.3625,0.00439179067830533,44.444444444444436,-0.060311284046692615,30112217088.0,22.863905,9.185304,0.3763,0.58,0.0,20.0
2026-03-09 10:55:00+09:00,4476,ＡＩ　ＣＲＯＳＳ,4476.T,グロース,intraday_5m,955.0,-0.002089864158829724,0.8842105263157896,0.0069045238657031195,28.57142857142857,-0.03144016227180524,3589315840.0,41.039967,1.8518196,0.28649,,0.030000000000000006,20.0
2026-03-09 11:05:00+09:00,4477,ＢＡＳＥ,4477.T,グロース,intraday_5m,301.0,0.0033333333333334103,0.4349927501208313,0.00391390809267515,42.857142857142854,-0.0444444444444444,34640850944.0,103.7931,2.321832,0.12745,3.17,0.04,20.0
2026-03-09 11:05:00+09:00,4478,フリー,4478.T,グロース,intraday_5m,2428.0,0.004966887417218624,0.1090909090909091,0.005476974383258779,40.35087719298246,0.0053830227743272285,143824142336.0,164.83368,7.1367474,0.045560002,,0.02,20.0
2026-03-09 11:05:00+09:00,4479,マクアケ,4479.T,グロース,intraday_5m,1180.0,0.0008481764206955678,0.20512820512820512,0.004471293104302187,44.18604651162791,-0.08456167571761053,15043197952.0,37.060303,2.6360881,0.109639995,,0.030000000000000006,20.0
2026-03-09 11:00:00+09:00,4482,ウィルズ,4482.T,グロース,intraday_5m,715.0,0.0,0.0,0.00537048469945964,22.0,-0.03897849462365588,14458936320.0,21.594685,5.571704,0.35446,2.42,0.042105263157894736,19.0
2026-03-09 11:05:00+09:00,4484,ランサーズ,4484.T,グロース,intraday_5m,308.0,0.006535947712418277,0.0,0.003414133635927452,46.15384615384615,-0.012820512820512775,5003518976.0,31.048388,3.4459612,0.1445,1.28,0.042105263157894736,19.0
2026-03-09 11:05:00+09:00,4486,ユナイトアンドグロウ,4486.T,グロース,intraday_5m,651.0,-0.007621951219512146,0.0,0.007796133556942133,29.629629629629633,-0.03555555555555556,5140410368.0,14.570277,2.8017592,0.18837999,2.37,0.05,16.0
2026-03-09 11:05:00+09:00,4487,スペースマーケット,4487.T,グロース,intraday_5m,288.0,-0.0034602076124568004,0.0,0.006515990089863922,44.444444444444436,-0.023728813559321993,3483501056.0,14.723927,3.4715943,-0.09259,,0.05,20.0
2026-03-09 11:05:00+09:00,4488,ＡＩ　ｉｎｓｉｄｅ,4488.T,グロース,intraday_5m,2203.0,0.0004541326067211138,0.0,0.007063461852637509,50.0,-0.03249890206411943,8710836224.0,,1.8246466,-0.08179,,0.04,20.0
2026-03-09 10:55:00+09:00,4490,ビザスク,4490.T,グロース,intraday_5m,513.0,-0.0019455252918287869,0.5106382978723404,0.00804388863387877,15.686274509803908,-0.06557377049180324,4751111168.0,16.775671,3.4109497,0.81455004,,0.05,20.0
2026-03-09 11:05:00+09:00,4493,サイバーセキュリティクラウド,4493.T,グロース,intraday_5m,1580.0,0.003811944091486552,0.05286343612334801,0.003980391982600936,53.84615384615384,-0.0453172205438066,16188027904.0,29.64909,3.663301,0.26808,0.36,0.030000000000000006,20.0
2026-03-09 11:05:00+09:00,4495,アイキューブドシステムズ,4495.T,グロース,intraday_5m,2210.0,0.0,0.0,0.011897016695307024,67.34693877551021,-0.03619712167466205,10808185856.0,15.445904,3.809721,0.25608,1.57,0.05,20.0
2026-03-09 11:00:00+09:00,4496,コマースＯｎｅホールディングス,4496.T,グロース,intraday_5m,785.0,0.0038363171355497716,0.0,0.0026223364402008396,,-0.0038071065989847552,5517098496.0,32.451424,2.0868778,0.086,2.79,0.037500000000000006,16.0
2026-03-09 11:05:00+09:00,4498,サイバートラスト,4498.T,グロース,intraday_5m,1185.0,0.003386960203217715,0.0,0.004042163476901945,45.65217391304348,-0.05877680698967436,19217387520.0,21.739132,2.7073338,0.13874,0.91,0.02,20.0
2026-03-09 11:00:00+09:00,4563,アンジェス,4563.T,グロース,intraday_5m,56.0,0.0,0.02666666666666667,0.011549874763754159,66.66666666666666,-0.03448275862068961,21620330496.0,,7.053785,-1.9587101,,0.02,20.0
2026-03-09 11:05:00+09:00,4564,オンコセラピー・サイエンス,4564.T,グロース,intraday_5m,20.0,0.0,0.39300134589502017,0.024410205548512618,50.0,-0.04761904761904767,6872871936.0,,3.2216494,-0.59407,,0.01,20.0
2026-03-09 11:05:00+09:00,4570,免疫生物研究所,4570.T,グロース,intraday_5m,1380.0,0.002178649237472685,0.6873508353221958,0.004769127214208621,37.254901960784316,-0.0830564784053156,12852572160.0,40.221508,7.2942934,0.23038,0.8,0.01,20.0
2026-03-09 11:05:00+09:00,4571,ＮＡＮＯホールディングス,4571.T,グロース,intraday_5m,166.0,0.0060606060606061,0.17671421997238843,0.005680381815961874,50.0,-0.07262569832402233,11950925824.0,,4.5023055,-0.31370002,,0.030000000000000006,20.0
2026-03-09 11:00:00+09:00,4572,カルナバイオサイエンス,4572.T,グロース,intraday_5m,308.0,0.0,0.3,0.00574525720676834,42.857142857142854,-0.060975609756097615,5898377216.0,,19.064125,-1.55964,,0.021052631578947368,19.0
2026-03-09 11:05:00+09:00,4575,キャンバス,4575.T,グロース,intraday_5m,750.0,0.004016064257028162,0.3629489603024575,0.004661822144669515,32.14285714285715,-0.06832298136645965,14777291776.0,,6.2194214,-0.46145,,0.01,20.0
2026-03-09 11:00:00+09:00,4576,デ・ウエスタン・セラピテクス研究所,4576.T,グロース,intraday_5m,95.0,0.010638297872340496,0.02390438247011952,0.008252167292024335,42.857142857142854,-0.04040404040404044,5004298240.0,,3.5904608,-0.58275,,0.022222222222222223,18.0
2026-03-09 11:05:00+09:00,4579,ラクオリア創薬,4579.T,グロース,intraday_5m,833.0,0.004825090470446325,0.41447368421052627,0.005246354475419557,41.02564102564102,-0.07341490545050056,21669988352.0,,2.9543407,0.04381,,0.030000000000000006,20.0
2026-03-09 11:05:00+09:00,4582,シンバイオ製薬,4582.T,グロース,intraday_5m,112.0,0.0,0.026112759643916916,0.008265143342659579,33.33333333333333,-0.07438016528925617,5461597696.0,,5.2368264,-1.7464501,,0.02,20.0
2026-03-09 11:05:00+09:00,4583,カイオム・バイオサイエンス,4583.T,グロース,intraday_5m,103.0,0.009803921568627416,0.0,0.00906322314895892,39.99999999999999,-0.03738317757009346,7008289792.0,,6.282787,-0.64606005,,0.03157894736842106,19.0
2026-03-09 11:05:00+09:00,4584,キッズウェル・バイオ,4584.T,グロース,intraday_5m,256.0,0.0039215686274509665,0.0,0.008318395654296495,53.846153846153854,-0.06569343065693434,12692537344.0,37.647057,6.59318,,,0.030000000000000006,20.0
2026-03-09 11:05:00+09:00,4586,メドレックス,4586.T,グロース,intraday_5m,97.0,0.0,0.5949798574527425,0.006876703631685241,0.0,-0.09345794392523366,4607024128.0,,2.816002,-0.4446,,0.030000000000000006,20.0
2026-03-09 11:05:00+09:00,4588,オンコリスバイオファーマ,4588.T,グロース,intraday_5m,2910.0,0.0065721203735731315,0.30197444831591175,0.006896738817091388,50.0,-0.07619047619047614,72305819648.0,,42.476788,-1.1009201,,0.030000000000000006,20.0
2026-03-09 11:05:00+09:00,4591,リボミック,4591.T,グロース,intraday_5m,90.0,0.0,0.0,0.00693695139870201,0.0,-0.07216494845360821,4643111424.0,,1.5164535,-0.32939,,0.01,20.0
2026-03-09 11:05:00+09:00,4592,サンバイオ,4592.T,グロース,intraday_5m,2027.0,0.00745526838966204,0.46244284781188766,0.00491069995274774,43.037974683544306,-0.06417359187442295,158162337792.0,,296.64862,-6.21247,,0.02,20.0
2026-03-09 11:05:00+09:00,4593,ヘリオス,4593.T,グロース,intraday_5m,399.0,0.005037783375314797,0.6725162751202943,0.006271320279428521,23.529411764705884,-0.11135857461024501,46175035392.0,,9.434631,-0.63841,,0.02,20.0
2026-03-09 11:05:00+09:00,4594,ブライトパス・バイオ,4594.T,グロース,intraday_5m,63.0,0.0,0.0,0.012760880334893539,39.99999999999999,-0.08695652173913049,7017646592.0,,6.404392,,,0.02,20.0
2026-03-09 11:05:00+09:00,4596,窪田製薬ホールディングス,4596.T,グロース,intraday_5m,115.0,-0.008620689655172376,0.25678696901948256,0.01909026667442739,43.75,-0.04958677685950408,13271472128.0,,7.316918,-0.42218,,0.01,20.0
2026-03-09 11:00:00+09:00,4597,ソレイジア・ファーマ,4597.T,グロース,intraday_5m,31.0,0.0,0.07147962830593281,0.022102879776377527,42.857142857142854,-0.08823529411764708,8162295808.0,,4.658852,-0.60248,,0.021052631578947368,19.0
2026-03-09 11:05:00+09:00,4598,Ｄｅｌｔａ－Ｆｌｙ　Ｐｈａｒｍａ,4598.T,グロース,intraday_5m,223.0,0.0,0.4969801553062985,0.00452503533119248,25.0,-0.07468879668049788,2711613440.0,,12.948554,-3.70982,,0.01,20.0
2026-03-09 11:05:00+09:00,4599,ステムリム,4599.T,グロース,intraday_5m,284.0,0.007092198581560183,0.0,0.00934339300263958,50.0,-0.053333333333333344,17801426944.0,,2.588289,-0.24917999,,0.02,20.0
2026-03-09 10:55:00+09:00,4772,ＳＭ　ＥＮＴＥＲＴＡＩＮＭＥＮＴ　ＪＡＰＡＮ,4772.T,グロース,intraday_5m,95.0,0.0,0.0,0.0063962501811963,33.33333333333333,-0.020618556701030966,11010016256.0,29.320988,1.473828,0.04812,1.03,0.04,20.0
2026-03-09 10:55:00+09:00,4811,ドリーム・アーツ,4811.T,グロース,intraday_5m,758.0,-0.006553079947575369,0.0,0.008605666811553806,43.33333333333333,-0.05603985056039851,8803449856.0,11.755583,3.1815853,0.28987,2.49,0.030000000000000006,20.0
2026-03-09 11:05:00+09:00,4833,Ｄｅｆ　ｃｏｎｓｕｌｔｉｎｇ,4833.T,グロース,intraday_5m,66.0,-0.014925373134328401,0.2315238718116416,0.010873092200889617,50.0,-0.10810810810810811,4791733248.0,,1.455283,-0.59914,,0.01,20.0
2026-03-09 11:05:00+09:00,4881,ファンペップ,4881.T,グロース,intraday_5m,105.0,0.0,2.023080782739589,0.014013707849500985,60.0,-0.0625,4259197696.0,,2.9132679,-0.95312,,0.02,20.0
2026-03-09 11:05:00+09:00,4882,ペルセウスプロテオミクス,4882.T,グロース,intraday_5m,289.0,0.010489510489510412,0.28830363116598745,0.01893221567116822,55.55555555555556,0.24034334763948495,4262590976.0,,4.818514,-0.59966,,0.021052631578947368,19.0
2026-03-09 11:05:00+09:00,4883,モダリス,4883.T,グロース,intraday_5m,55.0,0.0185185185185186,0.5490335165809541,0.015795900794617675,39.99999999999999,-0.06779661016949157,4231355392.0,,1.3665614,-0.67894,,0.04000000000000001,15.0
2026-03-09 11:00:00+09:00,4884,クリングルファーマ,4884.T,グロース,intraday_5m,391.0,0.0,0.0,0.007080488703077979,23.529411764705884,-0.05783132530120483,2839448576.0,,2.292368,-0.58035,,0.021052631578947368,19.0
2026-03-09 11:05:00+09:00,4888,ステラファーマ,4888.T,グロース,intraday_5m,423.0,0.011961722488038173,0.4079147640791476,0.008070609677473792,39.130434782608695,-0.09999999999999998,14392571904.0,,5.3399653,-0.09843001,,0.02,20.0
2026-03-09 11:05:00+09:00,4889,レナサイエンス,4889.T,グロース,intraday_5m,1887.0,0.006399999999999961,0.3341772151898734,0.006400411372221859,39.024390243902445,-0.0672268907563025,23986978816.0,717.4905,9.968199,-0.12404,,0.02,20.0
2026-03-09 11:00:00+09:00,4890,坪田ラボ,4890.T,グロース,intraday_5m,281.0,0.0,0.0,0.007956169562135197,31.25,-0.03103448275862064,7248198144.0,,6.555771,-0.31094998,,-0.020000000000000004,20.0
2026-03-09 11:00:00+09:00,4891,ティムス,4891.T,グロース,intraday_5m,136.0,0.007407407407407307,0.0,0.010829210301018116,50.0,-0.04895104895104896,6186062848.0,,2.1517284,,,0.02,20.0
2026-03-09 11:05:00+09:00,4892,サイフューズ,4892.T,グロース,intraday_5m,606.0,0.004975124378109541,6.666666666666667,0.007964974583978698,29.411764705882362,-0.05312499999999998,6033881600.0,,2.114261,-0.28803,,0.0,20.0
2026-03-09 11:00:00+09:00,4893,ノイルイミューン・バイオテック,4893.T,グロース,intraday_5m,143.0,0.0,0.0,0.01675455771736595,25.0,-0.05921052631578949,6192134656.0,,1.5752022,-0.18325001,,-0.01,20.0
2026-03-09 11:05:00+09:00,4894,クオリプス,4894.T,グロース,intraday_5m,7030.0,0.004285714285714226,0.822857142857143,0.007584755803639717,46.875,-0.023611111111111138,57958203392.0,,11.568494,-0.14713,,0.0,20.0
2026-03-09 11:05:00+09:00,4896,ケイファーマ,4896.T,グロース,intraday_5m,808.0,0.002481389578163684,2.2439024390243905,0.00422528597984461,48.38709677419355,-0.0723306544202067,9376517120.0,,7.413048,-0.56372,,0.02,20.0
2026-03-09 11:05:00+09:00,4934,プレミアアンチエイジング,4934.T,グロース,intraday_5m,700.0,0.0014306151645206988,0.0,0.006433521916441667,31.034482758620683,-0.05913978494623651,6104265216.0,12.960564,0.87091863,0.068670005,,0.030000000000000006,20.0
2026-03-06 14:05:00+09:00,4937,Ｗａｑｏｏ,4937.T,グロース,intraday_5m,1530.0,-0.0006531678641410466,0.16,0.004853517140301657,,0.0,5389646848.0,125.0,2.6105516,0.02931,,0.02,20.0
2026-03-09 11:05:00+09:00,4978,リプロセル,4978.T,グロース,intraday_5m,175.0,0.005747126436781658,0.42585551330798477,0.005741656817125224,30.0,-0.08854166666666663,16569986048.0,,1.8855321,-0.03665,,0.02,20.0
2026-03-09 09:15:00+09:00,5025,マーキュリー,5025.T,グロース,intraday_5m,712.0,0.06746626686656665,2.0,0.04673518335991581,,0.014245014245014342,1842726528.0,12.789654,1.9276638,0.067930005,,0.022222222222222223,18.0
2026-03-09 11:05:00+09:00,5026,トリプルアイズ,5026.T,グロース,intraday_5m,633.0,0.0015822784810126667,0.11009174311926605,0.010538796020753662,24.0,-0.09182209469153513,5309667328.0,,3.8955762,-0.21285,,0.02,20.0
2026-03-09 11:05:00+09:00,5027,ＡｎｙＭｉｎｄ　Ｇｒｏｕｐ,5027.T,グロース,intraday_5m,484.0,0.006237006237006293,0.07708779443254818,0.0073413169896008245,43.47826086956522,-0.04158415841584162,28931510272.0,16.93492,1.7128863,0.05929,0.4,0.030000000000000006,20.0
2026-03-09 11:05:00+09:00,5028,セカンドサイトアナリティカ,5028.T,グロース,intraday_5m,343.0,0.0029239766081872176,0.1791044776119403,0.011492996414576162,54.54545454545455,-0.0602739726027397,3236380672.0,19.37853,2.8570476,0.13611001,,0.02,20.0
2026-03-09 11:05:00+09:00,5029,サークレイス,5029.T,グロース,intraday_5m,599.0,-0.0016666666666667052,0.0,0.018059883980400766,15.116279069767444,-0.08966565349544076,2622094848.0,13.920521,2.5512702,0.12918,,0.01,20.0
2026-03-09 11:05:00+09:00,5031,モイ,5031.T,グロース,intraday_5m,300.0,0.0033444816053511683,0.0,0.008105883599270993,55.55555555555556,-0.025974025974025983,4189799936.0,,2.0886276,0.003,,0.02,20.0
2026-03-09 11:00:00+09:00,5033,ヌーラボ,5033.T,グロース,intraday_5m,721.0,-0.013679890560875485,0.0,0.011140665123184167,,-0.03866666666666663,4608647168.0,10.459887,2.2461898,0.19245,,0.06,20.0
2026-03-09 11:00:00+09:00,5034,ｕｎｅｒｒｙ,5034.T,グロース,intraday_5m,2615.0,-0.004567948229920016,0.0,0.01235421592907927,45.08670520231214,-0.050472040668119056,9791059968.0,33.316345,4.7208557,0.15904,,0.01,20.0
2026-03-09 11:05:00+09:00,5035,ＨＯＵＳＥＩ,5035.T,グロース,intraday_5m,436.0,-0.004566210045662156,0.0,0.013498527019666823,58.69565217391305,0.0556900726392251,2947399168.0,25.87537,0.9719321,-0.06553,0.73,0.05555555555555555,18.0
2026-03-09 11:05:00+09:00,5038,ｅＷｅＬＬ,5038.T,グロース,intraday_5m,2272.0,0.0035335689045936647,0.19199999999999998,0.005430997355934019,41.379310344827594,-0.029888983774551625,34418655232.0,35.02389,10.266977,0.37627998,0.9,0.04,20.0
2026-03-09 11:00:00+09:00,5125,ファインズ,5125.T,グロース,intraday_5m,643.0,-0.0015527950310558758,10.666666666666666,0.006458164088825936,32.55813953488372,-0.0213089802130898,2871830784.0,10.959605,1.2111372,0.1242,,0.030000000000000006,20.0
2026-03-09 09:00:00+09:00,5126,ポーターズ,5126.T,グロース,intraday_5m,1519.0,-0.05003126954346471,0.0,0.03392715609572977,,-0.05003126954346471,2451210240.0,10.450636,1.7871954,0.06143,,0.030000000000000006,20.0
2026-03-09 11:05:00+09:00,5129,ＦＩＸＥＲ,5129.T,グロース,intraday_5m,364.0,0.0,0.0,0.006160193318979406,20.0,-0.044619422572178435,5391830016.0,,1.7315522,-0.43793,,0.02,20.0
2026-03-09 11:05:00+09:00,5131,リンカーズ,5131.T,グロース,intraday_5m,134.0,-0.007407407407407418,0.0,0.011521584304375278,0.0,-0.08843537414965985,1848797952.0,,2.0542064,,,0.030000000000000006,20.0
2026-03-09 11:05:00+09:00,5132,ｐｌｕｓｚｅｒｏ,5132.T,グロース,intraday_5m,2114.0,0.004752851711026684,0.30150753768844224,0.00498076261563875,28.57142857142857,-0.07158541941150642,16595016704.0,46.89441,10.855611,0.27706,,0.030000000000000006,20.0
2026-03-09 11:00:00+09:00,5134,ＰＯＰＥＲ,5134.T,グロース,intraday_5m,457.0,0.002192982456140413,0.0,0.007605701711902556,17.14285714285714,-0.045929018789144016,1802626432.0,13.40176,2.0597184,0.17272,,0.030000000000000006,20.0
2026-03-09 11:05:00+09:00,5136,ｔｒｉｐｌａ,5136.T,グロース,intraday_5m,1271.0,0.0031570639305444903,0.21176470588235294,0.005782631761611991,39.99999999999999,-0.06406480117820323,7523558912.0,15.368803,4.5293856,0.36129,,0.030000000000000006,20.0
2026-03-09 11:05:00+09:00,5137,スマートドライブ,5137.T,グロース,intraday_5m,292.0,0.0034364261168384758,0.175609756097561,0.006775900286902835,46.666666666666664,-0.0363036303630363,10949057536.0,25.021421,8.981575,0.4953,,0.030000000000000006,20.0
2026-03-09 10:45:00+09:00,5138,Ｒｅｂａｓｅ,5138.T,グロース,intraday_5m,579.0,-0.0017241379310344307,0.0,0.013668279275392861,30.526315789473685,-0.044554455445544594,2845702656.0,10.48723,2.2320912,0.14996,,0.01,20.0
2026-03-09 11:05:00+09:00,5139,オープンワーク,5139.T,グロース,intraday_5m,879.0,0.001138952164009055,0.0,0.0071866269930002885,47.05882352941176,-0.03934426229508192,18209751040.0,18.474148,2.7862835,0.15824,,0.05,20.0
2026-03-09 11:05:00+09:00,5240,ｍｏｎｏＡＩ　ｔｅｃｈｎｏｌｏｇｙ,5240.T,グロース,intraday_5m,206.0,0.0,0.0,0.011781143750938495,37.5,-0.07623318385650224,2526548736.0,,2.0641696,-0.24138,,0.01,20.0
2026-03-09 09:45:00+09:00,5242,アイズ,5242.T,グロース,intraday_5m,1007.0,-0.0009920634920634885,0.36363636363636365,0.010482899744477886,,-0.0009920634920634885,1033108480.0,,1.7222124,-0.10759,,0.022222222222222223,18.0
2026-03-09 11:05:00+09:00,5243,ｎｏｔｅ,5243.T,グロース,intraday_5m,2032.0,0.007436787307882886,0.477751756440281,0.006511969149333408,61.41732283464567,-0.04824355971896954,37090861056.0,75.53903,11.829359,0.19139,,0.03157894736842106,19.0
2026-03-09 11:00:00+09:00,5244,ｊｉｇ．ｊｐ,5244.T,グロース,intraday_5m,229.0,0.0,0.0,0.012160685473745875,39.99999999999999,-0.04583333333333328,9548956672.0,8.917445,1.9665768,0.28293,1.22,0.030000000000000006,20.0
2026-03-09 11:05:00+09:00,5246,ＥＬＥＭＥＮＴＳ,5246.T,グロース,intraday_5m,609.0,0.006611570247933907,0.11518324607329843,0.006166809725684185,48.484848484848484,-0.08283132530120485,16546842624.0,,4.7560663,-0.27265,,0.02,20.0
2026-03-09 10:30:00+09:00,5247,ＢＴＭ,5247.T,グロース,intraday_5m,649.0,0.0,0.13953488372093023,0.014098778307146079,40.0,-0.02259036144578308,1828130432.0,35.935772,2.6116173,0.098179996,,0.022222222222222223,18.0
2026-03-09 11:05:00+09:00,5248,テクノロジーズ,5248.T,グロース,intraday_5m,526.0,0.003816793893129722,0.6315789473684211,0.0103018649047464,62.50000000000001,-0.022304832713754608,8900860928.0,20.076336,6.612859,0.19613001,,0.02,20.0
2026-03-09 10:50:00+09:00,5252,日本ナレッジ,5252.T,グロース,intraday_5m,846.0,0.018050541516245522,0.0,0.013254046973256883,35.78947368421052,-0.06415929203539827,3511657984.0,39.4958,7.5266232,0.036229998,1.51,0.01,20.0
2026-03-09 11:05:00+09:00,5253,カバー,5253.T,グロース,intraday_5m,1574.0,0.007682458386683688,0.43803355902266705,0.005506768406512714,48.611111111111114,-0.06808762581409122,103333126144.0,19.41532,4.9503236,0.31845,,0.01,20.0
2026-03-09 11:05:00+09:00,5254,Ａｒｅｎｔ,5254.T,グロース,intraday_5m,4340.0,0.0,0.15000000000000002,0.005724250301200351,33.33333333333333,-0.05032822757111599,29921296384.0,22.397688,4.439666,0.2417,,0.02,20.0
2026-03-09 11:05:00+09:00,5255,モンスターラボ,5255.T,グロース,intraday_5m,101.0,0.010000000000000009,0.0,0.008027742311804757,50.0,-0.09009009009009006,6530399744.0,,9.341473,,,0.02,20.0
2026-03-09 11:00:00+09:00,5256,Ｆｕｓｉｃ,5256.T,グロース,intraday_5m,2069.0,-0.0004830917874396601,0.0,0.017550219553539283,33.136094674556205,-0.058689717925386686,2630402560.0,15.133119,2.1465282,0.15479,,0.02,20.0
2026-03-09 11:05:00+09:00,5258,トランザクション・メディア・ネットワークス,5258.T,グロース,intraday_5m,306.0,0.003278688524590123,0.06060606060606061,0.011024527432234244,16.666666666666657,-0.06990881458966569,9080610816.0,,1.4324167,-0.06132,,0.01,20.0
2026-03-09 10:55:00+09:00,5259,ＢＢＤイニシアティブ,5259.T,グロース,intraday_5m,1015.0,-0.003925417075564264,0.0,0.011236160155324549,8.333333333333329,-0.08723021582733814,6211723776.0,,4.6551733,0.11148,0.77,0.04,20.0
2026-03-09 11:05:00+09:00,5527,ｐｒｏｐｅｒｔｙ　ｔｅｃｈｎｏｌｏｇｉｅｓ,5527.T,グロース,intraday_5m,702.0,0.0,0.0,0.0033018401557000296,64.70588235294119,-0.019553072625698276,8742956032.0,8.030199,1.0383033,0.1364,3.49,0.04,20.0
2026-03-09 11:05:00+09:00,5532,リアルゲイト,5532.T,グロース,intraday_5m,2921.0,0.0037800687285223233,0.15789473684210525,0.0054945063815290945,51.16279069767442,-0.057741935483870965,16779626496.0,30.395422,4.2525005,0.29783002,,0.04,20.0
2026-03-09 11:05:00+09:00,5537,ＡｌｂａＬｉｎｋ,5537.T,グロース,intraday_5m,2961.0,0.006800408024481452,0.0718562874251497,0.01350675806464436,35.82089552238806,-0.10408472012102876,24082405376.0,37.48576,11.967118,0.671,,0.04,20.0
2026-03-09 11:05:00+09:00,5570,ジェノバ,5570.T,グロース,intraday_5m,643.0,0.004687499999999956,0.0,0.007976431852625157,27.272727272727266,-0.04315476190476186,8508175872.0,17.303553,2.5016727,0.15685001,1.04,0.05,20.0
2026-03-09 11:05:00+09:00,5572,Ｒｉｄｇｅ－ｉ,5572.T,グロース,intraday_5m,1986.0,0.005060728744939347,0.1276595744680851,0.00966970699932215,39.361702127659576,-0.06497175141242939,8554980864.0,57.019806,2.4394917,,,0.01,20.0
2026-03-09 11:05:00+09:00,5574,ＡＢＥＪＡ,5574.T,グロース,intraday_5m,2780.0,0.004698229129020515,0.1797752808988764,0.005109204504781277,42.391304347826086,-0.08552631578947367,27547533312.0,64.396576,5.857453,0.12532,,0.02,20.0
2026-03-09 11:00:00+09:00,5575,Ｇｌｏｂｅｅ,5575.T,グロース,intraday_5m,614.0,-0.001626016260162566,0.0,0.002767585622857717,27.272727272727266,-0.025396825396825418,3123644672.0,11.615588,2.9821894,0.2967,,0.030000000000000006,20.0
2026-03-09 11:00:00+09:00,5578,ＡＲアドバンストテクノロジ,5578.T,グロース,intraday_5m,837.0,0.0023952095808383866,0.2553191489361702,0.01036378382809553,39.285714285714285,-0.06165919282511212,8180185088.0,19.109589,3.7574747,0.28108,0.78,0.04,20.0
2026-03-09 10:55:00+09:00,5580,プロディライト,5580.T,グロース,intraday_5m,1471.0,-0.019333333333333313,0.26666666666666666,0.016130753912719693,,-0.03793328973185084,2475545856.0,21.14417,2.5733337,,,0.030000000000000006,20.0
2026-03-09 11:05:00+09:00,5582,グリッド,5582.T,グロース,intraday_5m,2311.0,0.0012998266897747968,0.11428571428571428,0.005342648116251935,31.730769230769226,-0.07039420756234915,11046917120.0,27.262005,2.663013,0.114300005,,0.030000000000000006,20.0
2026-03-09 11:05:00+09:00,5586,Ｌａｂｏｒｏ．ＡＩ,5586.T,グロース,intraday_5m,772.0,0.0025974025974024872,0.11538461538461539,0.004888652726480871,33.33333333333333,-0.05276073619631905,12294200320.0,85.30386,4.6569147,,,0.030000000000000006,20.0
2026-03-09 11:05:00+09:00,5587,インバウンドプラットフォーム,5587.T,グロース,intraday_5m,690.0,0.0,0.0,0.00626192775936139,23.07692307692308,-0.046961325966850875,2380195584.0,12.062937,1.5846841,0.15379,,0.04,20.0
2026-03-09 11:05:00+09:00,5588,ファーストアカウンティング,5588.T,グロース,intraday_5m,763.0,0.006596306068601621,0.09599999999999999,0.009500455525207072,39.99999999999999,-0.04505632040050067,8446583808.0,19.449402,4.982141,0.13015,0.49,0.05,20.0
2026-03-09 11:05:00+09:00,5590,ネットスターズ,5590.T,グロース,intraday_5m,764.0,0.0,1.1029411764705883,0.004151670436035819,26.31578947368422,-0.07393939393939397,12814375936.0,41.703056,1.6844037,0.065809995,,0.030000000000000006,20.0
2026-03-09 11:05:00+09:00,5591,ＡＶＩＬＥＮ,5591.T,グロース,intraday_5m,947.0,0.007446808510638281,0.1751824817518248,0.0048389825017824606,33.33333333333333,-0.04919678714859432,5783795712.0,33.019524,7.966753,0.2723,,0.02,20.0
2026-03-09 11:05:00+09:00,5592,くすりの窓口,5592.T,グロース,intraday_5m,2548.0,0.006716712761754229,0.631578947368421,0.006800536802589704,37.87878787878788,-0.04889884285181034,28618405888.0,14.122729,2.8898394,0.29607,1.34,0.07,20.0
2026-03-09 11:05:00+09:00,5597,ブルーイノベーション,5597.T,グロース,intraday_5m,1437.0,0.0034916201117318746,0.7272727272727273,0.008440975934680482,41.935483870967744,-0.05770491803278688,6004013056.0,,28.268482,-1.5173199,,0.02,20.0
2026-03-09 11:05:00+09:00,5599,Ｓ＆Ｊ,5599.T,グロース,intraday_5m,1566.0,0.007722007722007707,0.1348314606741573,0.014608171997717764,56.043956043956044,-0.05033353547604613,8744132608.0,0.47760355,3.8359694,0.19872,1.82,0.030000000000000006,20.0
2026-03-09 10:55:00+09:00,5616,雨風太陽,5616.T,グロース,intraday_5m,784.0,0.0012771392081736277,0.0,0.008165607895154478,28.30188679245282,-0.035670356703567,1897671936.0,,5.5005193,-0.01159,,0.03333333333333334,18.0
2026-03-09 10:00:00+09:00,5618,ナイル,5618.T,グロース,intraday_5m,314.0,0.0,0.8275862068965517,0.010298787726014638,,-0.030864197530864224,2680555264.0,,6.0509124,-0.29429,,0.022222222222222223,18.0
2026-03-06 14:25:00+09:00,5619,マーソ,5619.T,グロース,intraday_5m,906.0,-0.0022026431718061845,,0.0,,0.010033444816053505,3178681088.0,767.79663,1.630787,-0.01158,,0.0,20.0
2026-03-09 11:05:00+09:00,5621,ヒューマンテクノロジーズ,5621.T,グロース,intraday_5m,1534.0,0.004584151931892544,0.17266187050359713,0.004052044405858283,61.81818181818181,0.011206328279498967,14715968512.0,22.469606,2.9221385,0.16368,1.85,0.04,20.0
2026-03-09 11:05:00+09:00,5704,ＪＭＣ,5704.T,グロース,intraday_5m,381.0,-0.0078125,0.0,0.015298915335190915,39.99999999999999,-0.05693069306930698,2115959680.0,,1.2847489,-0.55541,,-0.01,20.0
2026-03-09 11:05:00+09:00,5834,ＳＢＩリーシングサービス,5834.T,グロース,intraday_5m,5510.0,0.005474452554744547,0.26373626373626374,0.012591954758361744,50.0,-0.0692567567567568,43643199488.0,7.5917277,1.5955309,0.25305,3.63,0.06,20.0
2026-03-09 11:05:00+09:00,5842,インテグラル,5842.T,グロース,intraday_5m,3175.0,0.004746835443038,1.2467532467532467,0.007896637837774195,45.45454545454546,-0.037878787878787845,107517091840.0,18.431442,1.7264208,0.101169996,1.12,0.03529411764705883,17.0
2026-03-09 10:40:00+09:00,5858,ＳＴＧ,5858.T,グロース,intraday_5m,1534.0,0.00987491770901916,0.38709677419354843,0.020116546964968163,,-0.057739557739557745,3161076992.0,10.743802,1.0629659,0.10423,1.23,0.01,20.0
2026-03-09 09:00:00+09:00,5867,エスネットワークス,5867.T,グロース,intraday_5m,1170.0,-0.0034071550255536653,0.0,0.012490515166616662,,-0.0034071550255536653,3557306624.0,11.2230215,2.0556319,0.13262999,4.26,0.05,20.0
2026-03-09 11:05:00+09:00,5870,ナルネットコミュニケーションズ,5870.T,グロース,intraday_5m,1065.0,0.004716981132075526,0.0,0.009906875818634642,37.93103448275862,-0.05585106382978722,5678686720.0,14.503609,2.2666566,,,0.030000000000000006,20.0
2026-03-09 10:55:00+09:00,5884,クラダシ,5884.T,グロース,intraday_5m,438.0,-0.009049773755656076,0.0,0.0055375252911221825,44.827586206896555,-0.009049773755656076,5316469248.0,111.45038,3.4839325,,,0.023529411764705882,17.0
2026-03-09 11:05:00+09:00,5888,ＤＡＩＷＡ　ＣＹＣＬＥ,5888.T,グロース,intraday_5m,3950.0,-0.002525252525252486,0.0,0.006402523394185046,37.288135593220346,-0.016189290161892855,10844594176.0,11.547007,1.7525599,0.16555999,1.69,0.05,20.0
2026-03-09 11:05:00+09:00,5892,ｙｕｔｏｒｉ,5892.T,グロース,intraday_5m,2190.0,0.0036663611365719273,2.0970873786407767,0.007062172107310614,16.279069767441854,-0.06808510638297871,11255237632.0,27.090551,7.7981176,,,0.030000000000000006,20.0
2026-03-09 11:05:00+09:00,6030,アドベンチャー,6030.T,グロース,intraday_5m,1704.0,0.008284023668639007,0.45,0.004524151153280609,35.38461538461537,-0.05856353591160224,12665451520.0,,1.3340056,-0.20596,,0.010526315789473684,19.0
2026-03-09 11:05:00+09:00,6031,ＺＥＴＡ,6031.T,グロース,intraday_5m,258.0,0.0078125,3.421276595744681,0.006730733238214746,45.45454545454546,-0.040892193308550207,5271388672.0,28.891376,5.7597003,0.2634,1.67,0.030000000000000006,20.0
2026-03-09 10:55:00+09:00,6033,エクストリーム,6033.T,グロース,intraday_5m,1475.0,-0.0060646900269542,0.0,0.00464678896854729,33.92857142857143,-0.016010673782521634,7896719360.0,7.5228233,1.2115248,0.17176001,4.14,0.05,20.0
2026-03-09 10:35:00+09:00,6034,ＭＲＴ,6034.T,グロース,intraday_5m,630.0,0.012861736334405238,0.5,0.009212444427769516,,-0.007874015748031482,3476831488.0,,0.7557618,0.010779999,,0.04,20.0
2026-03-09 11:05:00+09:00,6038,イード,6038.T,グロース,intraday_5m,901.0,-0.0044198895027623974,1.4545454545454546,0.002816496074848842,22.58064516129032,-0.01851851851851849,4422515200.0,9.893489,0.90942127,0.0991,2.4,0.030000000000000006,20.0
2026-03-09 11:05:00+09:00,6039,日本動物高度医療センター,6039.T,グロース,intraday_5m,1219.0,0.0008210180623973162,0.16822429906542058,0.0038152480733196752,42.5,-0.06374807987711217,15754710016.0,22.780788,3.335714,0.17947,0.61,0.04,20.0
2026-03-09 11:05:00+09:00,6040,日本スキー場開発,6040.T,グロース,intraday_5m,447.0,0.0022421524663676085,0.10169491525423728,0.005217297682371083,43.75,-0.03870967741935483,20521066496.0,12.937772,2.3732917,0.17757,1.51,0.030000000000000006,20.0
2026-03-09 11:05:00+09:00,6045,レントラックス,6045.T,グロース,intraday_5m,1675.0,0.0017942583732057926,0.0,0.0064741164821699075,50.0,-0.022753792298716435,13159021568.0,19.862444,3.3941236,0.17286,1.4,0.02,20.0
2026-03-09 11:00:00+09:00,6046,リンクバル,6046.T,グロース,intraday_5m,201.0,0.004999999999999893,0.30573248407643316,0.007732198341224253,42.857142857142854,-0.05188679245283023,3767040256.0,,4.588308,-0.17676,,0.02,20.0
2026-03-09 10:25:00+09:00,6049,イトクロ,6049.T,グロース,intraday_5m,242.0,-0.004115226337448541,0.6857142857142857,0.005254208556223883,21.42857142857143,-0.03585657370517925,4909476352.0,29.05162,0.6194122,0.84427,,0.04,20.0
2026-03-09 11:05:00+09:00,6069,トレンダーズ,6069.T,グロース,intraday_5m,724.0,0.0027700831024930483,0.37065637065637064,0.002616254724688962,55.55555555555556,-0.03978779840848812,5617950208.0,15.437099,1.2937742,0.07454,4.64,0.0,20.0
2026-03-09 11:05:00+09:00,6081,アライドアーキテクツ,6081.T,グロース,intraday_5m,346.0,0.005813953488372103,0.526595744680851,0.005972135888177799,26.31578947368422,-0.10824742268041232,5485574656.0,,2.861822,-0.32424,,0.030000000000000006,20.0
2026-03-09 11:05:00+09:00,6085,アーキテクツ・スタジオ・ジャパン,6085.T,グロース,intraday_5m,1991.0,0.00963488843813387,0.2357142857142857,0.02978686989236939,56.13382899628253,0.16637375512595187,22844928000.0,,-4566.5137,-22.15789,,0.02,20.0
2026-03-09 10:55:00+09:00,6086,シンメンテホールディングス,6086.T,グロース,intraday_5m,1150.0,0.0,0.0,0.00898318395539096,20.76923076923076,-0.06427990235964198,21722208256.0,18.170326,4.635751,0.31033,1.63,0.05,20.0
2026-03-09 11:05:00+09:00,6094,フリークアウト・ホールディングス,6094.T,グロース,intraday_5m,705.0,0.01878612716762995,0.0,0.012372144997637306,47.540983606557376,-0.058744993324432615,12250440704.0,44.620255,1.0281525,0.05408,,0.044444444444444446,18.0
2026-03-09 11:05:00+09:00,6166,中村超硬,6166.T,グロース,intraday_5m,718.0,0.007012622720897532,0.6818181818181818,0.006572235758293706,21.42857142857143,-0.08418367346938771,7913005568.0,43.620903,7.881449,0.17679001,,0.02,20.0
2026-03-09 11:05:00+09:00,6173,アクアライン,6173.T,グロース,intraday_5m,136.0,0.0,0.0,0.011572102927184727,27.272727272727266,-0.08724832214765099,1356567680.0,,-3.111772,,,0.030000000000000006,20.0
2026-03-09 11:05:00+09:00,6177,ＡｐｐＢａｎｋ,6177.T,グロース,intraday_5m,107.0,0.0,0.0,0.010098310226806417,37.5,-0.07758620689655171,2672737536.0,,2.7486641,,,0.021052631578947368,19.0
2026-03-09 11:05:00+09:00,6180,ＧＭＯメディア,6180.T,グロース,intraday_5m,4330.0,0.01762632197414815,0.0,0.012154442229622676,34.61538461538461,-0.025871766029246346,7765452288.0,11.274574,2.4703417,0.21666999,4.72,0.06,20.0
2026-03-09 11:05:00+09:00,6181,タメニー,6181.T,グロース,intraday_5m,100.0,0.010101010101010166,0.75,0.009560474653700598,33.33333333333333,-0.04761904761904767,3212057088.0,,17.507004,-1.22481,,-0.010000000000000004,20.0
2026-03-09 11:05:00+09:00,6182,メタリアル,6182.T,グロース,intraday_5m,462.0,0.004347826086956497,0.3870967741935484,0.009433430346155021,23.529411764705884,-0.06666666666666665,5030057472.0,163.82979,2.577305,-0.01081,,0.0,20.0
2026-03-09 11:00:00+09:00,6190,フェニックスバイオ,6190.T,グロース,intraday_5m,434.0,0.002309468822170979,0.0,0.008729677678414456,27.5,-0.06263498920086397,1766465024.0,,1.1652259,-0.12869,,0.01,20.0
2026-03-09 11:05:00+09:00,6193,バーチャレクス・ホールディングス,6193.T,グロース,intraday_5m,1015.0,0.001974333662388972,0.0,0.003695149988253137,48.484848484848484,-0.006849315068493178,2857756928.0,13.549592,1.5214357,0.10865,1.47,0.04,20.0
2026-03-09 11:05:00+09:00,6195,ホープ,6195.T,グロース,intraday_5m,205.0,0.0,1.125,0.011329023099292351,33.33333333333333,-0.055299539170506895,2878211584.0,9.35219,3.041543,0.19688,,0.02,20.0
2026-03-09 10:55:00+09:00,6198,キャリア,6198.T,グロース,intraday_5m,230.0,0.0,0.0,0.005521268500864016,36.36363636363636,-0.025423728813559365,1942216576.0,,1.0374848,-0.057930004,2.12,0.05,16.0
2026-03-09 11:05:00+09:00,6224,ＪＲＣ,6224.T,グロース,intraday_5m,1247.0,0.005645161290322553,0.0736196319018405,0.004720394217755494,50.0,-0.06521739130434778,16056119296.0,14.184961,3.0231843,0.2591,2.17,0.030000000000000006,20.0
2026-03-09 11:05:00+09:00,6232,ＡＣＳＬ,6232.T,グロース,intraday_5m,1428.0,0.007052186177715081,0.8874598070739549,0.007860446882665606,46.846846846846844,-0.051162790697674376,24935221248.0,,14.676863,-1.39985,,0.030000000000000006,20.0
2026-03-09 11:05:00+09:00,6255,エヌ・ピー・シー,6255.T,グロース,intraday_5m,703.0,0.005722460658083017,1.6443148688046647,0.004937505797579329,34.61538461538463,-0.0929032258064516,14709013504.0,11.453242,1.4616508,0.093389995,1.29,0.02,20.0
2026-03-09 11:05:00+09:00,6521,オキサイド,6521.T,グロース,intraday_5m,3950.0,0.010230179028132946,1.1287128712871288,0.011687471544330625,54.45544554455446,0.10644257703081239,45641170944.0,,8.577689,-0.0113699995,,0.030000000000000006,20.0
2026-03-09 11:05:00+09:00,6522,アスタリスク,6522.T,グロース,intraday_5m,386.0,0.0,0.0,0.009604366038973128,35.294117647058826,-0.03740648379052369,3009533952.0,,1.7779006,-0.0825,,0.02,20.0
2026-03-09 11:05:00+09:00,6537,ＷＡＳＨハウス,6537.T,グロース,intraday_5m,352.0,0.0,0.05970149253731343,0.007585685257510361,16.666666666666657,-0.07853403141361259,2437729280.0,,1.3977795,0.00602,,0.02,20.0
2026-03-09 11:00:00+09:00,6545,インターネットインフィニティー,6545.T,グロース,intraday_5m,743.0,0.005412719891745521,0.24,0.006634875037086217,38.33333333333333,-0.02493438320209973,3922429952.0,16.387297,2.2739794,0.19433,2.36,0.05,20.0
2026-03-09 11:05:00+09:00,6548,旅工房,6548.T,グロース,intraday_5m,144.0,0.0,0.2222222222222222,0.0062525238425005895,80.0,-0.03355704697986572,2845655552.0,,3.0402195,,,0.011111111111111112,18.0
2026-03-09 11:05:00+09:00,6554,エスユーエス,6554.T,グロース,intraday_5m,1018.0,0.002955665024630516,0.0,0.009577930947717608,58.33333333333334,-0.03231939163498099,9080983552.0,9.997054,2.2117164,0.2368,4.75,0.030000000000000006,20.0
2026-03-09 11:05:00+09:00,6557,ＡＩＡＩグループ,6557.T,グロース,intraday_5m,1268.0,0.003958828186856778,0.0,0.007137026338371345,53.06122448979592,-0.024615384615384595,8163556352.0,17.417582,2.733778,0.19902,,0.06,20.0
2026-03-09 10:50:00+09:00,6558,クックビズ,6558.T,グロース,intraday_5m,695.0,-0.014184397163120588,0.6153846153846154,0.011215855023444885,,-0.047945205479452024,1937650944.0,,1.7663175,-0.31197,,0.03333333333333334,18.0
2026-03-09 11:00:00+09:00,6561,ＨＡＮＡＴＯＵＲ　ＪＡＰＡＮ,6561.T,グロース,intraday_5m,811.0,0.0012345679012346622,0.0,0.006741027523079317,57.14285714285714,-0.03221957040572787,10182487040.0,6.022128,2.3004808,0.34794998,5.01,0.021052631578947368,19.0
2026-03-09 11:05:00+09:00,6562,ジーニー,6562.T,グロース,intraday_5m,930.0,0.004319654427645814,1.5706806282722512,0.010199228814258264,28.57142857142857,-0.0625,11357423616.0,10.617651,1.1972317,0.12101,,0.030000000000000006,20.0
2026-03-09 11:00:00+09:00,6563,みらいワークス,6563.T,グロース,intraday_5m,592.0,0.03315881326352521,0.0,0.01635698726849344,,-0.001686340640809414,3090235392.0,34.660423,2.2081313,,,0.023529411764705882,17.0
2026-03-09 11:00:00+09:00,6568,神戸天然物化学,6568.T,グロース,intraday_5m,1215.0,0.018440905280804776,0.2912621359223301,0.015873067840476044,54.83870967741936,-0.04179810725552047,9405750272.0,13.7272625,1.9455564,,1.74,0.030000000000000006,20.0
2026-03-09 11:05:00+09:00,6573,ＣＲＡＶＩＡ,6573.T,グロース,intraday_5m,59.0,0.01724137931034475,0.0044362292051756,0.012578581163420218,57.14285714285714,-0.09230769230769231,1953337728.0,,4.657772,-0.68668,,0.03333333333333334,18.0
2026-03-09 11:05:00+09:00,6574,コンヴァノ,6574.T,グロース,intraday_5m,115.0,0.0,0.5190489830993984,0.006667577268849058,33.33333333333333,-0.05737704918032782,58493128704.0,35.168198,3.845125,0.37807,1.64,0.030000000000000006,20.0
2026-03-09 11:05:00+09:00,6577,ベストワンドットコム,6577.T,グロース,intraday_5m,1891.0,0.0005291005291006012,0.0,0.0028274287431688076,51.61290322580645,-0.0068277310924369505,2857138432.0,301.11465,2.571631,-0.02724,1.05,0.04000000000000001,15.0
2026-03-09 09:55:00+09:00,6579,ログリー,6579.T,グロース,intraday_5m,306.0,-0.012903225806451646,0.4375,0.015606342421798439,,-0.019230769230769273,1163718016.0,,2.8592517,-0.27215,,0.0,18.0
2026-03-09 11:10:00+09:00,6580,ライトアップ,6580.T,グロース,intraday_5m,1700.0,0.0,0.0,0.007319196378590302,55.95238095238095,-0.05660377358490565,8708787200.0,14.229513,2.5054715,0.25741,1.11,0.02,20.0
2026-03-09 11:05:00+09:00,6597,ＨＰＣシステムズ,6597.T,グロース,intraday_5m,1726.0,0.00641399416909616,0.0,0.005349890703609525,35.9375,-0.07353730542136339,6675078656.0,13.704939,3.1457431,0.23058,1.72,0.030000000000000006,20.0
2026-03-09 10:20:00+09:00,6612,バルミューダ,6612.T,グロース,intraday_5m,612.0,0.0,0.5454545454545454,0.004642910704759977,28.57142857142857,-0.00649350649350644,5216028672.0,,1.8557377,-0.44587,,0.01,20.0
2026-03-09 11:10:00+09:00,6613,ＱＤレーザ,6613.T,グロース,intraday_5m,770.0,0.0026041666666667407,0.0,0.009515236816587036,42.1875,-0.10360884749708965,32158449664.0,,6.430922,-0.065799996,,0.030000000000000006,20.0
2026-03-09 11:05:00+09:00,6696,トラース・オン・プロダクト,6696.T,グロース,intraday_5m,399.0,0.010126582278481067,0.1019830028328612,0.013975892001762481,44.444444444444436,-0.07638888888888884,1925127168.0,101.52672,5.133682,-0.40749002,,0.01,20.0
2026-03-09 11:05:00+09:00,7031,インバウンドテック,7031.T,グロース,intraday_5m,586.0,0.003424657534246478,0.0,0.01274687649700183,,-0.03934426229508192,1380601344.0,,0.89175117,,,-0.020000000000000004,20.0
2026-03-09 10:55:00+09:00,7036,イーエムネットジャパン,7036.T,グロース,intraday_5m,828.0,-0.017793594306049876,2.608695652173913,0.00674386973545701,52.72727272727273,-0.025882352941176467,3198353664.0,25.037798,2.2587218,0.08908,4.0,0.030000000000000006,20.0
2026-03-09 11:05:00+09:00,7039,ブリッジインターナショナルグループ,7039.T,グロース,intraday_5m,1851.0,0.000540540540540535,0.0,0.0043788095750059985,41.17647058823529,-0.02476290832455219,6647350272.0,9.422725,1.4168925,0.11752,5.01,0.03157894736842106,19.0
2026-03-09 10:45:00+09:00,7041,ＣＲＧホールディングス,7041.T,グロース,intraday_5m,312.0,0.0,0.15000000000000002,0.00794532256481163,41.66666666666667,-0.028037383177570097,1733807104.0,11.287989,0.5966165,0.036510002,2.8,0.04,20.0
2026-03-09 11:00:00+09:00,7043,アルー,7043.T,グロース,intraday_5m,811.0,0.0,0.0,0.031813605170399155,29.891304347826093,-0.06025492468134419,2067844864.0,35.19965,1.4621913,0.1863,1.27,0.05,20.0
2026-03-09 09:00:00+09:00,7046,ＴＤＳＥ,7046.T,グロース,intraday_5m,1344.0,0.012048192771084265,0.0,0.00629547009829902,,0.013574660633484115,2813204480.0,24.308193,1.217848,0.06334,0.75,0.05,20.0
2026-03-09 11:05:00+09:00,7047,ポート,7047.T,グロース,intraday_5m,2199.0,0.005027422303473417,0.7252747252747253,0.004856716905929094,42.02898550724638,-0.06743002544529264,28802473984.0,13.55483,2.8281758,0.29635,0.51,0.05,20.0
2026-03-09 11:10:00+09:00,7048,ベルトラ,7048.T,グロース,intraday_5m,176.0,0.0,0.0,0.005585001233348115,37.5,-0.0736842105263158,6441403392.0,,2.7305448,-0.09149,,0.04,20.0
2026-03-09 11:05:00+09:00,7049,識学,7049.T,グロース,intraday_5m,785.0,0.0025542784163474774,0.3582089552238806,0.0019992366447759875,58.82352941176471,-0.019975031210986316,6604970496.0,11.681548,2.232162,0.09465,,0.030000000000000006,20.0
2026-03-09 11:05:00+09:00,7050,フロンティアインターナショナル,7050.T,グロース,intraday_5m,1573.0,0.002549394518801762,0.0,0.00964584954984148,57.89473684210526,-0.043768996960486306,13999385600.0,12.322758,1.531662,0.14109,6.02,0.04,20.0
2026-03-09 11:10:00+09:00,7061,日本ホスピスホールディングス,7061.T,グロース,intraday_5m,831.0,0.0072727272727273196,0.0,0.005420688643682459,73.33333333333334,-0.03935185185185186,7002512896.0,13.175837,1.9044607,0.07807,5.79,0.030000000000000006,20.0
2026-03-09 10:10:00+09:00,7062,フレアス,7062.T,グロース,intraday_5m,875.0,0.0,0.42857142857142855,0.00788000258923269,,-0.016853932584269704,2282468096.0,29.61083,1.1062338,0.18653,,0.03529411764705883,17.0
2026-03-09 11:10:00+09:00,7063,Ｂｉｒｄｍａｎ,7063.T,グロース,intraday_5m,109.0,0.0,0.0,0.0099400397479628,14.285714285714292,-0.10655737704918034,2948808704.0,,2.8917835,,,0.02,20.0
2026-03-09 10:45:00+09:00,7066,ピアズ,7066.T,グロース,intraday_5m,399.0,0.0,0.47619047619047616,0.013847664221955379,45.00000000000001,-0.06557377049180324,3600034560.0,8.882458,1.3318647,0.16041,3.16,0.042105263157894736,19.0
2026-03-09 10:45:00+09:00,7067,ブランディングテクノロジー,7067.T,グロース,intraday_5m,950.0,0.0,1.6923076923076923,0.014191947192394092,,-0.038461538461538436,1496929280.0,40.913006,1.2281963,0.02725,1.01,0.02,20.0
2026-03-09 11:05:00+09:00,7068,フィードフォースグループ,7068.T,グロース,intraday_5m,603.0,0.0033277870216306127,0.0,0.004219509920788002,52.38095238095237,-0.02584814216478193,14375072768.0,11.527432,4.2083664,0.40030998,1.62,0.01,20.0
2026-03-09 10:30:00+09:00,7069,サイバー・バズ,7069.T,グロース,intraday_5m,737.0,-0.02384105960264904,5.310344827586207,0.03048927501603237,,-0.05754475703324813,2965388800.0,7.6874933,3.4642413,0.64425004,,0.05,16.0
2026-03-09 11:05:00+09:00,7072,インティメート・マージャー,7072.T,グロース,intraday_5m,883.0,0.003409090909090917,0.0,0.011313441015196494,33.6283185840708,-0.0433369447453954,2736530944.0,18.867521,1.7339122,0.09297,,0.023529411764705882,17.0
2026-03-09 10:25:00+09:00,7073,ジェイック,7073.T,グロース,intraday_5m,2307.0,0.0026075619295957697,1.0,0.007895363644612394,,-0.010720411663807883,2134911616.0,12.5544195,2.002731,0.19601999,2.36,0.05263157894736842,19.0
2026-03-09 11:00:00+09:00,7074,トゥエンティーフォーセブンホールディングス,7074.T,グロース,intraday_5m,204.0,0.0,0.0,0.0075802848456029736,38.46153846153846,-0.051162790697674376,1731163008.0,,19.450802,-1.77119,,0.03529411764705883,17.0
2026-03-09 11:00:00+09:00,7075,ＱＬＳホールディングス,7075.T,グロース,intraday_5m,758.0,0.0,0.0,0.007905125672086689,51.85185185185185,-0.03192848020434225,5673614848.0,12.60602,2.823428,0.28195,1.28,0.04,20.0
2026-03-09 11:00:00+09:00,7077,ＡＬｉＮＫインターネット,7077.T,グロース,intraday_5m,965.0,-0.0010351966873706209,0.0,0.0035031670228244686,,-0.0030991735537190257,1743592832.0,,1.0890652,,,-0.020000000000000004,20.0
2026-03-09 11:05:00+09:00,7078,ＩＮＣＬＵＳＩＶＥ　Ｈｏｌｄｉｎｇｓ,7078.T,グロース,intraday_5m,374.0,-0.002666666666666706,0.4,0.010422574776880217,31.25,-0.06965174129353235,3759677184.0,,2.4621298,-0.59787,,0.02,20.0
2026-03-09 10:25:00+09:00,7079,ＷＤＢココ,7079.T,グロース,intraday_5m,2672.0,-0.0029850746268657025,0.8333333333333334,0.0030730967725247902,,-0.011834319526627168,6425764352.0,8.775906,1.4088502,0.16531,3.51,0.0,20.0
2026-03-09 10:55:00+09:00,7080,スポーツフィールド,7080.T,グロース,intraday_5m,834.0,0.0036101083032491488,0.0,0.012044241253066043,24.56140350877193,-0.05119453924914674,6093474304.0,8.744888,2.5158067,0.37368,2.62,0.06,20.0
2026-03-09 11:05:00+09:00,7082,ジモティー,7082.T,グロース,intraday_5m,714.0,0.011331444759206777,0.6101694915254238,0.0053674985169019605,62.96296296296296,-0.05430463576158939,6965049856.0,14.071738,4.1615424,0.31114,,0.037500000000000006,16.0
2026-03-09 09:35:00+09:00,7083,ＡＨＣグループ,7083.T,グロース,intraday_5m,791.0,-0.011249999999999982,1.6,0.005349894593027532,,-0.012484394506866447,1631273728.0,1647.9167,1.40683,0.00084,1.5,0.01,20.0
2026-03-09 10:45:00+09:00,7084,Ｓｍｉｌｅ　Ｈｏｌｄｉｎｇｓ,7084.T,グロース,intraday_5m,2958.0,0.0,1.44,0.01644774188838706,,-0.036482084690553696,9484093440.0,35.68585,1.5132734,0.04425,3.09,0.05,20.0
2026-03-09 11:10:00+09:00,7089,フォースタートアップス,7089.T,グロース,intraday_5m,1235.0,-0.0032284100080710587,0.0,0.013209828490609483,50.87719298245614,-0.04263565891472865,8152010240.0,16.143791,3.3504975,,,0.07999999999999999,20.0
2026-03-09 11:00:00+09:00,7090,リグア,7090.T,グロース,intraday_5m,997.0,-0.0030000000000000027,0.0,0.009307345115402214,,-0.0030000000000000027,1484614784.0,,12.178141,-1.21322,,-2.7755575615628915e-18,20.0
2026-03-09 10:45:00+09:00,7091,リビングプラットフォーム,7091.T,グロース,intraday_5m,1147.0,0.011463844797178213,0.0,0.02126529532148834,,-0.033698399326032025,5138493440.0,11.628142,2.1831276,0.23021,0.84,0.047058823529411764,17.0
2026-03-09 09:55:00+09:00,7093,アディッシュ,7093.T,グロース,intraday_5m,567.0,-0.0052631578947368585,0.8275862068965517,0.01833714635809973,,-0.05342237061769617,1193058688.0,,1.9736087,-0.00224,,0.03333333333333334,18.0
2026-03-09 11:05:00+09:00,7094,ＮｅｘＴｏｎｅ,7094.T,グロース,intraday_5m,1586.0,0.004433185560481334,0.32727272727272727,0.00465548464258477,43.47826086956522,-0.046875,15492651008.0,19.939653,2.9006925,0.14922,2.4,0.04,20.0
2026-03-09 10:55:00+09:00,7096,ステムセル研究所,7096.T,グロース,intraday_5m,844.0,0.0,0.0,0.00635630691969413,25.0,-0.025404157043879882,8499238912.0,43.30426,3.193933,0.06629,,0.02,20.0
2026-03-09 11:05:00+09:00,7097,さくらさくプラス,7097.T,グロース,intraday_5m,2670.0,0.005649717514124353,0.42857142857142855,0.005839198994128108,39.6103896103896,-0.01802133137182793,11824137216.0,19.75875,1.9859155,0.13003999,1.03,0.030000000000000006,20.0
2026-03-09 10:45:00+09:00,7110,クラシコム,7110.T,グロース,intraday_5m,2006.0,0.0,0.2857142857142857,0.00737949531166221,26.708074534161483,-0.04430681276798476,14784825344.0,20.642107,2.8525598,0.17378001,2.29,0.04,20.0
2026-03-09 10:35:00+09:00,7112,キューブ,7112.T,グロース,intraday_5m,731.0,-0.001366120218579181,0.36363636363636365,0.006211817497629674,20.0,-0.018791946308724827,4488060928.0,62.90878,4.1089807,,,0.03157894736842106,19.0
2026-03-09 10:50:00+09:00,7114,フーディソン,7114.T,グロース,intraday_5m,847.0,-0.003529411764705892,0.8571428571428571,0.002202093794090057,,-0.01740139211136893,3781691648.0,45.907856,1.6227484,0.04877,,0.025,16.0
2026-03-09 11:05:00+09:00,7119,ハルメクホールディングス,7119.T,グロース,intraday_5m,1406.0,0.005722460658083017,1.3043478260869565,0.004727063707080298,60.0,0.0035688793718773315,15497382912.0,19.794453,1.6978647,0.12318,2.14,0.07,20.0
2026-03-09 11:10:00+09:00,7133,ＨＹＵＧＡ　ＰＲＩＭＡＲＹ　ＣＡＲＥ,7133.T,グロース,intraday_5m,1039.0,0.0,0.0,0.002238181096309305,20.0,-0.010476190476190528,7408768000.0,13.518085,2.992615,,1.9,-2.921639538487254e-18,19.0
2026-03-09 11:10:00+09:00,7138,ＴＯＲＩＣＯ,7138.T,グロース,intraday_5m,255.0,0.003937007874015741,0.40497335701598575,0.00820398183549202,34.78260869565217,-0.05555555555555558,3758275328.0,,2.2028716,-0.25679,,0.02,20.0
2026-03-09 11:05:00+09:00,7140,ペットゴー,7140.T,グロース,intraday_5m,875.0,0.0069044879171460405,6.705882352941177,0.005676205571379988,48.97959183673469,-0.005681818181818232,1645364864.0,,1.417206,-0.11817,,0.010526315789473684,19.0
2026-03-09 11:05:00+09:00,7317,松屋アールアンドディ,7317.T,グロース,intraday_5m,1087.0,0.0009208103130755596,0.0,0.0007972416823200838,62.50000000000001,0.0,23230154752.0,14.387822,3.1389513,0.2355,0.92,0.04,20.0
2026-03-09 11:05:00+09:00,7318,セレンディップ・ホールディングス,7318.T,グロース,intraday_5m,1646.0,0.01479654747225645,0.638532110091743,0.006412086906724068,49.36708860759494,-0.09110988404196574,30035036160.0,6.067308,2.405972,0.28867,,0.02,20.0
2026-03-09 11:10:00+09:00,7320,Ｓｏｌｖｖｙ,7320.T,グロース,intraday_5m,1546.0,0.0032446463335495945,0.0,0.004837936585962218,36.986301369863014,-0.04153750774953502,17422792704.0,,3.5515003,-0.045619998,1.24,0.042105263157894736,19.0
2026-03-09 10:50:00+09:00,7325,アイリックコーポレーション,7325.T,グロース,intraday_5m,866.0,0.005807200929152101,0.0,0.005239556770971777,36.36363636363636,-0.015909090909090873,7081570304.0,16.105635,1.8606329,0.12503,3.64,0.030000000000000006,20.0
2026-03-09 11:05:00+09:00,7326,ＳＢＩインシュアランスグループ,7326.T,グロース,intraday_5m,2103.0,0.001905669366364826,0.0,0.009491624858509242,56.666666666666664,-0.043221110100091,52197277696.0,19.93365,1.1283702,0.45594,1.82,0.08,20.0
2026-03-09 11:05:00+09:00,7343,ブロードマインド,7343.T,グロース,intraday_5m,1309.0,0.004604758250191798,0.0,0.004641707806589914,36.36363636363636,-0.014307228915662606,7466100224.0,22.557299,1.8772408,0.10416,4.52,0.04,20.0
2026-03-09 11:00:00+09:00,7345,アイ・パートナーズフィナンシャル,7345.T,グロース,intraday_5m,1068.0,0.0,0.0,0.0070537149207674284,11.764705882352942,-0.03697024346257893,3515749120.0,1200.0,5.239635,0.080620006,0.36,0.04,20.0
2026-03-09 11:05:00+09:00,7351,グッドパッチ,7351.T,グロース,intraday_5m,454.0,0.0,1.153846153846154,0.007804868519667355,34.48275862068965,-0.048218029350104774,3965142016.0,9.85243,0.9552324,0.092860006,2.1,0.02,20.0
2026-03-09 11:05:00+09:00,7352,ＴＷＯＳＴＯＮＥ＆Ｓｏｎｓ,7352.T,グロース,intraday_5m,509.0,0.0039447731755424265,0.16589861751152074,0.004048954500257834,42.10526315789474,-0.06088560885608851,22141059072.0,49.17874,5.969554,0.20479,0.09,0.05,20.0
2026-03-09 11:10:00+09:00,7353,ＫＩＹＯラーニング,7353.T,グロース,intraday_5m,563.0,-0.008802816901408494,9.36,0.005593150919169187,21.621621621621614,-0.045762711864406724,3857091584.0,16.090311,2.412199,0.20283002,,0.01,20.0
2026-03-09 10:35:00+09:00,7356,Ｒｅｔｔｙ,7356.T,グロース,intraday_5m,137.0,0.0,0.08888888888888889,0.005674689979173839,14.285714285714292,-0.04861111111111116,2049814912.0,173.41771,5.9243245,0.06412,,0.04,20.0
2026-03-09 11:00:00+09:00,7359,東京通信グループ,7359.T,グロース,intraday_5m,236.0,0.004255319148936065,0.0,0.006896367765309431,46.15384615384615,-0.04453441295546556,2377480960.0,,3.0057569,0.8167,,0.05,20.0
2026-03-09 09:20:00+09:00,7360,オンデック,7360.T,グロース,intraday_5m,798.0,0.0,2.0,0.003567454144893,,0.0,2085600896.0,,2.190755,-0.14674,,-0.030000000000000006,20.0
2026-03-09 10:45:00+09:00,7361,ヒューマンクリエイションホールディングス,7361.T,グロース,intraday_5m,1216.0,0.0016474464579900872,0.0,0.007888279982371736,47.19101123595505,-0.02014504431909747,3761261824.0,9.653858,2.5008278,0.21886,3.55,0.02,20.0
2026-03-09 11:00:00+09:00,7362,Ｔ．Ｓ．Ｉ,7362.T,グロース,intraday_5m,785.0,0.0,0.0,0.006561133239597813,,-0.018750000000000044,1193705600.0,15.189629,0.84408516,0.05947,,0.023529411764705882,17.0
2026-03-09 10:50:00+09:00,7363,ベビーカレンダー,7363.T,グロース,intraday_5m,1385.0,0.016886930983847304,0.5555555555555556,0.012714238225223856,,-0.01912181303116145,1233691520.0,24.83414,1.5557305,0.097040005,,0.07,20.0
2026-03-09 11:10:00+09:00,7369,メイホーホールディングス,7369.T,グロース,intraday_5m,526.0,0.0019047619047618536,0.0,0.004552308854841375,26.08695652173914,-0.018656716417910446,2472620288.0,31.859478,1.1857849,0.039130002,,0.0,20.0
2026-03-09 11:05:00+09:00,7370,Ｅｎｊｉｎ,7370.T,グロース,intraday_5m,788.0,0.0012706480304955914,0.0,0.0027284444407483744,33.33333333333333,-0.02716049382716046,5515620352.0,13.326569,1.2137886,0.09268,4.94,0.0,20.0
2026-03-09 10:55:00+09:00,7371,Ｚｅｎｋｅｎ,7371.T,グロース,intraday_5m,690.0,0.0,0.5,0.013740595538326362,40.0,-0.06377204884667576,8396679168.0,23.232323,0.67137474,0.03029,3.53,0.03333333333333334,18.0
2026-03-09 11:05:00+09:00,7372,デコルテ・ホールディングス,7372.T,グロース,intraday_5m,371.0,0.0,0.0,0.007943708184729423,,-0.023684210526315752,1902288000.0,13.054187,0.3611711,0.03302,,0.04,20.0
2026-03-09 11:05:00+09:00,7373,アイドマ・ホールディングス,7373.T,グロース,intraday_5m,1788.0,0.0022421524663676085,0.5179856115107914,0.004206394103257769,53.33333333333333,-0.05496828752642702,26575003648.0,14.253826,3.6848354,0.28898,1.59,0.030000000000000006,20.0
2026-03-09 10:55:00+09:00,7374,コンフィデンス・インターワークス,7374.T,グロース,intraday_5m,1588.0,-0.0012578616352201255,0.0,0.005638762251051462,19.277108433734938,-0.030525030525030528,9922702336.0,9.71432,1.6247834,0.13441,4.58,0.030000000000000006,20.0
2026-03-09 11:00:00+09:00,7375,リファインバースグループ,7375.T,グロース,intraday_5m,918.0,0.00990099009900991,0.0,0.014524832914415182,63.19444444444445,-0.019230769230769273,3073724672.0,21.458626,8.329855,0.48567,,0.01,20.0
2026-03-06 00:00:00+09:00,7376,ＢＣＣ,7376.T,グロース,daily_fallback,1964.0,0.0,0.0,0.013054421307928924,57.53424657534246,0.0,2773664768.0,,2.077298,-0.13264,,0.03333333333333334,18.0
2026-03-09 11:05:00+09:00,7378,アシロ,7378.T,グロース,intraday_5m,1985.0,-0.000503524672708977,0.0,0.0027913319847643974,37.99999999999999,-0.07242990654205606,14060574720.0,14.841122,4.6187496,0.35051998,1.88,0.04,20.0
2026-03-09 11:10:00+09:00,7409,ＡｅｒｏＥｄｇｅ,7409.T,グロース,intraday_5m,4530.0,-0.0011025358324145973,0.0,0.006229355319910384,51.72413793103448,-0.06694129763130796,53522079744.0,79.07139,4.038261,0.26245,,0.05,20.0
2026-03-09 10:50:00+09:00,7674,ＮＡＴＴＹ　ＳＷＡＮＫＹホールディングス,7674.T,グロース,intraday_5m,2596.0,0.0,0.4444444444444444,0.0018703335962411858,43.10344827586207,0.0,6352599040.0,,3.799399,-0.38804,0.35,0.0,20.0
2026-03-09 11:10:00+09:00,7685,ＢｕｙＳｅｌｌ　Ｔｅｃｈｎｏｌｏｇｉｅｓ,7685.T,グロース,intraday_5m,6380.0,0.0015698587127157548,0.026726057906458798,0.008146732726684152,71.42857142857143,0.019169329073482455,196696522752.0,36.79354,9.186015,0.31072,0.28,0.02,20.0
2026-03-09 11:00:00+09:00,7687,ミクリード,7687.T,グロース,intraday_5m,442.0,0.00454545454545463,3.1698113207547167,0.00609737519618052,30.769230769230774,-0.02857142857142858,2923474176.0,10.056883,1.8217338,0.19266,1.85,0.05,20.0
2026-03-09 09:35:00+09:00,7689,コパ・コーポレーション,7689.T,グロース,intraday_5m,431.0,0.0,0.0,0.003129918886788116,,-0.0023148148148147696,1276999552.0,,1.4017538,-0.35634,,-0.01,20.0
2026-03-09 10:50:00+09:00,7694,いつも,7694.T,グロース,intraday_5m,580.0,0.0,0.0,0.011103686574451817,25.396825396825406,-0.04448105436573313,3446712064.0,,1.4542792,-0.01388,,0.030000000000000006,20.0
2026-03-09 10:45:00+09:00,7695,交換できるくん,7695.T,グロース,intraday_5m,819.0,0.007380073800737907,0.6101694915254237,0.005242496292799862,55.0,0.006142506142506221,6116185600.0,83.82804,3.0157082,,,0.01,20.0
2026-03-09 10:25:00+09:00,7699,オムニ・プラス・システム・リミテッド　ＪＤＲ,7699.T,グロース,intraday_5m,734.0,0.0013642564802183177,1.5,0.013906223302000694,,-0.06377551020408168,15456457728.0,8.337119,1.0628495,0.13496,,0.037500000000000006,16.0
2026-03-09 11:05:00+09:00,7707,プレシジョン・システム・サイエンス,7707.T,グロース,intraday_5m,211.0,0.0,1.2570194384449243,0.010315506781530896,8.333333333333329,-0.09442060085836912,5794223104.0,,1.5036415,-0.00921,,0.030000000000000006,20.0
2026-03-09 11:10:00+09:00,7774,ジャパン・ティッシュエンジニアリング,7774.T,グロース,intraday_5m,656.0,-0.0015220700152207556,0.0,0.005916197205086018,30.30303030303031,-0.09266943291839558,26640128000.0,,5.0561495,-0.08382,,0.0,20.0
2026-03-09 11:10:00+09:00,7776,セルシード,7776.T,グロース,intraday_5m,322.0,0.0,0.03582089552238806,0.004708457181998899,39.99999999999999,-0.07736389684813749,11162536960.0,,5.573538,-0.71658,,0.02,20.0
2026-03-09 11:10:00+09:00,7777,スリー・ディー・マトリックス,7777.T,グロース,intraday_5m,636.0,0.0,0.2699579831932773,0.006673709190418203,53.65853658536585,-0.08620689655172409,76455157760.0,,19.33601,0.00174,,0.02,20.0
2026-03-09 11:10:00+09:00,7779,ＣＹＢＥＲＤＹＮＥ,7779.T,グロース,intraday_5m,294.0,0.006849315068493178,0.07314449623520974,0.006988697514119693,47.368421052631575,-0.11178247734138969,62072528896.0,,1.5594915,-0.0013,,0.030000000000000006,20.0
2026-03-09 11:05:00+09:00,7792,コラントッテ,7792.T,グロース,intraday_5m,1430.0,-0.0013966480446927498,0.0,0.008514199316920582,35.25641025641026,-0.031165311653116534,13001643008.0,9.826153,2.4945574,0.25647,2.98,0.030000000000000006,20.0
2026-03-09 10:40:00+09:00,7793,イメージ・マジック,7793.T,グロース,intraday_5m,1731.0,-0.008022922636103158,3.870967741935484,0.008127004666838798,27.167630057803464,-0.043646408839778994,4348581888.0,18.11238,2.1161654,0.17033,1.93,0.044444444444444446,18.0
2026-03-09 11:10:00+09:00,7794,イーディーピー,7794.T,グロース,intraday_5m,1170.0,0.001712328767123239,0.35960044395116536,0.00612594030860549,53.33333333333333,-0.03861955628594904,17016700928.0,,11.202819,,,0.02,20.0
2026-03-09 11:10:00+09:00,7803,ブシロード,7803.T,グロース,intraday_5m,276.0,0.0,0.0,0.0037050679317886712,50.0,-0.04498269896193774,37460971520.0,8.025589,1.3860013,0.19134001,1.73,0.04,20.0
2026-03-09 11:10:00+09:00,7806,ＭＴＧ,7806.T,グロース,intraday_5m,5810.0,0.0017241379310344307,0.25806451612903225,0.005081498571653662,55.55555555555556,0.0017241379310344307,228395417600.0,29.03548,4.242991,0.19056,0.52,0.01,20.0
2026-03-09 11:00:00+09:00,8938,グローム・ホールディングス,8938.T,グロース,intraday_5m,296.0,0.0,0.0,0.012313751766626186,37.83783783783784,-0.02631578947368418,2678906880.0,,0.36512288,-0.049640004,0.66,0.01,20.0
2026-03-09 11:10:00+09:00,9158,シーユーシー,9158.T,グロース,intraday_5m,850.0,-0.001175088131609825,0.0,0.004394857378341313,38.70967741935484,-0.06387665198237891,24918011904.0,14.358108,0.7888939,0.05505,,0.02,20.0
2026-03-09 11:00:00+09:00,9159,Ｗ　ＴＯＫＹＯ,9159.T,グロース,intraday_5m,1547.0,0.01575837163493099,1.25,0.023799007277065784,,-0.026431718061673992,4032240128.0,27.580673,2.4334574,0.089329995,,0.011111111111111112,18.0
2026-03-09 11:00:00+09:00,9162,ブリーチ,9162.T,グロース,intraday_5m,241.0,0.004166666666666652,0.0,0.007614811217355051,15.78947368421052,-0.06589147286821706,6201363968.0,30.9371,0.64839673,0.02106,,0.022222222222222223,18.0
2026-03-09 11:10:00+09:00,9163,ナレルグループ,9163.T,グロース,intraday_5m,2329.0,0.004312203536006809,0.45569620253164556,0.0024656296505402363,53.33333333333333,-0.021017234131988194,20377161728.0,9.80962,1.4075544,0.14944,4.83,0.030000000000000006,20.0
2026-03-09 11:00:00+09:00,9165,クオルテック,9165.T,グロース,intraday_5m,1407.0,-0.006355932203389814,4.0,0.006229590190529626,26.08695652173914,-0.03630136986301369,3306449920.0,12.614308,0.99442077,0.08093,2.53,0.06,20.0
2026-03-09 11:10:00+09:00,9166,ＧＥＮＤＡ,9166.T,グロース,intraday_5m,644.0,0.0031152647975076775,0.08208366219415943,0.005702204758821228,51.42857142857143,-0.018292682926829285,119059824640.0,218.30508,1.8801603,0.05451,,0.030000000000000006,20.0
2026-03-09 11:10:00+09:00,9168,ライズ・コンサルティング・グループ,9168.T,グロース,intraday_5m,489.0,0.0,0.7762237762237761,0.0022472432491895543,57.14285714285714,-0.035502958579881616,11873394688.0,7.9447603,1.6723666,0.22891001,4.14,0.06,20.0
2026-03-09 11:05:00+09:00,9204,スカイマーク,9204.T,グロース,intraday_5m,378.0,0.0026525198938991412,0.6394984326018809,0.00857052860467346,30.0,-0.045454545454545414,22748444672.0,6.9935246,0.79803234,0.01538,0.76,0.0,20.0
2026-03-09 11:05:00+09:00,9211,エフ・コード,9211.T,グロース,intraday_5m,1471.0,0.007534246575342518,0.28368794326241137,0.004952048346155623,43.47826086956522,-0.08062499999999995,17959145472.0,15.878671,2.3803399,0.23392001,,0.02,20.0
2026-03-09 11:10:00+09:00,9212,Ｇｒｅｅｎ　Ｅａｒｔｈ　Ｉｎｓｔｉｔｕｔｅ,9212.T,グロース,intraday_5m,366.0,0.0,0.0,0.009667310292410325,45.45454545454546,-0.041884816753926746,4155953408.0,32.475597,2.0989609,0.06418,,0.030000000000000006,20.0
2026-03-09 10:15:00+09:00,9214,Ｒｅｃｏｖｅｒｙ　Ｉｎｔｅｒｎａｔｉｏｎａｌ,9214.T,グロース,intraday_5m,1413.0,0.0014174344436570507,0.7,0.01071262676127552,,-0.0028228652081863093,1871656960.0,13.566971,2.4616125,0.17139,,0.044444444444444446,18.0
2026-03-09 11:05:00+09:00,9215,ＣａＳｙ,9215.T,グロース,intraday_5m,891.0,0.0,0.0,0.006820348033930237,,0.0011235955056179137,1677875072.0,36.014553,6.123627,,,0.02,20.0
2026-03-09 11:05:00+09:00,9218,メンタルヘルステクノロジーズ,9218.T,グロース,intraday_5m,720.0,0.0013908205841446364,0.0,0.008978181306240783,38.095238095238095,-0.03871829105473967,7481690112.0,22.56346,4.7840853,0.17762,1.34,0.044444444444444446,18.0
2026-03-09 10:45:00+09:00,9219,ギックス,9219.T,グロース,intraday_5m,952.0,-0.0010493179433368471,5.0,0.0029331784144319677,31.25,-0.012448132780082943,5327961088.0,,3.044549,-0.051030003,5.55,0.030000000000000006,20.0
2026-03-09 10:50:00+09:00,9223,ＡＳＮＯＶＡ,9223.T,グロース,intraday_5m,510.0,-0.005847953216374324,8.666666666666666,0.005385194014636287,41.379310344827594,0.0019646365422396617,6817472000.0,,2.1753411,-0.05192,0.39,0.011111111111111112,18.0
2026-03-09 10:50:00+09:00,9225,ブリッジコンサルティンググループ,9225.T,グロース,intraday_5m,1091.0,,,,,-0.06990622335890873,2261752064.0,15.952624,1.703378,,,0.05,16.0
2026-03-09 11:10:00+09:00,9227,マイクロ波化学,9227.T,グロース,intraday_5m,941.0,0.0021299254526092604,0.08716707021791768,0.006666406997105806,47.72727272727273,-0.09257473481195755,14925850624.0,,14.017369,,,0.02,20.0
2026-03-09 11:05:00+09:00,9235,売れるネット広告社グループ,9235.T,グロース,intraday_5m,548.0,0.005504587155963359,0.375,0.010108802662709294,40.90909090909091,-0.06003430531732423,4186311680.0,,5.7590246,,,0.03333333333333334,18.0
2026-03-09 09:45:00+09:00,9236,ジャパンＭ＆Ａソリューション,9236.T,グロース,intraday_5m,980.0,-0.014084507042253502,2.0,0.011603497428031526,,-0.02777777777777779,1449032960.0,,2.4850392,-0.13229999,,0.030000000000000006,20.0
2026-03-09 11:00:00+09:00,9237,笑美面,9237.T,グロース,intraday_5m,796.0,0.0012578616352201255,0.0,0.00933419536829009,39.473684210526315,-0.05575326215895615,3230812672.0,36.597702,0.0031076309,,,0.037500000000000006,16.0
2026-03-09 11:05:00+09:00,9238,バリュークリエーション,9238.T,グロース,intraday_5m,608.0,0.0033003300330032292,0.5714285714285714,0.007865016513778956,59.25925925925926,-0.05736434108527133,1368441344.0,9.305174,2.234801,0.30558002,1.72,-0.04,20.0
2026-03-09 11:05:00+09:00,9240,デリバリーコンサルティング,9240.T,グロース,intraday_5m,505.0,0.003976143141153132,0.0,0.014271547368376797,45.945945945945944,-0.06307977736549164,2436283648.0,76.74772,2.1107452,0.08347999,,0.04,20.0
2026-03-09 11:00:00+09:00,9241,フューチャーリンクネットワーク,9241.T,グロース,intraday_5m,1415.0,-0.014623955431754876,1.2,0.013287223531656966,,-0.0374149659863946,1209210880.0,43.365,4.6561675,0.23625,,0.025,16.0
2026-03-09 10:30:00+09:00,9242,メディア総研,9242.T,グロース,intraday_5m,1880.0,0.0,1.6363636363636362,0.00608148756203736,20.879120879120876,-0.022869022869022815,2316566016.0,10.761305,1.6233822,0.15592,1.3,0.030000000000000006,20.0
2026-03-09 09:40:00+09:00,9244,デジタリフト,9244.T,グロース,intraday_5m,921.0,0.009868421052631637,0.6829268292682927,0.021901839370722317,,-0.06592292089249496,1317950080.0,12.209996,1.7228092,0.23753001,,0.044444444444444446,18.0
2026-03-09 11:10:00+09:00,9245,リベロ,9245.T,グロース,intraday_5m,2184.0,-0.004557885141294404,0.0,0.007219375221419343,,-0.008174386920980936,11498434560.0,41.497246,4.3363533,0.21638,3.81,0.047058823529411764,17.0
2026-03-09 10:45:00+09:00,9246,プロジェクトホールディングス,9246.T,グロース,intraday_5m,1083.0,-0.0145586897179254,0.6000000000000001,0.008229728676860806,,-0.006422018348623881,5764363776.0,,2.549531,0.055999998,,0.06315789473684211,19.0
2026-03-09 10:50:00+09:00,9250,ＧＲＣＳ,9250.T,グロース,intraday_5m,995.0,-0.014851485148514865,2.571428571428571,0.016910740126747432,,-0.055977229601518075,1477900416.0,48.91839,-13.995555,-3.3144698,,0.03529411764705883,17.0
2026-03-09 11:10:00+09:00,9251,ＡＢ＆Ｃｏｍｐａｎｙ,9251.T,グロース,intraday_5m,1255.0,0.0,0.0,0.004844721700305177,55.99999999999999,-0.017996870109546204,17878792192.0,20.041521,1.9871932,0.102239996,4.69,0.05,20.0
2026-03-09 11:10:00+09:00,9252,ラストワンマイル,9252.T,グロース,intraday_5m,4375.0,0.004592422502870175,0.2181818181818182,0.01001604020018578,51.16279069767442,-0.04371584699453557,11805242368.0,17.3556,2.5297236,0.20229,0.66,0.04,20.0
2026-03-09 09:45:00+09:00,9253,スローガン,9253.T,グロース,intraday_5m,751.0,0.0,1.6,0.0005773502691896583,,0.0013333333333334085,1889591808.0,11.237468,1.160152,0.116560005,,0.06,20.0
2026-03-09 10:45:00+09:00,9254,ラバブルマーケティンググループ,9254.T,グロース,intraday_5m,1150.0,0.0,0.7,0.0055284028500523115,,-0.025423728813559365,1842501248.0,10.88912,3.345435,0.34941003,,0.030000000000000006,20.0
2026-03-09 10:15:00+09:00,9256,サクシード,9256.T,グロース,intraday_5m,804.0,0.0024937655860348684,0.3076923076923077,0.0047956492165698375,,-0.008631319358816225,2877274880.0,11.759543,1.1126349,0.08513,1.97,0.02,20.0
2026-03-09 09:00:00+09:00,9257,ＹＣＰホールディングス（グローバル）リミテッド　ＪＤＲ,9257.T,グロース,intraday_5m,739.0,,,,,-0.021192052980132492,16475408384.0,,,,1.92,0.030000000000000006,20.0
2026-03-09 09:15:00+09:00,9258,ＣＳ－Ｃ,9258.T,グロース,intraday_5m,336.0,0.0029850746268655914,12.0,0.007732640810715414,,-0.008849557522123908,2238519040.0,,1.0358796,-0.04519,,0.011111111111111112,18.0
2026-03-09 10:55:00+09:00,9259,タカヨシホールディングス,9259.T,グロース,intraday_5m,939.0,-0.0010638297872340718,0.1791044776119403,0.013911550393649661,38.12154696132597,-0.03494347379239471,5268259328.0,13.112694,1.5503799,,3.08,0.030000000000000006,20.0
2026-03-09 11:10:00+09:00,9270,バリュエンスホールディングス,9270.T,グロース,intraday_5m,1661.0,-0.0012026458208057589,0.052401746724890834,0.006976896907637504,53.2258064516129,-0.06316976875352509,21881815040.0,32.084217,2.559034,0.25014,1.69,0.030000000000000006,20.0
2026-03-09 11:10:00+09:00,9271,和心,9271.T,グロース,intraday_5m,1086.0,0.0027700831024930483,0.0,0.007442790818246944,43.18181818181818,-0.07574468085106378,6963975168.0,17.471043,5.586535,0.77074,1.02,0.05,20.0
2026-03-09 10:50:00+09:00,9272,ブティックス,9272.T,グロース,intraday_5m,1532.0,0.0019620667102682177,0.0,0.01142998547478561,37.56345177664974,-0.02358189929891652,14988552192.0,122.07171,6.736435,0.06237,,0.04,20.0
2026-03-09 10:00:00+09:00,9326,関通,9326.T,グロース,intraday_5m,452.0,-0.004405286343612369,0.3235294117647059,0.00563542595738579,,-0.004405286343612369,4547756032.0,,2.1523502,-0.12976,2.2,0.03157894736842106,19.0
2026-03-09 10:50:00+09:00,9330,揚羽,9330.T,グロース,intraday_5m,889.0,0.010227272727272751,0.3333333333333333,0.005766766499212559,63.333333333333336,-0.0011235955056180247,1274341504.0,,,,,0.022222222222222223,18.0
2026-03-09 10:35:00+09:00,9331,キャスター,9331.T,グロース,intraday_5m,686.0,0.010309278350515427,0.8333333333333334,0.00487278681253442,,-0.04323570432357038,1344848128.0,,1.8626727,,,0.030000000000000006,20.0
2026-03-09 11:05:00+09:00,9337,トリドリ,9337.T,グロース,intraday_5m,1624.0,0.0043290043290042934,0.0,0.004159577108501013,60.97560975609756,-0.03791469194312791,5351041024.0,13.251734,2.9212048,0.29455,,0.04,20.0
2026-03-09 11:10:00+09:00,9338,ＩＮＦＯＲＩＣＨ,9338.T,グロース,intraday_5m,4540.0,0.0,0.37795275590551186,0.0,,0.0,44514074624.0,24.938204,5.822103,0.26841,,0.02,20.0
2026-03-09 11:00:00+09:00,9342,スマサポ,9342.T,グロース,intraday_5m,1147.0,-0.015450643776824036,0.0,0.04956168325091465,,-0.09756097560975607,2758715136.0,21.284098,4.865468,0.19517,,0.025,16.0
2026-03-09 11:10:00+09:00,9343,アイビス,9343.T,グロース,intraday_5m,633.0,-0.001577287066246047,0.0,0.003959392405264204,52.0,-0.048120300751879674,11583830016.0,14.53168,13.596237,,1.8,0.03333333333333334,18.0
2026-03-09 10:35:00+09:00,9344,アクシスコンサルティング,9344.T,グロース,intraday_5m,902.0,-0.0022123893805309214,1.411764705882353,0.003602077687290482,34.48275862068965,-0.004415011037527616,4483568640.0,31.805359,1.4219369,0.17247999,3.86,0.047058823529411764,17.0
2026-03-09 10:50:00+09:00,9345,ビズメイツ,9345.T,グロース,intraday_5m,649.0,-0.003072196620583667,8.823529411764707,0.011662404002941835,,-0.03851851851851851,2107974016.0,9.99384,1.1048408,0.10759,2.22,0.021052631578947368,19.0
2026-03-09 09:40:00+09:00,9346,ココルポート,9346.T,グロース,intraday_5m,1635.0,-0.0006112469437652424,0.6000000000000001,0.0028678397135737136,,-0.007285974499089298,6012968960.0,10.213005,2.0037453,0.21168,3.7,0.05263157894736842,19.0
2026-03-09 11:10:00+09:00,9348,ｉｓｐａｃｅ,9348.T,グロース,intraday_5m,533.0,-0.0037383177570093906,0.3361921097770154,0.004510910823949075,23.33333333333333,-0.06491228070175437,77909008384.0,,4.6252103,-1.00905,,0.030000000000000006,20.0
2026-03-09 11:10:00+09:00,9467,アルファポリス,9467.T,グロース,intraday_5m,1315.0,0.0007610350076103778,0.0,0.0043100347578199855,38.23529411764706,-0.017923823749066425,38215483392.0,18.32242,2.55207,0.15953,1.79,0.04,20.0
2026-03-09 11:10:00+09:00,9553,マイクロアド,9553.T,グロース,intraday_5m,822.0,-0.0036363636363636598,0.20919175911251983,0.0054586781192396535,38.46153846153846,-0.04640371229698381,22475608064.0,116.26591,5.81984,0.14084,,0.04,20.0
2026-03-09 11:10:00+09:00,9554,ＡＶｉＣ,9554.T,グロース,intraday_5m,1340.0,0.0,0.0,0.005866269796728453,54.23728813559322,-0.03458213256484155,8495218176.0,15.724009,3.4272501,0.27014,,0.04,20.0
2026-03-09 11:10:00+09:00,9556,ＩＮＴＬＯＯＰ,9556.T,グロース,intraday_5m,2730.0,-0.002557544757033292,0.08163265306122448,0.004158149862655262,51.93798449612403,-0.05926946933149557,25562785792.0,38.396626,3.9167695,0.27065,,0.030000000000000006,20.0
2026-03-09 10:40:00+09:00,9557,エアークローゼット,9557.T,グロース,intraday_5m,234.0,0.01298701298701288,0.2608695652173913,0.009139071818420467,25.0,-0.01680672268907568,1938502784.0,,6.293875,-0.71291,,0.01,20.0
2026-03-09 11:05:00+09:00,9558,ジャパニアス,9558.T,グロース,intraday_5m,2071.0,0.002420135527589462,2.857142857142857,0.004838445884449387,41.860465116279066,-0.024952919020715614,8209649152.0,10.821968,2.4293027,0.24,4.8,0.04000000000000001,15.0
2026-03-09 11:05:00+09:00,9560,プログリット,9560.T,グロース,intraday_5m,713.0,0.002812939521800173,0.11009174311926605,0.007853880830335152,45.00000000000001,-0.0325644504748982,8836809728.0,10.216363,3.7310698,0.40175,2.99,0.05,20.0
2026-03-09 10:55:00+09:00,9561,グラッドキューブ,9561.T,グロース,intraday_5m,396.0,0.0,0.0,0.0077071477403590025,25.925925925925924,-0.03649635036496346,3339431680.0,,4.6513267,-0.04223,,0.03333333333333334,18.0
2026-03-09 11:05:00+09:00,9562,ビジネスコーチ,9562.T,グロース,intraday_5m,2142.0,-0.008333333333333304,0.0,0.010105279589700585,18.33333333333333,-0.052631578947368474,3026558208.0,19.533102,1.9253086,0.05874,0.75,0.021052631578947368,19.0
2026-03-09 10:55:00+09:00,9563,Ａｔｌａｓ　Ｔｅｃｈｎｏｌｏｇｉｅｓ,9563.T,グロース,intraday_5m,284.0,-0.0035087719298245723,8.799999999999999,0.006186977579510883,,-0.01730103806228378,2093058176.0,,1.2583297,0.01321,,0.01,20.0
2026-03-09 11:00:00+09:00,9565,ＧＬＯＥ,9565.T,グロース,intraday_5m,716.0,0.0013986013986013734,0.42857142857142855,0.008999007158611296,17.64705882352942,-0.04149933065595712,1987524352.0,534.32837,4.140667,-0.01189,,0.04,20.0
2026-03-09 11:05:00+09:00,1376,カネコ種苗,1376.T,スタンダード,intraday_5m,1441.0,-0.0020775623268698418,0.0,0.0044584061899878335,56.36363636363637,-0.015710382513661192,15802248192.0,12.396766,0.62767255,0.05234,2.6,0.030000000000000006,20.0
2026-03-09 10:30:00+09:00,1380,秋川牧園,1380.T,スタンダード,intraday_5m,1026.0,-0.0019455252918287869,0.42857142857142855,0.00741611150873947,,-0.0320754716981132,4277519104.0,44.396362,1.9251878,0.060229998,0.94,0.030000000000000006,20.0
2026-03-09 10:35:00+09:00,1381,アクシーズ,1381.T,スタンダード,intraday_5m,3650.0,0.020979020979021046,1.411764705882353,0.013104653636000132,32.71028037383178,-0.03183023872679047,20497195008.0,9.159577,0.9141175,0.10371,2.98,0.06000000000000001,20.0
2026-03-09 10:35:00+09:00,1382,ホーブ,1382.T,スタンダード,intraday_5m,1791.0,-0.0050000000000000044,12.0,0.010792114999079973,,-0.03136830719307737,1364061440.0,,1.9266434,-0.00958,2.7,-0.030000000000000006,20.0
2026-03-09 10:45:00+09:00,1383,ベルグアース,1383.T,スタンダード,intraday_5m,3245.0,-0.0015384615384614886,0.8,0.0017903179342924024,38.46153846153846,-0.003072196620583667,5193155072.0,107.20185,2.4553924,0.024230001,0.31,-0.01,20.0
2026-03-09 11:05:00+09:00,1384,ホクリヨウ,1384.T,スタンダード,intraday_5m,3015.0,0.004999999999999893,0.5217391304347826,0.004811753683673053,40.50632911392405,-0.024271844660194164,25503528960.0,8.627103,2.5758753,0.11241999,3.88,0.06000000000000001,20.0
2026-03-09 11:10:00+09:00,1407,ウエストホールディングス,1407.T,スタンダード,intraday_5m,1522.0,0.0006574621959236637,0.28137931034482755,0.004431446902984037,47.99999999999999,-0.06338461538461537,60361412608.0,11.270735,1.7982849,0.16728,4.31,0.0,20.0
2026-03-09 11:10:00+09:00,1418,インターライフホールディングス,1418.T,スタンダード,intraday_5m,521.0,0.0,0.0,0.007417281892668159,26.66666666666667,-0.052727272727272734,7977577472.0,8.316041,1.7716147,0.20125,5.45,0.02,20.0
2026-03-09 11:10:00+09:00,1420,サンヨーホームズ,1420.T,スタンダード,intraday_5m,695.0,0.0,0.0,0.001056012932887592,50.0,-0.021126760563380254,8223041024.0,7.2350616,0.53080016,0.0348,3.52,0.01,20.0
2026-03-09 11:05:00+09:00,1430,ファーストコーポレーション,1430.T,スタンダード,intraday_5m,1035.0,0.0029069767441860517,1.0909090909090908,0.007632802767797798,60.869565217391305,-0.031805425631431294,12410231808.0,9.819735,1.2564781,0.13269,4.12,0.04,20.0
2026-03-09 11:10:00+09:00,1434,ＪＥＳＣＯホールディングス,1434.T,スタンダード,intraday_5m,1801.0,0.0005555555555556424,0.1610738255033557,0.006135261918197213,60.56338028169014,-0.09086320040383644,12493817856.0,11.596163,1.6408978,0.18907,2.42,0.02,20.0
2026-03-09 11:10:00+09:00,1435,ｒｏｂｏｔ　ｈｏｍｅ,1435.T,スタンダード,intraday_5m,187.0,0.005376344086021501,0.08739985433357611,0.003957157216613042,39.99999999999999,-0.06965174129353235,16808340480.0,30.01605,1.5056361,0.19454001,1.0,0.03157894736842106,19.0
2026-03-09 11:00:00+09:00,1438,岐阜造園,1438.T,スタンダード,intraday_5m,1824.0,-0.0016420361247947435,0.0,0.010227288794307905,,-0.003278688524590123,5917444608.0,15.477302,1.3707309,0.11375,2.19,0.07368421052631578,19.0
2026-03-09 11:10:00+09:00,1443,技研ホールディングス,1443.T,スタンダード,intraday_5m,294.0,0.0,0.06299212598425197,0.003992263540028635,50.0,-0.06666666666666665,4772890624.0,7.9373646,0.38661167,0.05262,0.35,0.08,20.0
2026-03-09 11:10:00+09:00,1446,キャンディル,1446.T,スタンダード,intraday_5m,582.0,0.0,0.0,0.0022520784485680796,54.54545454545455,-0.00512820512820511,5391473152.0,27.478754,1.8332094,0.07326,1.71,0.05555555555555555,18.0
2026-03-09 11:10:00+09:00,1450,ＴＡＮＡＫＥＮ,1450.T,スタンダード,intraday_5m,1573.0,-0.0006353240152477957,0.0,0.013050204089769948,50.63829787234042,-0.016874999999999973,13683136512.0,9.31872,1.5519035,0.17764,3.44,0.020000000000000004,20.0
2026-03-09 11:10:00+09:00,1491,中外鉱業,1491.T,スタンダード,intraday_5m,996.0,-0.0010030090270812808,0.04411764705882353,0.005292389146486507,52.08333333333334,-0.07089552238805974,14352747520.0,12.744721,1.5356342,0.15832,3.73,0.05,20.0
2026-03-09 11:10:00+09:00,1514,住石ホールディングス,1514.T,スタンダード,intraday_5m,980.0,-0.003051881993896277,0.34692962796952037,0.01091369451998479,35.08771929824562,0.013443640124095158,58626891776.0,18.560606,2.1103725,0.11983,1.55,0.01,20.0
2026-03-09 11:05:00+09:00,1711,ＳＤＳホールディングス,1711.T,スタンダード,intraday_5m,270.0,0.00746268656716409,0.41904761904761906,0.006847956949916576,36.36363636363636,-0.08163265306122447,2762819072.0,,4.506008,-0.069510005,,0.04,20.0
2026-03-09 11:10:00+09:00,1716,第一カッター興業,1716.T,スタンダード,intraday_5m,1517.0,0.0026437541308659274,0.0,0.006302000532517266,47.16981132075472,-0.02694034637588194,17070568448.0,9.990122,0.86329544,0.08911,2.57,0.06315789473684211,19.0
2026-03-09 11:00:00+09:00,1717,明豊ファシリティワークス,1717.T,スタンダード,intraday_5m,1043.0,0.0009596928982724684,0.0,0.004766984852695916,47.61904761904762,-0.027958993476234872,12264278016.0,12.673146,2.0774617,0.17406,4.01,0.08,20.0
2026-03-09 11:10:00+09:00,1718,美樹工業,1718.T,スタンダード,intraday_5m,7650.0,0.003937007874015741,0.0,0.008984274950119834,28.16901408450704,-0.04732254047322537,8361151488.0,8.574984,0.48540857,0.0929,3.74,0.04,20.0
2026-03-09 11:10:00+09:00,1723,日本電技,1723.T,スタンダード,intraday_5m,9930.0,0.0,0.04195804195804195,0.003703654138746703,25.0,-0.11101163831692029,158217207808.0,20.436304,3.5710857,,1.63,0.04,20.0
2026-03-09 10:40:00+09:00,1724,シンクレイヤ,1724.T,スタンダード,intraday_5m,701.0,0.0,0.9,0.008522385107530674,37.93103448275862,-0.03576341127922966,3161666304.0,6.71006,0.5230114,0.03918,5.5,0.021052631578947368,19.0
2026-03-09 10:55:00+09:00,1736,オーテック,1736.T,スタンダード,intraday_5m,2329.0,-0.0038494439692045024,0.0,0.009492142770081069,32.35294117647058,-0.0544051969143321,36086415360.0,9.995708,1.4577241,0.15039,3.74,0.05,20.0
2026-03-09 10:50:00+09:00,1758,太洋基礎工業,1758.T,スタンダード,intraday_5m,2500.0,0.0,0.0,0.0193117423340453,,-0.04141104294478526,4990005248.0,12.6128845,0.5423805,0.055219997,2.3,0.02,20.0
2026-03-09 11:10:00+09:00,1764,工藤建設,1764.T,スタンダード,intraday_5m,3060.0,0.0,0.0,0.015976343994556535,,-0.07272727272727275,3813751552.0,7.772613,0.6717984,,3.55,0.044444444444444446,18.0
2026-03-09 11:00:00+09:00,1768,ソネック,1768.T,スタンダード,intraday_5m,1433.0,-0.0027835768963118124,0.0,0.011211483114550284,31.16883116883116,-0.06584093872229468,10468592640.0,10.849485,1.0519084,0.12292,3.26,0.06,20.0
2026-03-09 09:10:00+09:00,1770,藤田エンジニアリング,1770.T,スタンダード,intraday_5m,1785.0,-0.024590163934426257,2.1818181818181817,0.01951885756481252,,-0.06348373557187825,16393522176.0,12.570422,0.83216083,0.06797,3.15,0.01,20.0
2026-03-09 10:40:00+09:00,1776,三井住建道路,1776.T,スタンダード,intraday_5m,1590.0,0.0,2.0377358490566038,0.01011490105932911,34.01360544217687,-0.02752293577981646,14635706368.0,54.32183,1.0940143,0.01777,3.06,0.030000000000000006,20.0
2026-03-09 11:05:00+09:00,1783,ｆａｎｔａｓｉｓｔａ,1783.T,スタンダード,intraday_5m,64.0,0.0,0.38967136150234744,0.009422943985145586,0.0,-0.07246376811594202,10882723840.0,,1.6640234,-0.03079,,0.04,20.0
2026-03-09 09:30:00+09:00,1787,ナカボーテック,1787.T,スタンダード,intraday_5m,6000.0,0.0,1.0,0.006575067695995147,,-0.025974025974025983,14712815616.0,15.88941,1.747879,0.11076,4.22,-0.011111111111111115,18.0
2026-03-09 11:05:00+09:00,1788,三東工業社,1788.T,スタンダード,intraday_5m,5500.0,-0.012567324955116699,0.0,0.02280217197023308,55.0,-0.04513888888888884,3447685888.0,10.597712,0.95805514,0.094849996,1.22,0.07,20.0
2026-03-09 11:10:00+09:00,1793,大本組,1793.T,スタンダード,intraday_5m,1815.0,-0.009279475982532759,4.5,0.00580048026054592,18.51851851851852,-0.04973821989528793,46158241792.0,36.54853,1.2918508,0.03313,1.99,0.04,20.0
2026-03-09 09:00:00+09:00,1795,マサル,1795.T,スタンダード,intraday_5m,4520.0,,,,,-0.030042918454935674,4020960256.0,9.917718,0.79226565,0.08607,2.36,0.04,20.0
2026-03-09 11:10:00+09:00,1798,守谷商会,1798.T,スタンダード,intraday_5m,6410.0,0.0015624999999999112,0.0,0.013572206392233999,,-0.057352941176470607,13979825152.0,5.100904,0.7682939,0.16181,1.76,0.1,20.0
2026-03-09 11:10:00+09:00,1799,第一建設工業,1799.T,スタンダード,intraday_5m,3885.0,-0.0025673940949936247,0.0,0.004386547546165323,51.72413793103448,-0.05932203389830504,68771241984.0,12.393531,2.4013143,0.060149997,3.15,0.05,20.0
2026-03-09 10:40:00+09:00,1807,佐藤渡辺,1807.T,スタンダード,intraday_5m,1950.0,-0.005102040816326481,1.894736842105263,0.006432111064206461,27.941176470588232,-0.03129657228017879,12176885760.0,10.438414,0.5564319,0.052160002,3.97,0.022222222222222223,18.0
2026-03-09 11:10:00+09:00,1810,松井建設,1810.T,スタンダード,intraday_5m,1704.0,-0.0023419203747072626,0.12244897959183675,0.0033991528390567866,59.67741935483871,-0.049107142857142905,48599543808.0,11.812007,0.88386923,0.09219,4.02,0.07,20.0
2026-03-09 11:10:00+09:00,1811,錢高組,1811.T,スタンダード,intraday_5m,8220.0,0.006119951040391758,2.526315789473684,0.01220369670983344,11.504424778761049,-0.07950727883538633,58868244480.0,14.360337,0.5328268,0.04146,1.23,0.08,20.0
2026-03-09 11:10:00+09:00,1822,大豊建設,1822.T,スタンダード,intraday_5m,826.0,-0.0012091898428052694,0.0,0.0018831834574450032,52.631578947368425,-0.03391812865497079,72899600384.0,22.463964,1.000556,0.06156,3.98,0.030000000000000006,20.0
2026-03-09 11:00:00+09:00,1826,佐田建設,1826.T,スタンダード,intraday_5m,1209.0,0.0008278145695364003,0.0,0.0072808958958677965,43.99999999999999,-0.03665338645418326,14563858432.0,24.638271,1.3227282,0.05806,4.78,0.04,20.0
2026-03-09 11:10:00+09:00,1827,ナカノフドー建設,1827.T,スタンダード,intraday_5m,1487.0,-0.0026827632461435824,0.6545454545454545,0.007244321806006674,32.786885245901644,-0.04372990353697748,51099537408.0,16.180632,1.0862023,0.07197,1.93,0.06,20.0
2026-03-09 10:45:00+09:00,1828,田辺工業,1828.T,スタンダード,intraday_5m,2694.0,-0.0007418397626113293,0.20338983050847456,0.008722294044794642,24.16666666666667,-0.035790980672870454,28284440576.0,10.043994,1.0746914,0.10528,3.29,0.02,20.0
2026-03-09 11:05:00+09:00,1840,土屋ホールディングス,1840.T,スタンダード,intraday_5m,236.0,-0.00421940928270037,0.7843137254901961,0.013187571720736882,39.99999999999999,-0.04065040650406504,6082898432.0,,0.4664797,-0.00716,4.07,-0.020000000000000004,20.0
2026-03-09 10:30:00+09:00,1841,サンユー建設,1841.T,スタンダード,intraday_5m,1586.0,-0.000630119722747291,3.0,0.0005146528052586684,,0.0,5172435968.0,10.330901,0.42900208,0.04368,1.89,0.04,20.0
2026-03-09 11:10:00+09:00,1844,大盛工業,1844.T,スタンダード,intraday_5m,502.0,-0.001988071570576566,0.36681222707423583,0.0050774568364244975,46.666666666666664,-0.04562737642585546,9364414464.0,18.46267,1.6051108,0.086940005,2.19,0.030000000000000006,20.0
2026-03-09 11:10:00+09:00,1847,イチケン,1847.T,スタンダード,intraday_5m,5840.0,-0.0034129692832765013,0.4444444444444444,0.004819086488675397,60.869565217391305,-0.06109324758842438,42391392256.0,8.122053,1.1219292,,3.7,0.09,20.0
2026-03-09 10:55:00+09:00,1848,富士ピー・エス,1848.T,スタンダード,intraday_5m,569.0,-0.01043478260869568,0.7619047619047619,0.0073462441503698295,22.85714285714286,-0.05166666666666664,10051295232.0,3.57457,0.7955705,0.22325,2.33,0.04,20.0
2026-03-09 11:10:00+09:00,1850,南海辰村建設,1850.T,スタンダード,intraday_5m,479.0,-0.002083333333333326,0.06818181818181818,0.005822713211144067,60.0,-0.0823754789272031,13808420864.0,6.68341,0.7501617,0.11437,1.15,0.04,20.0
2026-03-09 11:05:00+09:00,1853,森組,1853.T,スタンダード,intraday_5m,331.0,-0.003012048192771122,4.141176470588236,0.0068548237987479275,33.33333333333333,-0.032163742690058506,10840150016.0,12.268347,3.6936605,0.17448,4.09,0.010526315789473682,19.0
2026-03-09 11:05:00+09:00,1866,北野建設,1866.T,スタンダード,intraday_5m,1309.0,-0.0007633587786259888,0.0,0.015618987800188295,38.29787234042553,-0.06699928724162507,31842068480.0,12.023514,0.6440915,0.07033,1.96,0.06,20.0
2026-03-09 11:10:00+09:00,1867,植木組,1867.T,スタンダード,intraday_5m,2944.0,-0.0020338983050847137,0.1875,0.008347051412343926,46.34146341463415,-0.04260162601626016,19359717376.0,8.267573,0.6296311,0.08371,3.25,0.11000000000000001,20.0
2026-03-09 11:00:00+09:00,1897,金下建設,1897.T,スタンダード,intraday_5m,3370.0,0.008982035928143617,0.0,0.015878429986777354,,0.01812688821752273,7094459904.0,45.247044,0.36468118,0.01263,1.51,0.0,20.0
2026-03-09 11:10:00+09:00,1904,大成温調,1904.T,スタンダード,intraday_5m,5070.0,0.0,0.0,0.006970221610597453,33.33333333333333,-0.03428571428571425,30677485568.0,13.855109,1.0774934,0.09157,3.31,0.05263157894736842,19.0
2026-03-09 11:10:00+09:00,1905,テノックス,1905.T,スタンダード,intraday_5m,1413.0,-0.0021186440677966045,0.0,0.007767389462173382,72.17391304347827,0.012903225806451646,9417611264.0,12.474619,0.69425035,0.06764,3.73,0.04,20.0
2026-03-09 11:10:00+09:00,1909,日本ドライケミカル,1909.T,スタンダード,intraday_5m,11460.0,0.002624671916010568,0.11764705882352941,0.004351955342339604,38.70967741935484,-0.09263657957244653,76824543232.0,16.61833,2.5672355,0.17616,0.71,0.04,20.0
2026-03-09 11:10:00+09:00,1914,日本基礎技術,1914.T,スタンダード,intraday_5m,699.0,0.0014326647564470996,0.0,0.007783954856430574,42.10526315789474,-0.04768392370572205,12785914880.0,11.474065,0.5331962,0.0471,3.68,0.030000000000000006,20.0
2026-03-09 11:05:00+09:00,1921,巴コーポレーション,1921.T,スタンダード,intraday_5m,1981.0,0.0,0.21428571428571427,0.004831200767705057,40.0,-0.008012018027040546,73092685824.0,30.713179,0.97321236,0.025840001,1.2,0.06,20.0
2026-03-09 11:05:00+09:00,1948,弘電社,1948.T,スタンダード,intraday_5m,6190.0,0.0016181229773462036,0.0,0.01052321305463103,44.444444444444436,-0.05206738131699851,54060859392.0,18.733732,2.39621,0.13052,1.38,0.04,20.0
2026-03-09 11:10:00+09:00,1960,サンテック,1960.T,スタンダード,intraday_5m,1404.0,0.0042918454935623185,0.0,0.004144325383729238,83.87096774193549,-0.06834771068347711,21557934080.0,8.477238,0.6783258,0.06866,2.65,0.07,20.0
2026-03-09 11:10:00+09:00,1965,テクノ菱和,1965.T,スタンダード,intraday_5m,6040.0,0.0,0.0,0.00604619271340438,50.0,-0.09172932330827066,123841814528.0,12.493278,2.0989377,0.20941,1.74,0.030000000000000006,20.0
2026-03-09 11:10:00+09:00,1966,高田工業所,1966.T,スタンダード,intraday_5m,1760.0,0.0,0.0,0.008461281961468104,38.095238095238095,-0.04658721560130008,12863102976.0,8.452192,0.63665557,0.06403,3.79,0.01,20.0
2026-03-09 11:10:00+09:00,1967,ヤマト,1967.T,スタンダード,intraday_5m,2138.0,-0.0014012143858009862,0.4444444444444444,0.0027660581961449714,34.0,-0.06269180184129763,47863287808.0,10.962416,1.1780893,0.120620005,2.46,0.05,20.0
2026-03-09 11:10:00+09:00,1972,三晃金属工業,1972.T,スタンダード,intraday_5m,1366.0,0.0014662756598240456,0.45161290322580644,0.0027962797451039057,48.484848484848484,-0.03599153140437539,26333452288.0,8.844286,1.7595882,0.12157,4.87,0.030000000000000006,20.0
2026-03-09 11:05:00+09:00,1981,協和日成,1981.T,スタンダード,intraday_5m,1559.0,0.010369410239792654,0.0,0.008556172945644716,43.11926605504587,-0.022570532915360486,15781093376.0,11.6919155,1.4780082,0.0725,2.82,0.05,20.0
2026-03-06 00:00:00+09:00,1992,神田通信機,1992.T,スタンダード,daily_fallback,2849.0,0.0,0.0,0.006533806061874204,49.70414201183432,0.0,6524902400.0,17.30127,1.0658288,0.04221,2.67,0.01,20.0
2026-03-09 10:55:00+09:00,1994,高橋カーテンウォール工業,1994.T,スタンダード,intraday_5m,569.0,0.021543985637342944,0.48,0.009776854068956006,39.99999999999999,-0.01557093425605538,4523918336.0,69.815956,0.41770574,0.01762,3.46,0.030000000000000006,20.0
2026-03-09 11:00:00+09:00,1997,暁飯島工業,1997.T,スタンダード,intraday_5m,3765.0,-0.003968253968253954,0.0,0.022922241518914224,31.292517006802726,-0.05992509363295884,7613006848.0,9.553656,4.1271715,0.1333,2.37,0.02,20.0
2026-03-09 11:05:00+09:00,2003,日東富士製粉,2003.T,スタンダード,intraday_5m,7110.0,0.0,0.0,0.0038055805354624862,41.17647058823529,-0.001404494382022503,64736571392.0,18.948883,1.3260714,0.068969995,3.93,0.0,20.0
2026-03-09 11:10:00+09:00,2009,鳥越製粉,2009.T,スタンダード,intraday_5m,1092.0,0.003676470588235281,1.1578947368421053,0.005167696111022955,67.85714285714286,-0.002739726027397249,25432537088.0,22.665007,0.69189465,0.03121,4.47,0.06,20.0
2026-03-09 11:10:00+09:00,2055,日和産業,2055.T,スタンダード,intraday_5m,369.0,0.016528925619834656,0.0,0.010365947044043453,32.69230769230769,-0.0489690721649485,6683251200.0,21.280277,0.34788677,0.034649998,1.55,0.05,20.0
2026-03-09 11:10:00+09:00,2112,塩水港精糖,2112.T,スタンダード,intraday_5m,553.0,0.0,0.0851063829787234,0.0031796005904884948,61.53846153846153,-0.04159445407279028,15219982336.0,5.8475204,0.7787997,0.14479,3.47,0.08,20.0
2026-03-09 10:55:00+09:00,2114,フジ日本,2114.T,スタンダード,intraday_5m,654.0,-0.0015267175572518665,0.9473684210526315,0.002959269408604731,29.16666666666667,-0.015060240963855387,33551659008.0,12.341951,1.2402196,0.120340005,3.16,0.04,20.0
2026-03-09 11:10:00+09:00,2122,インタースペース,2122.T,スタンダード,intraday_5m,1300.0,-0.000768639508070712,0.11320754716981131,0.005950464402311012,41.48936170212766,-0.009146341463414642,8159880192.0,39.634148,1.4657053,0.047080003,2.29,0.05263157894736842,19.0
2026-03-09 11:10:00+09:00,2134,北浜キャピタルパートナーズ,2134.T,スタンダード,intraday_5m,32.0,0.032258064516129004,0.023259677687323475,0.022111941349716203,60.0,-0.030303030303030276,17526112256.0,,3.1216466,-0.32606,,0.01,20.0
2026-03-09 10:40:00+09:00,2136,ヒップ,2136.T,スタンダード,intraday_5m,1517.0,-0.0006587615283267789,1.0434782608695652,0.02184546672414961,39.23611111111111,-0.032525510204081676,5773688320.0,14.418781,3.1924005,0.12212,3.51,0.011111111111111112,18.0
2026-03-09 11:05:00+09:00,2138,クルーズ,2138.T,スタンダード,intraday_5m,538.0,0.005607476635514086,0.0,0.0065039032533750546,27.027027027027017,-0.051146384479717866,5147433472.0,,0.5790139,-0.039690003,,0.01,20.0
2026-03-09 10:55:00+09:00,2139,中広,2139.T,スタンダード,intraday_5m,524.0,-0.01132075471698113,0.0,0.004738669102095823,29.629629629629633,-0.02420856610800748,3563212544.0,28.870523,1.7535523,0.09155,2.23,0.02,20.0
2026-03-09 09:55:00+09:00,2152,幼児活動研究会,2152.T,スタンダード,intraday_5m,1421.0,-0.020000000000000018,1.5,0.01126631027934484,,-0.020000000000000018,15350423552.0,15.50633,3.4891715,0.10626,1.66,0.04,20.0
2026-03-09 10:55:00+09:00,2156,セーラー広告,2156.T,スタンダード,intraday_5m,309.0,-0.003225806451612856,0.09302325581395349,0.0042153660234771845,50.0,-0.012779552715655007,1544095232.0,18.65942,0.7309233,0.00721,1.92,0.01,20.0
2026-03-09 11:10:00+09:00,2162,ｎｍｓ　ホールディングス,2162.T,スタンダード,intraday_5m,443.0,0.002262443438914019,1.0,0.005169218661936953,13.333333333333329,-0.04112554112554112,8505927680.0,,1.8439049,-0.15869,4.33,0.02,20.0
2026-03-09 11:05:00+09:00,2169,ＣＤＳ,2169.T,スタンダード,intraday_5m,1834.0,0.0005455537370431252,0.0,0.0009538221957240813,,-0.0005449591280654031,12507217920.0,13.672283,1.4065701,0.051269997,4.03,-2.7755575615628915e-18,20.0
2026-03-09 10:55:00+09:00,2179,成学社,2179.T,スタンダード,intraday_5m,807.0,0.0,0.0,0.007622029550907919,,-0.012239902080783405,4477153792.0,9.741672,1.041199,0.11934,2.69,0.044444444444444446,18.0
2026-03-09 11:10:00+09:00,2180,サニーサイドアップグループ,2180.T,スタンダード,intraday_5m,931.0,-0.005341880341880323,3.6521739130434785,0.005102904048856472,42.857142857142854,-0.06243705941591138,13629415424.0,9.0847,2.589175,0.31308,3.02,0.037500000000000006,16.0
2026-03-09 11:10:00+09:00,2183,リニカル,2183.T,スタンダード,intraday_5m,308.0,0.0,4.9411764705882355,0.005558686427916445,39.99999999999999,-0.028391167192429068,6956620800.0,,1.2269742,-0.26568002,5.05,-2.921639538487254e-18,19.0
2026-03-09 10:35:00+09:00,2185,シイエム・シイ,2185.T,スタンダード,intraday_5m,1889.0,0.002653927813163426,0.8571428571428571,0.00760173369123741,46.308724832214764,-0.020228215767634894,24408784896.0,11.513378,1.1203642,0.11298,2.85,0.05333333333333334,15.0
2026-03-09 11:10:00+09:00,2186,ソーバル,2186.T,スタンダード,intraday_5m,901.0,0.0,0.043010752688172046,0.0019331854235887392,,-0.0055187637969095205,7088378880.0,17.204506,1.6051593,0.08484,3.64,0.030000000000000006,20.0
2026-03-09 11:10:00+09:00,2193,クックパッド,2193.T,スタンダード,intraday_5m,143.0,0.0,2.0181818181818185,0.006267475066673003,39.99999999999999,-0.020547945205479423,10425100288.0,14.973822,0.8181995,0.05589,,0.022222222222222223,18.0
2026-03-09 11:10:00+09:00,2196,エスクリ,2196.T,スタンダード,intraday_5m,158.0,0.0,5.71875,0.006989325879873293,42.857142857142854,-0.030674846625766916,2134332672.0,,0.68286824,-0.099870004,,0.03157894736842106,19.0
2026-03-09 11:05:00+09:00,2204,中村屋,2204.T,スタンダード,intraday_5m,3260.0,0.0,0.0,0.0024273418717229898,31.818181818181827,-0.012121212121212088,18828732416.0,24.452444,0.7467158,,2.12,0.02,20.0
2026-03-09 11:10:00+09:00,2208,ブルボン,2208.T,スタンダード,intraday_5m,3210.0,0.0,0.0,0.0029205872457360293,47.99999999999999,-0.007727975270479082,77597024256.0,15.57723,1.203015,0.08568,1.3,0.06,20.0
2026-03-09 11:10:00+09:00,2215,第一屋製パン,2215.T,スタンダード,intraday_5m,600.0,0.0,0.07894736842105263,0.003750453129110575,25.0,-0.019607843137254943,4154046720.0,15.940489,0.4856247,0.038540002,,0.011111111111111112,18.0
2026-03-09 11:15:00+09:00,2216,カンロ,2216.T,スタンダード,intraday_5m,1173.0,0.0,0.0,0.0032962528749251097,32.35294117647058,-0.06608280254777066,49428463616.0,14.684527,2.603554,0.18868,2.63,0.044444444444444446,18.0
2026-03-09 11:00:00+09:00,2221,岩塚製菓,2221.T,スタンダード,intraday_5m,3200.0,0.0015649452269170805,0.0,0.007153782538632108,36.0,-0.019908116385911168,32827797504.0,16.226357,0.4729532,0.033299997,0.92,0.0,20.0
2026-03-09 11:10:00+09:00,2224,コモ,2224.T,スタンダード,intraday_5m,3850.0,0.0,0.0,0.004340851127803764,41.666666666666664,-0.0077319587628865705,13376893952.0,,6.2585955,0.03484,0.18,0.030000000000000006,20.0
2026-03-09 09:00:00+09:00,2226,湖池屋,2226.T,スタンダード,intraday_5m,4650.0,-0.004282655246252709,0.0,0.003615187328171708,,-0.004282655246252709,49605169152.0,22.476797,2.4493964,0.12746,1.18,-0.01,20.0
2026-03-09 11:05:00+09:00,2268,Ｂ－Ｒ　サーティワン　アイスクリーム,2268.T,スタンダード,intraday_5m,4000.0,-0.0012484394506866447,0.0,0.0008669929805304647,20.0,-0.0037359900373599153,38543347712.0,23.331778,2.5728154,0.12371001,1.49,0.06,20.0
2026-03-09 11:15:00+09:00,2286,林兼産業,2286.T,スタンダード,intraday_5m,836.0,0.0023980815347721673,0.0,0.010816022232114426,36.36363636363636,-0.059617547806524174,6827021824.0,4.5715537,0.5204595,0.114379995,1.69,0.04,20.0
2026-03-09 10:50:00+09:00,2291,福留ハム,2291.T,スタンダード,intraday_5m,605.0,-0.008196721311475419,3.7714285714285714,0.008393995908650973,37.93103448275862,-0.013050570962479635,2018602496.0,,0.99559957,-0.21576999,,0.030000000000000006,20.0
2026-03-09 11:10:00+09:00,2293,滝沢ハム,2293.T,スタンダード,intraday_5m,3000.0,0.0033444816053511683,0.0,0.0032909767297310587,,0.0030090270812437314,6160592896.0,,1.7357867,-0.047140002,0.67,-0.01,20.0
2026-03-09 11:10:00+09:00,2300,きょくとう,2300.T,スタンダード,intraday_5m,497.0,0.0,0.0,0.0030936614614664065,,-0.006000000000000005,2614774528.0,73.088234,0.80982745,0.07152,2.2,-0.01,20.0
2026-03-09 11:10:00+09:00,2303,ドーン,2303.T,スタンダード,intraday_5m,2637.0,-0.0007578628268283261,0.27906976744186046,0.008173587373821907,47.61904761904762,-0.03618421052631582,7979546112.0,18.751333,2.8177261,0.1577,0.95,0.07,20.0
2026-03-09 11:10:00+09:00,2304,ＣＳＳホールディングス,2304.T,スタンダード,intraday_5m,947.0,-0.0031578947368421373,0.0,0.005911448241785369,30.95238095238095,-0.02169421487603307,4674005504.0,8.112044,1.5010612,0.20861,4.13,0.04,20.0
2026-03-09 11:15:00+09:00,2305,スタジオアリス,2305.T,スタンダード,intraday_5m,1945.0,-0.0005138746145940676,0.0,0.0026243703724646203,39.99999999999999,-0.00815910249872509,33033529344.0,20.837797,1.0918012,0.04449,2.55,0.02,20.0
2026-03-09 11:10:00+09:00,2311,エプコ,2311.T,スタンダード,intraday_5m,787.0,-0.0025348542458808465,0.0,0.005634880622514764,42.857142857142854,-0.023573200992555776,7045799936.0,15.044924,1.5074462,0.09101,3.97,0.05,16.0
2026-03-09 11:10:00+09:00,2315,ＣＡＩＣＡ　ＤＩＧＩＴＡＬ,2315.T,スタンダード,intraday_5m,80.0,0.0,0.0,0.008877934945646976,33.33333333333333,-0.08045977011494254,13490914304.0,65.57377,3.3519084,0.063,,0.03157894736842106,19.0
2026-03-09 11:15:00+09:00,2323,ｆｏｎｆｕｎ,2323.T,スタンダード,intraday_5m,330.0,-0.0030211480362537513,0.0,0.005302515326643984,45.00000000000001,-0.0807799442896936,6930827776.0,27.522936,1.9175568,0.06981,,0.030000000000000006,20.0
2026-03-09 11:10:00+09:00,2329,東北新社,2329.T,スタンダード,intraday_5m,648.0,0.0015455950540959051,0.0,0.0035452581022582213,59.25925925925926,-0.003076923076923088,89223512064.0,9.440559,1.0317781,0.16194001,4.17,0.047058823529411764,17.0
2026-03-09 10:55:00+09:00,2330,フォーサイド,2330.T,スタンダード,intraday_5m,111.0,0.0,0.048582995951417,0.007304082212281455,37.5,-0.034782608695652195,4838776320.0,14.528796,1.5726389,0.15785,,0.030000000000000006,20.0
2026-03-09 11:10:00+09:00,2332,クエスト,2332.T,スタンダード,intraday_5m,1586.0,0.0,0.0,0.008666690095246267,23.80952380952381,-0.05651397977394412,8534308864.0,11.381413,1.1388189,0.10808,3.27,0.01,20.0
2026-03-09 11:15:00+09:00,2338,クオンタムソリューションズ,2338.T,スタンダード,intraday_5m,107.0,0.0,0.0,0.010713107647128083,55.55555555555556,-0.0854700854700855,4924439040.0,,5.4422464,-2.2692301,,0.03157894736842106,19.0
2026-03-09 11:15:00+09:00,2340,極楽湯ホールディングス,2340.T,スタンダード,intraday_5m,482.0,-0.006185567010309256,0.0,0.0038825185590681596,43.99999999999999,-0.01632653061224487,15181083648.0,21.336874,3.3221445,0.16882,,0.05,20.0
2026-03-09 11:10:00+09:00,2341,アルバイトタイムス,2341.T,スタンダード,intraday_5m,184.0,0.005464480874316946,1.2110091743119265,0.0039791094594485215,44.444444444444436,-0.010752688172043001,3365264640.0,,1.221512,-0.15362,2.69,0.02,20.0
2026-03-09 11:10:00+09:00,2342,トランスジェニックグループ,2342.T,スタンダード,intraday_5m,272.0,0.0,0.0,0.003804734070980346,42.857142857142854,-0.05882352941176472,4529675776.0,,0.91656864,-0.14701,,0.02,20.0
2026-03-09 11:05:00+09:00,2344,平安レイサービス,2344.T,スタンダード,intraday_5m,1475.0,0.0,0.2727272727272727,0.0005350971647958788,50.0,-0.0006775067750677266,17444374528.0,13.09714,0.799005,0.0646,2.44,0.030000000000000006,20.0
2026-03-09 11:15:00+09:00,2345,ＨＯＤＬ１,2345.T,スタンダード,intraday_5m,213.0,-0.004672897196261627,0.0,0.006872751033949212,38.46153846153846,-0.07792207792207795,3957522176.0,,9.268123,-1.46961,,0.04000000000000001,15.0
2026-03-09 09:00:00+09:00,2349,エヌアイデイ,2349.T,スタンダード,intraday_5m,2415.0,-0.010245901639344246,0.0,0.0037911341642497703,,-0.010245901639344246,26385221632.0,11.376484,1.1263893,0.10467,1.19,-0.010000000000000004,20.0
2026-03-09 11:05:00+09:00,2351,ＡＳＪ,2351.T,スタンダード,intraday_5m,355.0,0.0,0.125,0.0066000938128728415,30.769230769230774,-0.06578947368421051,2769668096.0,12.904398,0.9651696,0.08667,0.53,0.037500000000000006,16.0
2026-03-09 11:15:00+09:00,2354,ＹＥ　ＤＩＧＩＴＡＬ,2354.T,スタンダード,intraday_5m,746.0,-0.0013386880856760541,0.0,0.002483234354370126,30.0,-0.06045340050377834,13298184192.0,15.528726,1.7592514,0.17979999,2.52,0.01,20.0
2026-03-09 10:45:00+09:00,2373,ケア２１,2373.T,スタンダード,intraday_5m,423.0,0.0,0.16901408450704228,0.006456486943882266,44.444444444444436,-0.02083333333333337,5714612224.0,14.857745,1.2923133,0.096990004,3.94,0.023529411764705882,17.0
2026-03-09 11:05:00+09:00,2375,ギグワークス,2375.T,スタンダード,intraday_5m,206.0,0.0,0.3888888888888889,0.012994683578750457,34.61538461538463,-0.09251101321585908,4088292352.0,15.025529,1.4621959,0.09981,0.88,0.030000000000000006,20.0
2026-03-09 10:00:00+09:00,2376,サイネックス,2376.T,スタンダード,intraday_5m,727.0,0.0,0.25,0.006723131215164815,,-0.008185538881309684,4077003520.0,28.998804,0.51566976,0.01742,2.05,0.0125,16.0
2026-03-09 10:15:00+09:00,2391,プラネット,2391.T,スタンダード,intraday_5m,1238.0,0.0,0.36363636363636365,0.004192726338227335,37.5,-0.008807045636509248,8208893440.0,20.479734,1.4590987,0.07714,3.52,0.04,20.0
2026-03-09 11:05:00+09:00,2393,日本ケアサプライ,2393.T,スタンダード,intraday_5m,2399.0,0.0029264214046822445,0.0,0.0056620095088625606,47.972972972972975,-0.009905076351630182,37278109696.0,18.06748,2.0757298,0.12474,2.97,0.04,20.0
2026-03-09 10:55:00+09:00,2404,鉄人化ホールディングス,2404.T,スタンダード,intraday_5m,506.0,0.0,1.6216216216216217,0.0018110094696890406,25.0,-0.013645224171540016,6760191488.0,20.047544,7.6645765,1.0842099,,0.0736842105263158,19.0
2026-03-09 11:15:00+09:00,2408,ＫＧ情報,2408.T,スタンダード,intraday_5m,707.0,0.0014164305949009304,0.0,0.00408299204672053,46.666666666666664,-0.023480662983425438,5175260672.0,21.417753,0.859678,0.05618,5.25,0.04,20.0
2026-03-09 11:00:00+09:00,2411,ゲンダイエージェンシー,2411.T,スタンダード,intraday_5m,473.0,0.0,0.0,0.004589426084262653,50.0,-0.020703933747411973,5202999808.0,10.928836,1.3717382,0.11951,4.97,0.05,20.0
2026-03-09 10:55:00+09:00,2415,ヒューマンホールディングス,2415.T,スタンダード,intraday_5m,1787.0,0.0028058361391694042,0.0,0.012930987256555783,,-0.029858849077090133,18545418240.0,6.760489,0.9901028,0.14422,3.94,0.06,20.0
2026-03-09 11:15:00+09:00,2418,ツカダ・グローバルホールディング,2418.T,スタンダード,intraday_5m,653.0,-0.004573170731707266,0.4318429661941112,0.0027304166222011043,45.00000000000001,-0.060431654676258995,30917240832.0,6.488474,0.8308406,0.123409994,2.01,0.05263157894736842,19.0
2026-03-09 09:30:00+09:00,2424,ブラス,2424.T,スタンダード,intraday_5m,606.0,-0.006557377049180357,0.2647058823529412,0.0023189470711064562,,-0.008183306055646433,3223108608.0,7.815321,0.8120712,0.05613,1.31,0.021052631578947368,19.0
2026-03-09 11:05:00+09:00,2425,ケアサービス,2425.T,スタンダード,intraday_5m,791.0,0.0012658227848101333,0.0,0.004167946239316585,,-0.007528230865746499,3000415744.0,11.43394,1.0531473,0.11739001,2.76,0.0,17.0
2026-03-09 11:15:00+09:00,2428,ウェルネット,2428.T,スタンダード,intraday_5m,649.0,-0.0015384615384614886,0.0,0.006592993594805815,53.846153846153854,-0.02552552552552556,12179809280.0,12.060955,1.381283,0.118590005,4.43,0.023529411764705882,17.0
2026-03-09 11:10:00+09:00,2435,シダー,2435.T,スタンダード,intraday_5m,218.0,0.0,0.8407643312101911,0.0034777619816647033,50.0,-0.08786610878661083,2446387968.0,5.7083006,1.3363247,0.31768999,6.69,0.05,20.0
2026-03-09 11:00:00+09:00,2436,共同ピーアール,2436.T,スタンダード,intraday_5m,999.0,0.003012048192771122,0.0,0.014278647700586943,36.054421768707485,-0.038498556304138565,8722391040.0,14.308221,2.0125751,0.22758,1.54,0.04,20.0
2026-03-09 11:10:00+09:00,2437,Ｓｈｉｎｗａ　Ｗｉｓｅ　Ｈｏｌｄｉｎｇｓ,2437.T,スタンダード,intraday_5m,766.0,-0.0013037809647978849,0.03773584905660377,0.012981001340478752,61.72839506172839,-0.034047919293820894,8439648768.0,,4.0731897,-0.26227,,0.01,20.0
2026-03-09 11:10:00+09:00,2440,ぐるなび,2440.T,スタンダード,intraday_5m,140.0,0.0,0.0,0.006100420714750034,30.0,-0.04109589041095896,7895319040.0,164.70587,1.5079708,,,0.021052631578947368,19.0
2026-03-09 11:05:00+09:00,2449,プラップジャパン,2449.T,スタンダード,intraday_5m,1053.0,0.0019029495718363432,0.0,0.007760090304795576,,-0.014044943820224698,4674195456.0,9.800818,0.8913418,0.09736,3.84,0.02666666666666667,15.0
2026-03-09 09:20:00+09:00,2454,オールアバウト,2454.T,スタンダード,intraday_5m,391.0,0.0,0.26666666666666666,0.004283342966581042,,-0.010126582278481067,5510490624.0,94.216866,1.4162407,-0.0067299996,0.76,0.011111111111111112,18.0
2026-03-09 11:00:00+09:00,2459,アウンコンサルティング,2459.T,スタンダード,intraday_5m,201.0,-0.004950495049504955,0.47592067988668557,0.009486418561919528,25.000000000000014,-0.06511627906976747,1508062848.0,,4.9282823,-0.30361998,,0.021052631578947368,19.0
2026-03-09 09:55:00+09:00,2464,Ａｏｂａ‐ＢＢＴ,2464.T,スタンダード,intraday_5m,347.0,0.011661807580174877,3.6,0.0077472493240245445,52.777777777777786,0.0,4394173440.0,18.177055,0.96405756,0.03612,3.17,0.03333333333333334,18.0
2026-03-09 11:15:00+09:00,2469,ヒビノ,2469.T,スタンダード,intraday_5m,3995.0,-0.0012499999999999734,0.0,0.005009093488418529,59.523809523809526,-0.03385731559854899,39611056128.0,17.502739,2.9463522,0.23327999,1.93,0.04,20.0
2026-03-09 11:15:00+09:00,2477,手間いらず,2477.T,スタンダード,intraday_5m,2754.0,0.0,0.0,0.007668882211657748,27.272727272727266,-0.027885633603953353,16640719872.0,15.755149,10.014545,0.06313,1.69,0.044444444444444446,18.0
2026-03-09 11:00:00+09:00,2479,ジェイテック,2479.T,スタンダード,intraday_5m,239.0,-0.004166666666666652,0.0,0.006287562076500573,21.42857142857143,-0.03629032258064513,1913601280.0,10.165887,1.362965,0.107200004,4.03,0.010526315789473684,19.0
2026-03-09 09:35:00+09:00,2480,システム・ロケーション,2480.T,スタンダード,intraday_5m,1700.0,0.0,2.347826086956522,0.010844530932687321,,-0.009324009324009341,5997746176.0,16.45692,1.4765738,0.098620005,2.21,0.12000000000000002,20.0
2026-03-09 11:05:00+09:00,2481,タウンニュース社,2481.T,スタンダード,intraday_5m,678.0,0.0,0.3076923076923077,0.0045735585186072614,,-0.013100436681222738,3742982400.0,9.780727,0.7110526,0.07535,2.91,0.02,20.0
2026-03-09 11:00:00+09:00,2483,翻訳センター,2483.T,スタンダード,intraday_5m,1873.0,0.0,0.3333333333333333,0.0029586947180436233,33.33333333333333,-0.01265155508697946,6274883584.0,8.6608715,0.915982,0.09791,3.95,0.02,20.0
2026-03-09 11:10:00+09:00,2484,出前館,2484.T,スタンダード,intraday_5m,131.0,0.0,0.0,0.00876883557814996,33.33333333333333,-0.04379562043795615,14591587328.0,,0.5413514,-0.20291,,0.030000000000000006,20.0
2026-03-09 11:15:00+09:00,2485,ティア,2485.T,スタンダード,intraday_5m,517.0,-0.0019305019305019266,0.0,0.008623484836536553,45.00000000000001,-0.030018761726078758,11633711104.0,13.055556,1.3388996,0.0857,3.75,0.04,20.0
2026-03-09 11:15:00+09:00,2488,ＪＴＰ,2488.T,スタンダード,intraday_5m,1183.0,-0.002529510961214121,1.5211267605633805,0.004405995761377897,54.54545454545455,-0.031122031122031157,6744954880.0,10.577611,2.2595267,0.11047,3.52,0.05,16.0
2026-03-09 11:15:00+09:00,2489,アドウェイズ,2489.T,スタンダード,intraday_5m,265.0,0.0,0.0,0.008087836818647156,28.57142857142857,-0.046762589928057596,10356761600.0,40.89506,0.7584647,0.02086,2.36,0.042105263157894736,19.0
2026-03-09 11:15:00+09:00,2493,イーサポートリンク,2493.T,スタンダード,intraday_5m,988.0,0.0,0.0,0.0027753590451483514,22.727272727272734,-0.01200000000000001,4371364352.0,29.759035,1.1792185,0.040359996,0.5,0.02,20.0
2026-03-09 11:10:00+09:00,2498,オリエンタルコンサルタンツホールディングス,2498.T,スタンダード,intraday_5m,3015.0,0.004999999999999893,0.0,0.0072542558769879174,30.95238095238095,-0.02898550724637683,36278411264.0,9.473386,1.2596731,0.14713,4.03,0.0625,16.0
2026-03-09 11:10:00+09:00,2499,日本和装ホールディングス,2499.T,スタンダード,intraday_5m,353.0,-0.008426966292134797,0.0,0.005809629220631905,55.99999999999999,-0.005633802816901401,3200156672.0,10.635735,0.8574913,0.062750004,5.63,0.021052631578947368,19.0
2026-03-09 11:10:00+09:00,2573,北海道コカ・コーラボトリング,2573.T,スタンダード,intraday_5m,4055.0,0.0012345679012346622,0.0,0.002746899980891909,66.66666666666666,-0.009768009768009733,55176781824.0,36.6736,1.2722898,0.03907,0.73,0.04,20.0
2026-03-09 11:00:00+09:00,2588,プレミアムウォーターホールディングス,2588.T,スタンダード,intraday_5m,3930.0,0.0,0.2727272727272727,0.0077989438502471635,36.111111111111114,-0.01995012468827928,119679565824.0,18.596508,4.078917,0.25823,2.74,0.05,20.0
2026-03-09 10:40:00+09:00,2597,ユニカフェ,2597.T,スタンダード,intraday_5m,1042.0,0.0,0.5806451612903226,0.002333202401294094,25.000000000000014,-0.008563273073263544,13945166848.0,22.029598,1.9646441,0.09899,0.95,0.023529411764705882,17.0
2026-03-09 11:10:00+09:00,2612,かどや製油,2612.T,スタンダード,intraday_5m,4985.0,-0.004990019960079861,0.0,0.009638367619063,27.848101265822777,-0.0167652859960552,45880029184.0,17.34094,1.2383631,0.078,2.66,0.0736842105263158,19.0
2026-03-09 11:15:00+09:00,2652,まんだらけ,2652.T,スタンダード,intraday_5m,330.0,0.0,0.0,0.003337952806807888,38.46153846153846,-0.07042253521126762,10690525184.0,9.604191,3.5417604,0.09157,0.28,0.06,20.0
2026-03-09 11:15:00+09:00,2653,イオン九州,2653.T,スタンダード,intraday_5m,2790.0,0.0007173601147776321,0.2926829268292683,0.0017140399763959013,61.53846153846153,-0.008528784648187626,95287894016.0,12.455913,1.6540165,0.12810001,2.13,0.02,20.0
2026-03-09 11:00:00+09:00,2654,アスモ,2654.T,スタンダード,intraday_5m,402.0,0.0,0.0,0.004307875729604404,,-0.012285012285012331,5412721152.0,19.142857,0.7960459,0.04447,2.46,0.05555555555555555,18.0
2026-03-09 10:40:00+09:00,2656,ベクターホールディングス,2656.T,スタンダード,intraday_5m,141.0,0.0071428571428571175,0.3,0.010194790664649967,42.10526315789474,-0.013986013986013957,3455458816.0,,6.3220196,-1.5167799,,0.030000000000000006,20.0
2026-03-09 11:10:00+09:00,2666,オートウェーブ,2666.T,スタンダード,intraday_5m,160.0,0.0,0.0,0.007809644236126955,38.46153846153846,-0.053254437869822535,2312126208.0,7.6335883,0.66979235,0.04,2.37,0.07,20.0
2026-03-09 11:10:00+09:00,2667,イメージ　ワン,2667.T,スタンダード,intraday_5m,222.0,0.004524886877828038,0.24193548387096775,0.006427292588410442,33.33333333333333,-0.07499999999999996,2877378048.0,,1.983223,-0.54605997,,0.01,20.0
2026-03-09 10:25:00+09:00,2668,タビオ,2668.T,スタンダード,intraday_5m,1264.0,-0.0047244094488189115,0.7272727272727273,0.007609323607803529,,-0.0062893081761006275,8569744384.0,14.13554,1.6719223,0.14494,2.36,0.07,20.0
2026-03-09 11:15:00+09:00,2669,カネ美食品,2669.T,スタンダード,intraday_5m,3360.0,0.0,0.0,0.004101202929692606,46.666666666666664,-0.020408163265306145,31810861056.0,22.213408,1.3354021,0.04168,1.11,0.04,20.0
2026-03-09 11:15:00+09:00,2673,夢みつけ隊,2673.T,スタンダード,intraday_5m,192.0,0.0,0.6217616580310881,0.008458582257994935,42.857142857142854,-0.04950495049504955,1942406400.0,21.452515,0.7066851,0.05367,,0.07,20.0
2026-03-09 10:55:00+09:00,2683,魚喜,2683.T,スタンダード,intraday_5m,998.0,-0.0010010010010009784,5.684210526315789,0.0008334968362218945,,-0.003992015968063867,2513626624.0,113.15193,3.130293,0.05009,1.0,-0.020000000000000004,20.0
2026-03-09 11:05:00+09:00,2686,ジーフット,2686.T,スタンダード,intraday_5m,281.0,0.0035714285714285587,1.6666666666666667,0.0029695287743043736,44.444444444444436,-0.007067137809187329,11961756672.0,,-12.460093,,,0.010526315789473684,19.0
2026-03-09 10:45:00+09:00,2687,シー・ヴイ・エス・ベイエリア,2687.T,スタンダード,intraday_5m,486.0,-0.006134969325153339,0.6486486486486487,0.008455946649083067,,-0.028000000000000025,2399065600.0,9.959017,0.56608456,0.04208,4.0,-0.020000000000000004,20.0
2026-03-09 11:00:00+09:00,2689,オルバヘルスケアホールディングス,2689.T,スタンダード,intraday_5m,2080.0,-0.00048053820278715076,0.0,0.005218561690063073,,-0.018867924528301883,12330298368.0,10.001443,1.0145886,0.104169995,3.77,0.011111111111111112,18.0
2026-03-09 11:10:00+09:00,2693,ＹＫＴ,2693.T,スタンダード,intraday_5m,245.0,-0.004065040650406471,0.0,0.00382798342585721,44.444444444444436,-0.004065040650406471,2844132096.0,,0.35797623,0.00348,2.03,0.0,20.0
2026-03-09 11:05:00+09:00,2694,焼肉坂井ホールディングス,2694.T,スタンダード,intraday_5m,72.0,0.0,0.0,0.008737937402310506,33.33333333333333,-0.027027027027026973,16973825024.0,,2.5228634,-0.11971,0.68,-0.011764705882352944,17.0
2026-03-09 11:10:00+09:00,2698,キャンドゥ,2698.T,スタンダード,intraday_5m,3210.0,0.0,0.0,0.004527664495161262,44.11764705882353,-0.006191950464396245,51348037632.0,63.703117,4.799476,0.05883,0.53,0.06,20.0
2026-03-09 11:15:00+09:00,2700,木徳神糧,2700.T,スタンダード,intraday_5m,1982.0,-0.002014098690835797,0.17647058823529413,0.0036273268658126583,54.320987654320994,-0.03833090732654054,16212977664.0,3.521302,0.79351574,0.30532,2.43,0.02,20.0
2026-03-09 11:15:00+09:00,2702,日本マクドナルドホールディングス,2702.T,スタンダード,intraday_5m,7700.0,0.0,0.0,0.0022648228940581783,38.46153846153846,-0.0077319587628865705,1023782879232.0,30.160595,3.6502788,0.12712,0.82,0.02,20.0
2026-03-09 11:10:00+09:00,2705,大戸屋ホールディングス,2705.T,スタンダード,intraday_5m,7230.0,0.004166666666666652,0.0,0.005601872656471158,50.0,-0.017663043478260865,52477890560.0,47.918873,13.897752,0.29885998,0.14,0.05,20.0
2026-03-09 10:40:00+09:00,2708,久世,2708.T,スタンダード,intraday_5m,2117.0,0.01388888888888884,0.0,0.0081792943761859,28.93401015228426,-0.02978918423464716,9793825792.0,6.243365,1.0548007,0.18271999,2.06,0.07,20.0
2026-03-09 11:10:00+09:00,2721,ジェイホールディングス,2721.T,スタンダード,intraday_5m,160.0,0.012658227848101333,0.9664429530201343,0.008145163794174952,30.0,-0.053254437869822535,1412556800.0,,12.410797,-5.95349,,0.023529411764705882,17.0
2026-03-09 10:50:00+09:00,2722,ＩＫホールディングス,2722.T,スタンダード,intraday_5m,381.0,0.0,0.17142857142857143,0.004306360389207071,31.578947368421055,-0.015503875968992276,2881127424.0,11.992446,1.2070063,0.10451,2.33,0.011111111111111112,18.0
2026-03-09 11:10:00+09:00,2735,ワッツ,2735.T,スタンダード,intraday_5m,615.0,0.0016286644951140072,0.0,0.004689746745036101,35.0,-0.03301886792452835,8138201088.0,9.315359,0.6226152,0.06847,2.36,0.04,20.0
2026-03-09 11:15:00+09:00,2736,フェスタリアホールディングス,2736.T,スタンダード,intraday_5m,625.0,-0.004777070063694322,0.0,0.010476147884627569,33.87096774193549,-0.035493827160493874,2232219392.0,13.266822,1.4263382,0.113170005,1.08,0.025,16.0
2026-03-09 10:20:00+09:00,2747,北雄ラッキー,2747.T,スタンダード,intraday_5m,2995.0,-0.00033377837116155273,0.5,0.0011862844866069877,,-0.0016666666666667052,3785425408.0,25.998264,0.9556602,0.060549997,1.67,0.0,18.0
2026-03-09 11:15:00+09:00,2750,石光商事,2750.T,スタンダード,intraday_5m,1350.0,0.000741289844329085,0.0,0.007212575549272473,45.65217391304348,-0.03433476394849788,10493985792.0,9.232032,0.7886744,0.12267,3.22,0.07,20.0
2026-03-09 11:10:00+09:00,2751,テンポスホールディングス,2751.T,スタンダード,intraday_5m,3950.0,0.0012674271229404788,0.0,0.00441598285853671,48.48484848484849,-0.016189290161892855,47560179712.0,26.235388,2.814212,0.11457,0.22,0.04,20.0
2026-03-09 10:55:00+09:00,2762,ＳＡＮＫＯ　ＭＡＲＫＥＴＩＮＧ　ＦＯＯＤＳ,2762.T,スタンダード,intraday_5m,97.0,0.0,0.0,0.003595589345826339,33.33333333333333,-0.02020202020202022,3856550144.0,,9.6172905,-2.42922,,0.025,16.0
2026-03-09 11:00:00+09:00,2763,エフティグループ,2763.T,スタンダード,intraday_5m,1238.0,-0.001612903225806428,0.18461538461538463,0.005960151134577605,28.089887640449433,-0.029019607843137285,36804743168.0,6.9208407,1.0999292,0.17684,4.31,0.022222222222222223,18.0
2026-03-09 11:10:00+09:00,2764,ひらまつ,2764.T,スタンダード,intraday_5m,155.0,0.0,0.0,0.006197651649481685,33.33333333333333,-0.07185628742514971,10950347776.0,,1.7233902,-0.0058099995,,0.02,20.0
2026-03-09 11:05:00+09:00,2769,ヴィレッジヴァンガードコーポレーション,2769.T,スタンダード,intraday_5m,963.0,0.0010395010395010118,0.0,0.0014217191409707597,41.66666666666667,-0.006191950464396245,7551652352.0,,3.8158865,-0.92866,,0.02,20.0
2026-03-09 11:15:00+09:00,2776,新都ホールディングス,2776.T,スタンダード,intraday_5m,132.0,0.0,0.0,0.007471391754956288,25.0,-0.07692307692307687,7038147584.0,,2.511511,0.08528,,0.02,20.0
2026-03-09 11:15:00+09:00,2778,パレモ・ホールディングス,2778.T,スタンダード,intraday_5m,135.0,-0.007352941176470562,0.09792284866468842,0.006059749540461138,25.0,-0.09395973154362414,1621620096.0,,1.0289164,-0.042540003,,0.01,20.0
2026-03-09 11:15:00+09:00,2780,コメ兵ホールディングス,2780.T,スタンダード,intraday_5m,4685.0,-0.0021299254526091493,0.28,0.004438826106763839,45.09803921568627,-0.0795677799607073,51489411072.0,14.703574,1.4902683,0.12589,2.08,0.02,20.0
2026-03-09 11:15:00+09:00,2782,セリア,2782.T,スタンダード,intraday_5m,3910.0,-0.0012771392081737387,0.0,0.0023228718587345563,66.66666666666666,-0.02857142857142858,245045886976.0,24.3462,3.0801373,0.12371001,1.99,0.030000000000000006,20.0
2026-03-09 11:10:00+09:00,2788,アップルインターナショナル,2788.T,スタンダード,intraday_5m,349.0,0.014534883720930258,6.428571428571428,0.007756869400958332,44.827586206896555,-0.0196629213483146,4481552384.0,7.182548,0.4364584,0.0785,2.81,0.04,20.0
2026-03-09 09:40:00+09:00,2789,カルラ,2789.T,スタンダード,intraday_5m,460.0,-0.002169197396963085,0.2448979591836735,0.0030021801127270583,46.666666666666664,-0.006479481641468721,2651603712.0,8.2718935,1.1998196,0.14207,1.08,0.0,20.0
2026-03-09 11:00:00+09:00,2790,ナフコ,2790.T,スタンダード,intraday_5m,2258.0,0.003109729009329154,0.0,0.011072459040540399,42.22222222222222,-0.010950503723171301,55507681280.0,83.10637,0.36023718,0.00357,2.54,0.030000000000000006,20.0
2026-03-09 11:05:00+09:00,2795,日本プリメックス,2795.T,スタンダード,intraday_5m,913.0,0.0,0.0,0.0016165312924368565,,-0.004362050163576936,4722757120.0,12.322851,0.5784042,0.041479997,2.73,0.02,20.0
2026-03-09 11:10:00+09:00,2796,ファーマライズホールディングス,2796.T,スタンダード,intraday_5m,509.0,0.0,0.0,0.0014679328513823766,50.0,-0.0019607843137254832,5854785024.0,,0.8592283,-0.02187,2.75,0.05,20.0
2026-03-09 10:10:00+09:00,2798,ワイズテーブルコーポレーション,2798.T,スタンダード,intraday_5m,2915.0,0.0,0.42857142857142855,0.004257757037713176,51.30434782608696,0.002751977984176035,9613868032.0,31.83357,11.610955,0.45185003,,0.04,20.0
2026-03-09 11:10:00+09:00,2805,ヱスビー食品,2805.T,スタンダード,intraday_5m,4425.0,0.0022650056625141968,0.23529411764705882,0.007974540787626324,57.142857142857146,-0.032786885245901676,106942693376.0,14.140543,1.1603514,0.091730006,1.05,0.05,20.0
2026-03-09 09:55:00+09:00,2806,ユタカフーズ,2806.T,スタンダード,intraday_5m,2093.0,0.0,0.38461538461538464,0.00768005656640906,,-0.013666352497643697,14541161472.0,23.317736,0.6307163,0.02152,1.89,0.05,20.0
2026-03-09 11:05:00+09:00,2813,和弘食品,2813.T,スタンダード,intraday_5m,3800.0,-0.0013140604467805073,0.0,0.016585228345989137,26.61290322580645,-0.08212560386473433,9481752576.0,8.99004,0.97525924,0.12189,2.08,0.02,20.0
2026-03-09 10:20:00+09:00,2814,佐藤食品工業,2814.T,スタンダード,intraday_5m,3210.0,0.0,0.7777777777777777,0.005693162660558705,,0.0015600624024960652,10674223104.0,16.446358,0.2686652,0.033800002,1.37,0.04,20.0
2026-03-09 10:50:00+09:00,2816,ダイショー,2816.T,スタンダード,intraday_5m,1415.0,-0.002115655853314524,0.0,0.0017919383635171596,30.769230769230774,-0.004222378606615007,13658587136.0,45.46915,2.105592,0.09382,1.27,0.02,20.0
2026-03-09 11:10:00+09:00,2818,ピエトロ,2818.T,スタンダード,intraday_5m,1783.0,0.0005611672278338364,0.0,0.0016159511608217641,51.28205128205128,0.0,12352531456.0,,1.9859059,-0.0107700005,1.35,-0.030000000000000006,20.0
2026-03-09 11:15:00+09:00,2819,エバラ食品工業,2819.T,スタンダード,intraday_5m,2590.0,-0.0015420200462605838,0.1875,0.006988604474839498,33.80281690140845,-0.02777777777777779,25224314880.0,18.24072,0.6965251,0.04833,1.88,0.05,20.0
2026-03-09 10:50:00+09:00,2820,やまみ,2820.T,スタンダード,intraday_5m,4945.0,-0.0020181634712411745,0.6000000000000001,0.007191633027244101,33.80281690140845,-0.026574803149606252,34452439040.0,18.792276,3.1122355,0.17607,1.61,0.06,20.0
2026-03-09 11:00:00+09:00,2831,はごろもフーズ,2831.T,スタンダード,intraday_5m,3490.0,-0.0014306151645206988,0.6000000000000001,0.004846689256991158,69.23076923076923,0.00721500721500723,32842858496.0,13.35834,0.69684196,0.0572,2.02,0.04,20.0
2026-03-09 11:00:00+09:00,2872,セイヒョー,2872.T,スタンダード,intraday_5m,2004.0,-0.00348085529587272,0.0,0.003144124058339804,,-0.021484375,2812603904.0,29.384165,1.8409641,0.01681,0.88,0.030000000000000006,20.0
2026-03-09 11:00:00+09:00,2876,デルソーレ,2876.T,スタンダード,intraday_5m,471.0,0.008565310492505418,0.2181818181818182,0.00818302205689793,30.232558139534888,-0.01670146137787054,4194254080.0,,1.1118875,0.07056,2.51,0.0,20.0
2026-03-09 10:30:00+09:00,2877,日東ベスト,2877.T,スタンダード,intraday_5m,755.0,0.006666666666666599,0.6666666666666666,0.0021536379685134248,,-0.0026420079260237594,9133893632.0,18.40117,0.56029266,0.028350001,1.59,0.02,20.0
2026-03-09 10:50:00+09:00,2883,大冷,2883.T,スタンダード,intraday_5m,1995.0,-0.0010015022533800266,2.0,0.0010045373012906751,47.368421052631575,-0.0029985007496251548,11688252416.0,,1.3421148,-0.07297,3.0,-0.010000000000000004,20.0
2026-03-09 11:15:00+09:00,2892,日本食品化工,2892.T,スタンダード,intraday_5m,3695.0,-0.0026990553306343035,0.0,0.0065892593222314465,47.99999999999999,-0.03776041666666663,17997709312.0,12.415995,0.6124309,,3.78,-0.01,20.0
2026-03-09 11:15:00+09:00,2894,石井食品,2894.T,スタンダード,intraday_5m,358.0,0.0,0.0,0.015789136050139114,31.578947368421055,-0.021857923497267784,5959525376.0,14.732511,1.4267439,0.10702,1.09,0.06999999999999999,20.0
2026-03-09 11:15:00+09:00,2901,ウェルディッシュ,2901.T,スタンダード,intraday_5m,343.0,0.0,0.15267175572519084,0.00437809327322598,46.15384615384615,-0.06284153005464477,9730120704.0,15.748392,2.2992976,,1.09,0.06999999999999999,20.0
2026-03-09 11:10:00+09:00,2903,シノブフーズ,2903.T,スタンダード,intraday_5m,1826.0,0.0,0.0,0.0036779606026666554,24.242424242424235,-0.033862433862433816,20230662144.0,19.130436,1.3465788,0.066750005,1.59,0.09,20.0
2026-03-09 11:05:00+09:00,2904,一正蒲鉾,2904.T,スタンダード,intraday_5m,750.0,0.0,0.0,0.0010828734113784572,66.66666666666666,0.001335113484646211,13743908864.0,34.168564,0.901851,0.024300002,1.87,0.030000000000000006,20.0
2026-03-09 11:05:00+09:00,2907,あじかん,2907.T,スタンダード,intraday_5m,1438.0,-0.002081887578070818,0.0,0.0024560729010972026,10.810810810810807,-0.02043596730245234,10944541696.0,13.567318,0.61320835,0.030250002,3.54,0.030000000000000006,20.0
2026-03-09 10:50:00+09:00,2911,旭松食品,2911.T,スタンダード,intraday_5m,2349.0,0.0,1.5,0.004725694470648017,,-0.002547770700636942,4364413952.0,16.061539,0.5240156,0.03395,1.49,0.03157894736842106,19.0
2026-03-09 10:35:00+09:00,2916,仙波糖化工業,2916.T,スタンダード,intraday_5m,736.0,0.0013605442176871652,0.38888888888888884,0.006480771814099771,,-0.013404825737265424,8378323968.0,37.64706,0.67157143,0.02954,2.01,0.030000000000000006,20.0
2026-03-09 10:30:00+09:00,2917,大森屋,2917.T,スタンダード,intraday_5m,902.0,0.0011098779134295356,1.25,0.0018526311634489473,,-0.0022123893805309214,4492620288.0,,0.38666147,-0.00017000001,1.11,0.030000000000000006,20.0
2026-03-09 11:10:00+09:00,2923,サトウ食品,2923.T,スタンダード,intraday_5m,7440.0,0.010869565217391353,0.4230769230769231,0.00888710337060408,,-0.008000000000000007,37524467712.0,11.980677,1.5653456,0.13944,0.93,0.04,20.0
2026-03-09 10:55:00+09:00,2924,イフジ産業,2924.T,スタンダード,intraday_5m,1975.0,0.0,0.0,0.0053125222702805255,39.655172413793096,-0.017901541521631037,16095700992.0,7.69081,1.3268231,0.17045,3.48,0.02,20.0
2026-03-09 11:05:00+09:00,2926,篠崎屋,2926.T,スタンダード,intraday_5m,95.0,0.010638297872340496,0.0,0.008012392793244531,44.444444444444436,-0.020618556701030966,1344989056.0,35.315983,1.0086318,0.10065,,0.05263157894736842,19.0
2026-03-09 11:15:00+09:00,2927,ＡＦＣ－ＨＤアムスライフサイエンス,2927.T,スタンダード,intraday_5m,886.0,-0.003374578177727794,8.133333333333333,0.004695721556452886,61.11111111111111,-0.015555555555555545,12899810304.0,8.605284,0.8150634,0.10159001,4.0,0.05,20.0
2026-03-09 11:15:00+09:00,2932,ＳＴＩフードホールディングス,2932.T,スタンダード,intraday_5m,1246.0,0.0,0.0,0.004131443062403264,47.368421052631575,-0.017350157728706628,22151766016.0,10.4538965,2.2050326,0.26999,3.15,0.02,20.0
2026-03-09 11:15:00+09:00,2938,オカムラ食品工業,2938.T,スタンダード,intraday_5m,1164.0,-0.0017152658662092923,0.3025210084033614,0.0027812609178961938,43.33333333333333,-0.03322259136212624,58474192896.0,25.243982,3.2234123,0.14083,0.66,0.06999999999999999,20.0
2026-03-09 09:25:00+09:00,2961,日本調理機,2961.T,スタンダード,intraday_5m,5000.0,0.010101010101010166,,0.010050505050505087,,0.0,5563125248.0,9.242145,0.77610564,0.06367,3.6,0.010000000000000004,20.0
2026-03-09 11:15:00+09:00,2962,テクニスコ,2962.T,スタンダード,intraday_5m,974.0,-0.00915564598168872,0.09677419354838711,0.009344982752317984,48.83720930232558,-0.0811320754716981,8954346496.0,,5.3206887,-0.90405,,0.0,20.0
2026-03-09 11:15:00+09:00,2970,ＧＬＣ　ＧＲＯＵＰ,2970.T,スタンダード,intraday_5m,1157.0,0.0,0.0,0.005081775963306511,55.26315789473684,-0.02691337258200166,19044302848.0,14.165034,3.2884824,0.32661,,0.02,20.0
2026-03-09 11:10:00+09:00,2984,ヤマイチエステート,2984.T,スタンダード,intraday_5m,749.0,-0.0013333333333332975,0.0,0.005919130827828502,19.04761904761905,-0.03229974160206717,6495336960.0,46.092308,0.4989661,0.00434,3.88,0.02,20.0
2026-03-09 11:15:00+09:00,2991,ランドネット,2991.T,スタンダード,intraday_5m,609.0,0.011627906976744207,0.0,0.007568913938743319,60.714285714285715,-0.030254777070063743,14584198144.0,6.1808586,1.2784153,0.23725,1.77,0.047058823529411764,17.0
2026-03-09 10:20:00+09:00,2993,長栄,2993.T,スタンダード,intraday_5m,2484.0,0.000402738622633958,1.1111111111111112,0.02971436636026924,,-0.011933174224343701,10855000064.0,5.761336,0.89937955,0.18962999,3.98,0.030000000000000006,20.0
2026-03-09 11:10:00+09:00,2999,ホームポジション,2999.T,スタンダード,intraday_5m,453.0,0.0,0.0,0.008728828131881214,44.827586206896555,-0.017353579175705014,4240169728.0,10.566831,0.7324527,0.11911,2.17,0.04,20.0
2026-03-09 11:15:00+09:00,3001,片倉工業,3001.T,スタンダード,intraday_5m,2860.0,-0.0031369815266643064,0.19354838709677422,0.0037962612314445298,39.50617283950616,-0.04983388704318936,90518061056.0,15.836102,0.9277025,0.06137,1.99,0.020000000000000004,20.0
2026-03-09 11:10:00+09:00,3004,神栄,3004.T,スタンダード,intraday_5m,2492.0,0.0,0.0,0.010921040647874223,27.941176470588232,-0.06350995866215703,9762442240.0,5.2317767,0.9242772,0.18318,4.13,0.08,20.0
2026-03-09 11:15:00+09:00,3010,ポラリス・ホールディングス,3010.T,スタンダード,intraday_5m,175.0,-0.005681818181818232,0.0,0.003476164508398619,39.99999999999999,-0.04371584699453557,40934760448.0,12.060648,1.391296,0.11903,2.19,0.05,20.0
2026-03-09 11:05:00+09:00,3011,バナーズ,3011.T,スタンダード,intraday_5m,148.0,0.0,0.0,0.005629205215570747,28.57142857142857,-0.02631578947368418,2266239488.0,9.226933,0.83877873,0.08488,3.29,-0.02,20.0
2026-03-09 11:10:00+09:00,3020,アプライド,3020.T,スタンダード,intraday_5m,3930.0,-0.01749999999999996,0.0,0.006646057443822913,9.230769230769226,-0.048426150121065326,10622180352.0,4.984653,0.8094318,0.18445,2.42,0.07,20.0
2026-03-09 11:10:00+09:00,3021,パシフィックネット,3021.T,スタンダード,intraday_5m,2257.0,0.0013309671694765601,0.0,0.009448650472008416,48.62385321100918,-0.06619776582540338,11860957184.0,15.061728,3.314969,0.23807,2.15,0.06999999999999999,20.0
2026-03-09 11:15:00+09:00,3023,ラサ商事,3023.T,スタンダード,intraday_5m,1950.0,-0.005102040816326481,0.3,0.003037823200577456,41.66666666666667,-0.07098618389709388,20606801920.0,9.67742,0.9188461,0.10543,3.43,0.05,20.0
2026-03-09 11:05:00+09:00,3024,クリエイト,3024.T,スタンダード,intraday_5m,1199.0,-0.0016652789342215257,1.8461538461538463,0.007090449869637544,35.82089552238806,-0.016406890894175574,4672646656.0,8.72,0.8389021,0.09462,4.27,0.06,20.0
2026-03-09 11:15:00+09:00,3030,ハブ,3030.T,スタンダード,intraday_5m,918.0,-0.0021739130434782483,2.5919999999999996,0.0035246019851482044,34.78260869565217,-0.06612410986775175,11546528768.0,23.702557,3.6004095,0.16603,1.02,0.030000000000000006,20.0
2026-03-09 09:50:00+09:00,3035,ケイティケイ,3035.T,スタンダード,intraday_5m,652.0,0.003076923076922977,3.6,0.009461392830881434,,-0.0239520958083832,3559518976.0,10.702561,0.7780374,0.08180001,2.69,0.05,20.0
2026-03-09 11:05:00+09:00,3041,ビューティカダンホールディングス,3041.T,スタンダード,intraday_5m,496.0,-0.004016064257028162,0.0,0.0025717218317231234,12.5,-0.021696252465483234,2033970944.0,,6.9706,-0.00587,1.04,0.01,20.0
2026-03-09 11:15:00+09:00,3042,セキュアヴェイル,3042.T,スタンダード,intraday_5m,288.0,-0.0034602076124568004,0.028639618138424822,0.005307286990950181,27.272727272727266,-0.052631578947368474,2214590976.0,15.254238,1.8408908,0.06587,1.64,0.030000000000000006,20.0
2026-03-09 10:35:00+09:00,3045,カワサキ,3045.T,スタンダード,intraday_5m,1445.0,0.01688951442646025,0.5789473684210527,0.010420822568795781,,-0.02033898305084747,3081809408.0,9.172856,0.7190894,0.05171,3.39,0.030000000000000006,20.0
2026-03-09 11:15:00+09:00,3053,ペッパーフードサービス,3053.T,スタンダード,intraday_5m,171.0,0.0,0.0,0.005522398968145777,25.0,-0.03389830508474578,10503465984.0,,3.1532362,,,0.06,20.0
2026-03-09 11:05:00+09:00,3054,ハイパー,3054.T,スタンダード,intraday_5m,260.0,-0.003831417624521105,0.0,0.013241586542797019,31.578947368421055,-0.03345724907063197,2510765824.0,8.552631,0.89281726,0.08015,2.6,0.030000000000000006,20.0
2026-03-09 09:35:00+09:00,3058,三洋堂ホールディングス,3058.T,スタンダード,intraday_5m,690.0,-0.0028901734104046506,1.5,0.0013624408115347861,,-0.0028901734104046506,5025541632.0,18.568354,1.6974294,0.13186,,0.06315789473684211,19.0
2026-03-09 11:10:00+09:00,3059,ヒラキ,3059.T,スタンダード,intraday_5m,834.0,0.0012004801920768582,0.0,0.001952146624376279,50.0,-0.0011976047904191933,4059417344.0,,0.6518054,-0.15559,2.4,0.0,20.0
2026-03-09 11:00:00+09:00,3065,ライフフーズ,3065.T,スタンダード,intraday_5m,1608.0,0.0,1.0,0.0019047773408574036,,-0.004334365325077361,4967949824.0,16.059124,2.7254932,0.12591,0.31,0.01,20.0
2026-03-09 10:45:00+09:00,3067,東京一番フーズ,3067.T,スタンダード,intraday_5m,450.0,0.0,0.8659793814432989,0.007254153215246964,21.42857142857143,-0.04255319148936165,4015632640.0,52.878963,2.1891205,0.03481,,0.05,20.0
2026-03-09 11:10:00+09:00,3068,ＷＤＩ,3068.T,スタンダード,intraday_5m,3140.0,0.0064102564102563875,0.46153846153846156,0.004164091388052622,39.99999999999999,-0.00789889415481837,19673776128.0,,3.0497339,-0.109189995,0.54,0.01,20.0
2026-03-09 11:15:00+09:00,3069,ＪＦＬＡホールディングス,3069.T,スタンダード,intraday_5m,164.0,0.0,0.0,0.010812319895027562,35.294117647058826,-0.029585798816568087,7909260288.0,33.814434,0.9456265,0.07596,,0.05263157894736842,19.0
2026-03-09 11:00:00+09:00,3071,ストリーム,3071.T,スタンダード,intraday_5m,105.0,-0.009433962264150941,0.03076923076923077,0.006262576892883813,42.857142857142854,-0.009433962264150941,2901832448.0,,1.0293815,-0.01314,2.83,0.01,20.0
2026-03-09 10:45:00+09:00,3075,銚子丸,3075.T,スタンダード,intraday_5m,1578.0,0.0,0.7164179104477612,0.0037572829702590465,27.11864406779661,-0.020484171322160183,19703754752.0,28.555918,2.3895078,,0.87,0.0,20.0
2026-03-09 10:50:00+09:00,3077,ホリイフードサービス,3077.T,スタンダード,intraday_5m,530.0,0.0,0.0,0.007854549797742291,16.666666666666657,-0.05861456483126115,3672667392.0,10.507534,3.1091971,,,0.05,20.0
2026-03-09 10:10:00+09:00,3079,ディーブイエックス,3079.T,スタンダード,intraday_5m,1194.0,0.02051282051282044,2.357142857142857,0.014823670512523895,,0.00420521446593769,12538141696.0,37.6063,1.4357312,0.03503,4.21,-0.020000000000000004,20.0
2026-03-09 11:10:00+09:00,3080,ジェーソン,3080.T,スタンダード,intraday_5m,734.0,0.0,0.0,0.006212781669670574,35.8974358974359,-0.009446693657219951,9403802624.0,50.034084,1.4855924,0.02319,1.75,0.01,20.0
2026-03-09 10:30:00+09:00,3082,きちりホールディングス,3082.T,スタンダード,intraday_5m,931.0,0.0,2.8085106382978724,0.00284169328713957,29.16666666666667,-0.01793248945147674,10519999488.0,38.662792,4.814654,0.12618,0.79,0.06,20.0
2026-03-09 11:15:00+09:00,3083,スターシーズ,3083.T,スタンダード,intraday_5m,776.0,-0.0025706940874036244,0.14457831325301204,0.005268625564163827,44.444444444444436,-0.044334975369458074,5648455680.0,,2.8425324,-0.42516997,1.23,0.03333333333333334,18.0
2026-03-09 11:15:00+09:00,3089,テクノアルファ,3089.T,スタンダード,intraday_5m,1104.0,-0.001808318264014508,0.0,0.00789042118469659,27.272727272727266,-0.06042553191489364,1949277568.0,4.723803,0.843113,0.19306,2.98,0.05,20.0
2026-03-09 10:55:00+09:00,3096,オーシャンシステム,3096.T,スタンダード,intraday_5m,1727.0,-0.0005787037037037202,1.125,0.006505972712298907,37.121212121212125,-0.01819215463331436,16192093184.0,15.317073,1.3323736,0.09105,1.14,0.04,20.0
2026-03-09 10:55:00+09:00,3111,オーミケンシ,3111.T,スタンダード,intraday_5m,237.0,-0.004201680672268893,0.21052631578947367,0.006121124198297138,,-0.03265306122448974,1563513472.0,,1.0753517,-0.34333,,-0.030000000000000006,20.0
2026-03-09 10:55:00+09:00,3113,ＵＮＩＶＡ・Ｏａｋホールディングス,3113.T,スタンダード,intraday_5m,69.0,-0.014285714285714235,0.03389830508474576,0.009139550193957367,33.33333333333333,-0.028169014084507005,5563462144.0,,3.8157384,-0.51857,,0.02,20.0
2026-03-09 11:15:00+09:00,3121,マーチャント・バンカーズ,3121.T,スタンダード,intraday_5m,203.0,-0.004901960784313708,2.193548387096774,0.011241000219465657,31.25,-0.04694835680751175,5891886592.0,,1.3562175,-0.01925,0.94,0.03157894736842106,19.0
2026-03-09 10:55:00+09:00,3123,サイボー,3123.T,スタンダード,intraday_5m,657.0,-0.001519756838905817,0.8727272727272728,0.01114740121925633,31.16883116883116,-0.047826086956521685,8469833216.0,7.941496,0.43744677,0.06528,2.32,0.04,20.0
2026-03-09 11:15:00+09:00,3131,シンデン・ハイテックス,3131.T,スタンダード,intraday_5m,2745.0,-0.0018181818181818299,0.0,0.008761547857897073,21.518987341772146,-0.06441717791411039,5174651904.0,9.921209,0.7028863,0.074829996,4.43,-0.02,20.0
2026-03-09 11:15:00+09:00,3134,Ｈａｍｅｅ,3134.T,スタンダード,intraday_5m,482.0,-0.004132231404958664,0.4247787610619469,0.0029507561539357913,33.33333333333333,-0.041749502982107334,7712482304.0,8.435422,0.69444245,0.085030004,4.47,0.01,20.0
2026-03-09 11:15:00+09:00,3135,マーケットエンタープライズ,3135.T,スタンダード,intraday_5m,989.0,-0.0020181634712411745,0.0,0.005687237015727512,36.36363636363636,-0.01100000000000001,5295506432.0,49.20398,4.5729666,0.06662,,0.030000000000000006,20.0
2026-03-09 11:15:00+09:00,3143,オーウイル,3143.T,スタンダード,intraday_5m,722.0,0.0,0.0,0.013457387578218445,28.57142857142857,-0.04116865869853914,6512449536.0,6.522721,1.1003833,0.18195999,2.66,0.030000000000000006,20.0
2026-03-09 11:05:00+09:00,3157,ジオリーブグループ,3157.T,スタンダード,intraday_5m,1612.0,-0.000619962802231866,0.7058823529411765,0.011574309467346292,25.454545454545453,-0.046717918391484314,21394180096.0,8.80201,0.881328,0.10257,3.08,0.02,20.0
2026-03-09 10:55:00+09:00,3159,丸善ＣＨＩホールディングス,3159.T,スタンダード,intraday_5m,355.0,0.0056657223796034994,0.03614457831325302,0.005550520675190389,64.28571428571428,-0.02203856749311295,32853504000.0,8.408337,0.6105678,0.08027001,1.65,0.05,20.0
2026-03-09 10:50:00+09:00,3160,大光,3160.T,スタンダード,intraday_5m,577.0,0.0,0.35294117647058826,0.003392766193012828,23.529411764705884,-0.02037351443123936,8324141056.0,72.57862,1.3257115,0.01829,2.55,-0.02,20.0
2026-03-09 11:15:00+09:00,3161,アゼアス,3161.T,スタンダード,intraday_5m,678.0,-0.002941176470588225,0.0,0.004307967212395401,52.631578947368425,-0.013100436681222738,3871280896.0,27.87829,0.5817975,0.020750001,3.35,-0.020000000000000004,20.0
2026-03-09 11:10:00+09:00,3166,ＯＣＨＩホールディングス,3166.T,スタンダード,intraday_5m,1555.0,0.0019329896907216426,0.2608695652173913,0.0021966359226554197,19.444444444444443,-0.018927444794952675,20248719360.0,18.830225,0.8410197,0.050479997,3.41,0.04,20.0
2026-03-09 11:15:00+09:00,3168,ＭＥＲＦ,3168.T,スタンダード,intraday_5m,1531.0,-0.005198180636777128,0.5172413793103449,0.006233528093266437,35.0,-0.09728773584905659,21644027904.0,,2.2653158,0.01831,1.18,0.04,20.0
2026-03-09 09:55:00+09:00,3169,ミサワ,3169.T,スタンダード,intraday_5m,627.0,0.0,2.1999999999999997,0.0027127124090465444,,0.0,4427537920.0,43.662952,1.9661089,0.31087,1.28,0.0,20.0
2026-03-09 10:40:00+09:00,3172,ティーライフ,3172.T,スタンダード,intraday_5m,1130.0,-0.0008841732979664174,0.2608695652173913,0.004423447508278165,38.46153846153846,-0.02164502164502169,4822473728.0,13.439581,0.7413258,0.053829998,2.6,0.02,20.0
2026-03-09 10:35:00+09:00,3173,Ｃｏｍｉｎｉｘ,3173.T,スタンダード,intraday_5m,983.0,0.0,0.7058823529411765,0.001879075700674159,12.5,-0.01106639839034207,6750734848.0,,0.83621144,0.022230001,4.02,0.0,20.0
2026-03-09 11:05:00+09:00,3174,ハピネス・アンド・ディ,3174.T,スタンダード,intraday_5m,518.0,0.0,0.47368421052631576,0.003526393849573681,18.181818181818173,-0.029962546816479363,1318630656.0,,9.495353,-1.62412,2.58,0.01,20.0
2026-03-09 11:15:00+09:00,3175,エー・ピーホールディングス,3175.T,スタンダード,intraday_5m,962.0,-0.0010384215991692258,0.0,0.004942968302105895,39.99999999999999,-0.022357723577235755,12273141760.0,30.0813,11.261472,1.18175,,0.04,20.0
2026-03-09 11:10:00+09:00,3177,ありがとうサービス,3177.T,スタンダード,intraday_5m,3585.0,0.0,0.0,0.006621443061689082,,-0.004166666666666652,3309428224.0,7.300831,1.0095875,0.16316,3.75,0.030000000000000006,20.0
2026-03-09 11:05:00+09:00,3178,チムニー,3178.T,スタンダード,intraday_5m,1288.0,0.0023346303501945442,0.0,0.0025615161818662944,50.0,-0.010752688172043001,24849260544.0,24.79307,3.8615828,0.16672,0.77,-0.01,20.0
2026-03-09 10:55:00+09:00,3181,買取王国,3181.T,スタンダード,intraday_5m,845.0,0.011976047904191711,0.0,0.007481188565180762,43.83561643835616,-0.03977272727272729,3096888576.0,10.107656,0.95050085,0.09928001,1.14,0.030000000000000006,20.0
2026-03-09 09:20:00+09:00,3184,ＩＣＤＡホールディングス,3184.T,スタンダード,intraday_5m,4305.0,0.0011627906976743319,,0.0,,0.01773049645390068,9039298560.0,7.477853,0.7949424,0.12208,1.65,0.0,20.0
2026-03-09 11:15:00+09:00,3189,ＡＮＡＰホールディングス,3189.T,スタンダード,intraday_5m,222.0,0.0,0.2422018348623853,0.006426989628192775,33.33333333333333,-0.07499999999999996,9268197376.0,,0.79338706,,,0.030000000000000006,20.0
2026-03-09 09:05:00+09:00,3190,ホットマン,3190.T,スタンダード,intraday_5m,575.0,-0.0017361111111111605,0.0,0.0021707008172996136,,-0.0017361111111111605,4056912384.0,13.749402,0.75505495,,1.74,-2.7755575615628915e-18,20.0
2026-03-09 10:55:00+09:00,3192,白鳩,3192.T,スタンダード,intraday_5m,270.0,0.0,0.17647058823529413,0.012058685367977976,19.354838709677423,-0.0625,1797109760.0,3.4364262,0.71313864,,,0.0,20.0
2026-03-09 11:15:00+09:00,3202,ダイトウボウ,3202.T,スタンダード,intraday_5m,134.0,0.0,0.0,0.007547092158217116,42.857142857142854,-0.03597122302158273,4010112512.0,83.22981,0.8046067,0.01589,2.16,-2.7755575615628915e-18,20.0
2026-03-09 11:10:00+09:00,3204,トーア紡コーポレーション,3204.T,スタンダード,intraday_5m,489.0,0.006172839506172867,0.0,0.008148273420160303,18.91891891891892,-0.04678362573099415,4316655104.0,5.4375625,0.30891222,0.047659997,2.92,0.0,20.0
2026-03-09 11:15:00+09:00,3205,ダイドーリミテッド,3205.T,スタンダード,intraday_5m,825.0,-0.001210653753026647,0.41221374045801523,0.002871071658194121,44.444444444444436,-0.03055229142185667,22513952768.0,,2.5419812,-0.22732,5.88,-0.01,20.0
2026-03-09 11:15:00+09:00,3222,ユナイテッド・スーパーマーケット・ホールディングス,3222.T,スタンダード,intraday_5m,849.0,-0.002350176263219761,0.5901639344262295,0.001599975508357069,54.54545454545455,-0.004689331770222793,166051512320.0,53.22884,0.83754903,0.00995,1.88,-0.020000000000000004,20.0
2026-03-09 11:10:00+09:00,3223,エスエルディー,3223.T,スタンダード,intraday_5m,869.0,-0.02359550561797752,0.0,0.008023701424817117,26.13636363636364,-0.05131004366812231,1356278656.0,13.7696085,2.462105,0.25028,,0.01,20.0
2026-03-09 11:15:00+09:00,3236,プロパスト,3236.T,スタンダード,intraday_5m,352.0,-0.008450704225352101,0.4247787610619469,0.005691604904113361,45.00000000000001,-0.07853403141361259,11649515520.0,4.9514704,13.563502,,1.57,0.01,20.0
2026-03-09 11:10:00+09:00,3238,セントラル総合開発,3238.T,スタンダード,intraday_5m,418.0,0.0023980815347721673,0.0,0.007914992768563582,42.30769230769231,-0.02336448598130836,4018703104.0,7.3320475,0.4436454,0.08144,3.74,-0.020000000000000004,20.0
2026-03-09 11:15:00+09:00,3241,ウィル,3241.T,スタンダード,intraday_5m,568.0,0.0,0.17391304347826086,0.003788204642643669,27.77777777777777,-0.006993006993006978,6559199744.0,7.806487,1.2126465,0.12802,4.11,0.06,20.0
2026-03-09 11:15:00+09:00,3242,アーバネットコーポレーション,3242.T,スタンダード,intraday_5m,540.0,0.0018552875695732052,0.0,0.001922365285858258,42.857142857142854,-0.021739130434782594,19972143104.0,4.689535,1.0125518,0.22992,3.99,0.06,20.0
2026-03-09 11:15:00+09:00,3246,コーセーアールイー,3246.T,スタンダード,intraday_5m,659.0,0.0,0.0,0.0035719297612674754,14.285714285714292,-0.02945508100147276,6693274112.0,37.46447,0.67397785,0.02251,3.53,0.0,20.0
2026-03-09 10:45:00+09:00,3248,アールエイジ,3248.T,スタンダード,intraday_5m,866.0,-0.009153318077803174,0.0,0.008067310968477624,,-0.02257336343115124,2754575360.0,9.833087,0.58273214,0.060300004,4.06,-0.01,20.0
2026-03-09 11:15:00+09:00,3266,ファンドクリエーショングループ,3266.T,スタンダード,intraday_5m,90.0,0.0,0.03858520900321544,0.011944112107700425,39.99999999999999,-0.04255319148936165,3386904576.0,10.344828,1.0247885,0.10435,1.06,0.04,20.0
2026-03-09 11:15:00+09:00,3267,フィル・カンパニー,3267.T,スタンダード,intraday_5m,1095.0,-0.001823154056517784,0.0,0.004595971247026247,39.583333333333336,-0.07360406091370564,5879905792.0,14.775333,1.7583442,0.12587,1.27,0.044444444444444446,18.0
2026-03-09 11:15:00+09:00,3271,ＴＨＥグローバル社,3271.T,スタンダード,intraday_5m,912.0,0.001097694840834329,0.8108108108108109,0.004132410555034801,41.17647058823529,-0.016181229773462813,25815003136.0,8.675798,2.470333,0.31281,3.56,0.022222222222222223,18.0
2026-03-09 11:00:00+09:00,3277,サンセイランディック,3277.T,スタンダード,intraday_5m,1404.0,-0.004255319148936176,0.0,0.012217895720580298,50.98039215686275,-0.05199189736664411,11369064448.0,6.1003695,0.84082836,0.09837,4.05,0.06999999999999999,20.0
2026-03-09 10:45:00+09:00,3280,エストラスト,3280.T,スタンダード,intraday_5m,1073.0,0.002803738317757043,0.7659574468085106,0.008276271045480328,24.0506329113924,-0.03420342034203416,6502487552.0,2.8590462,0.59990686,0.24531999,2.88,0.04,20.0
2026-03-09 11:05:00+09:00,3286,トラストホールディングス,3286.T,スタンダード,intraday_5m,1006.0,0.009027081243731194,0.0,0.009892722957239352,50.0,-0.00886699507389166,3890246144.0,20.269997,3.3391309,0.17423001,1.77,0.0,20.0
2026-03-09 11:05:00+09:00,3293,アズマハウス,3293.T,スタンダード,intraday_5m,781.0,-0.0012787723785165905,0.0,0.003486286263806275,,-0.011392405063291089,6287179776.0,11.273095,0.36638576,0.029089998,4.43,-0.010000000000000004,20.0
2026-03-09 11:05:00+09:00,3294,イーグランド,3294.T,スタンダード,intraday_5m,2073.0,0.0014492753623187582,0.0,0.006862427388432369,46.15384615384615,-0.037157454714352056,12631568384.0,9.814876,1.0271239,0.13957,4.27,0.04,20.0
2026-03-09 09:45:00+09:00,3297,東武住販,3297.T,スタンダード,intraday_5m,1240.0,0.014729950900163713,1.6666666666666667,0.010752002010147107,,-0.009584664536741228,3361002752.0,9.59678,0.7554513,0.08089,3.19,0.030000000000000006,20.0
2026-03-09 11:15:00+09:00,3299,ムゲンエステート,3299.T,スタンダード,intraday_5m,2410.0,-0.003308519437551727,1.0823529411764705,0.002723446344827914,43.75,-0.06116088819633814,56346927104.0,8.907452,1.5808929,0.19620001,5.06,0.05,20.0
2026-03-09 09:25:00+09:00,3306,日本製麻,3306.T,スタンダード,intraday_5m,702.0,-0.005665722379603388,0.0,0.00668267048735837,45.833333333333336,-0.007072135785007094,3092912384.0,5.393362,1.2686273,0.03951,0.57,0.0,20.0
2026-03-09 11:15:00+09:00,3317,フライングガーデン,3317.T,スタンダード,intraday_5m,1585.0,0.004435994930291454,0.0,0.006386848576968182,45.45454545454546,-0.014916096954630254,4581059072.0,11.481347,2.6029093,0.12416001,1.99,0.030000000000000006,20.0
2026-03-09 11:10:00+09:00,3320,クロスプラス,3320.T,スタンダード,intraday_5m,1369.0,-0.0029133284777859147,0.42857142857142855,0.006729879149208814,48.21428571428571,-0.04131652661064422,10175775744.0,7.186352,0.5195434,0.087299995,3.5,0.07,20.0
2026-03-09 11:15:00+09:00,3321,ミタチ産業,3321.T,スタンダード,intraday_5m,1974.0,-0.0015174506828528056,0.47619047619047616,0.0037750645324601995,50.724637681159415,-0.09407985314364387,15735079936.0,7.1333065,0.94092435,0.14073,3.21,0.030000000000000006,20.0
2026-03-09 11:15:00+09:00,3323,レカム,3323.T,スタンダード,intraday_5m,90.0,0.0,0.975292587776333,0.0067496382873979965,50.0,-0.052631578947368474,7265821696.0,87.37865,1.3477694,0.03916,1.26,0.0,20.0
2026-03-09 10:30:00+09:00,3326,ランシステム,3326.T,スタンダード,intraday_5m,788.0,-0.0025316455696202667,0.375,0.003018249726506624,41.66666666666667,0.0,3349323008.0,69.920135,10.11878,0.29463,,0.0,20.0
2026-03-09 10:15:00+09:00,3329,東和フードサービス,3329.T,スタンダード,intraday_5m,2121.0,0.0004716981132075748,3.0,0.002602505350927048,45.6140350877193,-0.005625879043600568,17119861760.0,23.788694,2.2771828,0.10144,0.94,0.02,20.0
2026-03-09 11:20:00+09:00,3350,メタプラネット,3350.T,スタンダード,intraday_5m,311.0,0.0,0.0,0.004763269416334666,27.272727272727266,-0.08797653958944285,362867589120.0,,0.77463,-0.39808998,,0.03157894736842106,19.0
2026-03-09 10:25:00+09:00,3352,バッファロー,3352.T,スタンダード,intraday_5m,1736.0,-0.015873015873015928,9.0,0.008219364417134346,,-0.03982300884955747,4068159744.0,10.054442,0.6327829,0.07074,3.87,0.06,20.0
2026-03-09 11:15:00+09:00,3353,メディカル一光グループ,3353.T,スタンダード,intraday_5m,2880.0,0.0013908205841446364,0.5454545454545454,0.0077457857294513256,24.52830188679245,-0.030303030303030276,10845731840.0,9.935489,0.73197883,0.073060006,4.04,0.02,20.0
2026-03-09 11:15:00+09:00,3355,クリヤマホールディングス,3355.T,スタンダード,intraday_5m,1610.0,-0.0024783147459727095,0.6728971962616823,0.0024437477824307,47.22222222222222,-0.020681265206812682,31634526208.0,7.7661476,0.64518976,0.083579995,3.71,0.06,20.0
2026-03-09 11:15:00+09:00,3358,Ｔｒａｉｌｈｅａｄ　Ｇｌｏｂａｌ　Ｈｏｌｄｉｎｇｓ,3358.T,スタンダード,intraday_5m,107.0,0.0,1.1448763250883391,0.00783667470386619,50.0,-0.06956521739130439,3698550784.0,445.83334,1.9002292,-0.06098,,0.02,20.0
2026-03-09 10:00:00+09:00,3361,トーエル,3361.T,スタンダード,intraday_5m,939.0,0.0118534482758621,0.7407407407407407,0.008162565875435181,,-0.010537407797681753,17581766656.0,13.140219,0.8546682,0.06774,2.42,-0.01,20.0
2026-03-09 11:15:00+09:00,3370,フジタコーポレーション,3370.T,スタンダード,intraday_5m,508.0,-0.0019646365422396617,0.5070422535211268,0.0074653729006692185,35.0,-0.05046728971962622,1743568256.0,18.020575,6.4339633,0.4878,0.56,0.02,20.0
2026-03-09 11:15:00+09:00,3372,関門海,3372.T,スタンダード,intraday_5m,228.0,0.0,0.6779661016949152,0.004888814840241978,37.5,0.0,3123315712.0,9.523809,2.470982,0.23929001,,-0.010000000000000004,20.0
2026-03-09 11:05:00+09:00,3374,内外テック,3374.T,スタンダード,intraday_5m,2437.0,0.000821355236139576,0.0,0.006490457414012524,27.160493827160494,-0.0487900078064013,8526239232.0,7.702032,0.69616157,0.08274999,3.9,-0.02,20.0
2026-03-09 09:50:00+09:00,3375,ＺＯＡ,3375.T,スタンダード,intraday_5m,1951.0,0.0005128205128204222,1.3333333333333333,0.0016704184717424547,,-0.004591836734693877,2455202816.0,7.445144,0.7789387,0.12933,3.83,0.030000000000000006,20.0
2026-03-09 11:15:00+09:00,3377,バイク王＆カンパニー,3377.T,スタンダード,intraday_5m,401.0,-0.0024875621890547706,0.0,0.003794829817435447,29.411764705882362,-0.019559902200488977,5706551296.0,10.808626,0.8157337,0.04842,2.69,0.02,20.0
2026-03-09 11:10:00+09:00,3386,コスモ・バイオ,3386.T,スタンダード,intraday_5m,1306.0,-0.005331302361005319,0.0,0.010584918431944928,31.355932203389827,-0.04111600587371511,7411743232.0,29.145279,0.79060143,0.03424,3.67,0.0,20.0
2026-03-09 11:10:00+09:00,3392,デリカフーズホールディングス,3392.T,スタンダード,intraday_5m,810.0,-0.0036900369003689537,0.0,0.00706650094917037,50.0,-0.03456495828367101,13157373952.0,9.073597,1.3115497,0.16504999,2.62,0.04,20.0
2026-03-09 10:55:00+09:00,3396,フェリシモ,3396.T,スタンダード,intraday_5m,850.0,0.0011778563015312216,3.2,0.004040078503844268,40.54054054054053,-0.010477299185098987,6054198272.0,16.065016,0.31066287,0.03022,2.33,0.030000000000000006,20.0
2026-03-09 11:20:00+09:00,3399,丸千代山岡家,3399.T,スタンダード,intraday_5m,3580.0,0.0,0.0,0.005515693285592742,39.99999999999999,-0.07133592736705574,70524911616.0,23.569689,46.768654,0.07913,0.54,0.02,20.0
2026-03-09 11:15:00+09:00,3409,北紡,3409.T,スタンダード,intraday_5m,118.0,0.008547008547008517,0.0,0.021522264091087304,53.846153846153854,-0.0992366412213741,3375184896.0,,2.4683611,-0.06816,,0.01,20.0
2026-03-09 11:00:00+09:00,3416,ピクスタ,3416.T,スタンダード,intraday_5m,922.0,-0.0010834236186348933,0.0,0.006806049411805672,,-0.012847965738758016,1598768256.0,4.9307446,1.3491721,0.077020004,4.82,0.04,20.0
2026-03-09 11:15:00+09:00,3417,大木ヘルスケアホールディングス,3417.T,スタンダード,intraday_5m,1333.0,0.0,0.0,0.004860638228969824,24.59016393442623,-0.01985294117647063,18183954432.0,6.4188375,0.54729366,0.07596,2.06,0.01,20.0
2026-03-09 11:20:00+09:00,3420,ケー・エフ・シー,3420.T,スタンダード,intraday_5m,1583.0,0.0,0.0,0.011605784887990774,43.28358208955223,-0.022839506172839474,11650148352.0,10.428883,0.5396625,0.04368,3.7,0.0,20.0
2026-03-09 11:15:00+09:00,3421,稲葉製作所,3421.T,スタンダード,intraday_5m,1692.0,-0.0029463759575721893,0.0,0.004969742633444754,28.57142857142857,-0.015706806282722474,26867802112.0,17.6397,0.61032665,0.037130002,2.56,0.04,20.0
2026-03-09 11:15:00+09:00,3422,Ｊ－ＭＡＸ,3422.T,スタンダード,intraday_5m,405.0,0.0024752475247524774,0.0,0.006227511720415455,27.272727272727266,-0.04929577464788737,4649363968.0,,0.26491487,-0.07713,0.94,0.01,20.0
2026-03-09 11:15:00+09:00,3423,エスイー,3423.T,スタンダード,intraday_5m,285.0,-0.006968641114982632,0.0,0.004864461381451787,42.10526315789474,-0.03389830508474578,8609300480.0,28.414757,0.7893381,0.01987,4.41,-0.010000000000000004,20.0
2026-03-09 09:40:00+09:00,3426,アトムリビンテック,3426.T,スタンダード,intraday_5m,1308.0,0.0,,0.0,,-0.005323193916349833,5218601984.0,13.796014,0.49222708,0.03618,2.4,0.02,20.0
2026-03-09 10:45:00+09:00,3434,アルファＣｏ,3434.T,スタンダード,intraday_5m,1350.0,-0.0066225165562914245,0.8888888888888888,0.006487687172448408,27.52293577981652,-0.02527075812274371,12975164416.0,,0.35520613,0.01135,3.61,0.05,20.0
2026-03-09 11:05:00+09:00,3435,サンコーテクノ,3435.T,スタンダード,intraday_5m,1400.0,0.0,2.5,0.00853686116699605,37.903225806451616,-0.04955872369314329,11080251392.0,10.375751,0.58360106,0.052789997,2.85,0.030000000000000006,20.0
2026-03-06 09:00:56+09:00,3437,特殊電極,3437.T,スタンダード,intraday_5m,3050.0,,,,,-0.022435897435897467,4825417216.0,11.415525,0.6194382,0.05152,3.28,0.0,20.0
2026-03-09 11:00:00+09:00,3439,三ツ知,3439.T,スタンダード,intraday_5m,627.0,0.0015974440894568342,0.0,0.008891954592929557,,-0.02941176470588236,2932097792.0,89.0625,0.2927254,0.0025,3.1,0.05263157894736842,19.0
2026-03-09 10:45:00+09:00,3440,日創グループ,3440.T,スタンダード,intraday_5m,955.0,-0.010362694300518172,29.176470588235293,0.007371978272340663,24.19354838709677,-0.032421479229989836,6131829760.0,6.733413,0.48905966,0.06638,4.26,0.022222222222222223,18.0
2026-03-09 11:15:00+09:00,3441,山王,3441.T,スタンダード,intraday_5m,1291.0,-0.0038580246913579863,2.052631578947368,0.004472951955266377,39.99999999999999,-0.09020436927413666,5606944768.0,7.4758234,0.78419983,0.12738,1.76,0.02,20.0
2026-03-09 11:15:00+09:00,3444,菊池製作所,3444.T,スタンダード,intraday_5m,721.0,-0.004143646408839796,2.1176470588235294,0.0038566594293615725,27.272727272727266,-0.08386277001270648,8709259264.0,16.41995,1.6671637,0.09417,1.27,0.0,20.0
2026-03-09 11:20:00+09:00,3446,ジェイテックコーポレーション,3446.T,スタンダード,intraday_5m,2037.0,-0.0014705882352941124,0.0,0.006530444819939475,34.75935828877006,-0.13686440677966105,11997175808.0,132.79008,5.1854095,-0.07126,,0.0,20.0
2026-03-09 11:15:00+09:00,3447,信和,3447.T,スタンダード,intraday_5m,1006.0,0.0,1.1009174311926606,0.0034355378288662038,70.0,-0.04734848484848486,13641055232.0,10.434602,0.80900156,0.109230004,3.41,0.04,20.0
2026-03-09 11:15:00+09:00,3449,テクノフレックス,3449.T,スタンダード,intraday_5m,2258.0,0.001330376940132938,1.3432835820895521,0.0036843492509405123,47.524752475247524,-0.0880452342487884,41389850624.0,20.493738,1.6113735,0.12735,2.67,0.030000000000000006,20.0
2026-03-09 11:15:00+09:00,3452,ビーロット,3452.T,スタンダード,intraday_5m,1504.0,-0.003973509933774877,0.7272727272727273,0.002927987339634203,44.827586206896555,-0.052299936988027707,27963176960.0,6.2308393,1.3970541,0.23423,9.2,0.030000000000000006,20.0
2026-03-09 11:15:00+09:00,3454,ファーストブラザーズ,3454.T,スタンダード,intraday_5m,1151.0,-0.008613264427217882,0.0,0.0039816205365888,28.888888888888886,-0.032773109243697474,16141958144.0,9.229412,0.6174485,0.06842,3.11,0.021052631578947368,19.0
2026-03-09 10:20:00+09:00,3461,パルマ,3461.T,スタンダード,intraday_5m,532.0,-0.0018761726078799779,0.4444444444444444,0.0038275578826975224,38.095238095238095,-0.007462686567164201,3599055104.0,29.359821,1.620479,0.10629,2.43,0.044444444444444446,18.0
2026-03-09 11:15:00+09:00,3467,アグレ都市デザイン,3467.T,スタンダード,intraday_5m,2674.0,0.009437523593808894,0.0,0.010199884514173207,45.4225352112676,-0.02763636363636368,15385385984.0,8.404048,1.9808654,0.24962,3.64,0.05,20.0
2026-03-09 11:05:00+09:00,3469,デュアルタップ,3469.T,スタンダード,intraday_5m,966.0,0.0,0.0,0.006416190245014368,35.48387096774192,-0.018292682926829285,4227431424.0,50.60241,1.6056113,0.03339,2.54,0.03157894736842106,19.0
2026-03-09 11:20:00+09:00,3489,フェイスネットワーク,3489.T,スタンダード,intraday_5m,886.0,0.0,0.0,0.0027643782159036253,43.33333333333333,-0.051391862955032175,26266064896.0,8.306768,2.5852687,0.44202998,4.28,0.06999999999999999,20.0
2026-03-09 11:00:00+09:00,3490,アズ企画設計,3490.T,スタンダード,intraday_5m,2780.0,0.00035984166966529507,0.0,0.0031404331949536125,39.473684210526315,-0.01243339253996445,3880146176.0,6.137814,1.0867271,,1.07,-0.04,20.0
2026-03-09 11:00:00+09:00,3494,マリオン,3494.T,スタンダード,intraday_5m,356.0,0.0028169014084507005,0.3333333333333333,0.0044874871297830065,23.07692307692308,-0.013850415512465353,2790142976.0,6.1210456,0.5869038,0.1034,1.66,0.044444444444444446,18.0
2026-03-09 11:00:00+09:00,3495,香陵住販,3495.T,スタンダード,intraday_5m,2450.0,0.0,,0.0,,0.0,6778407424.0,6.788772,1.0947748,0.09527001,2.45,0.04,20.0
2026-03-09 11:15:00+09:00,3512,日本フエルト,3512.T,スタンダード,intraday_5m,899.0,0.0022296544035673715,0.6,0.011453601592733662,20.77922077922078,-0.028108108108108154,15580881920.0,35.603962,0.733898,0.02375,2.16,0.02,20.0
2026-03-09 11:05:00+09:00,3513,イチカワ,3513.T,スタンダード,intraday_5m,3625.0,0.0013812154696133394,0.38709677419354843,0.018923947859459868,25.974025974025977,-0.09033877038895854,15252057088.0,14.370664,0.6562609,0.045500003,2.51,0.05,20.0
2026-03-09 11:15:00+09:00,3521,テルマー湯ホールディングス,3521.T,スタンダード,intraday_5m,170.0,0.0,0.0,0.0052023607120108865,36.36363636363636,-0.02857142857142858,4496582144.0,26.984127,0.91217864,0.03317,2.86,-0.01,20.0
2026-03-09 10:40:00+09:00,3524,日東製網,3524.T,スタンダード,intraday_5m,1551.0,-0.00449293966623876,6.4,0.00469212932163759,15.49295774647888,-0.030018761726078758,4022088960.0,8.463847,0.54242605,0.06379,3.13,-0.02,20.0
2026-03-09 11:15:00+09:00,3529,アツギ,3529.T,スタンダード,intraday_5m,1033.0,-0.0028957528957529455,0.0,0.0038115010779095817,41.860465116279066,-0.05748175182481752,16544368640.0,,0.513102,-0.056649998,,-0.010000000000000004,20.0
2026-03-09 11:05:00+09:00,3536,アクサスホールディングス,3536.T,スタンダード,intraday_5m,128.0,0.0,0.0,0.006671863486643024,44.444444444444436,-0.022900763358778664,3881632256.0,17.534246,1.778939,0.14682999,1.53,0.02,20.0
2026-03-09 11:10:00+09:00,3537,昭栄薬品,3537.T,スタンダード,intraday_5m,1555.0,-0.0012845215157354373,0.0,0.007163711218024037,,-0.018308080808080773,5324899840.0,10.895459,0.5737042,0.05015,2.46,-0.030000000000000006,20.0
2026-03-09 11:05:00+09:00,3538,ウイルプラスホールディングス,3538.T,スタンダード,intraday_5m,1048.0,-0.0047483380816714105,1.8461538461538463,0.006461430970195171,47.61904761904762,-0.031423290203327126,9529046016.0,6.4015636,0.82921565,0.13126999,4.25,0.03157894736842106,19.0
2026-03-09 11:15:00+09:00,3544,サツドラホールディングス,3544.T,スタンダード,intraday_5m,838.0,0.00359281437125758,0.0,0.005322079240481575,46.42857142857143,-0.004750593824228044,11547870208.0,21.17766,1.1662165,0.05614,1.43,-0.020000000000000004,20.0
2026-03-09 11:20:00+09:00,3547,串カツ田中ホールディングス,3547.T,スタンダード,intraday_5m,1819.0,0.0005500550055006492,0.0,0.0015189665387483234,21.621621621621614,-0.053097345132743334,19687249920.0,22.437399,4.0851984,0.22848,0.78,0.02,20.0
2026-03-09 11:20:00+09:00,3551,ダイニック,3551.T,スタンダード,intraday_5m,1156.0,-0.0008643042350907626,0.0,0.008668396220396153,33.9622641509434,-0.05786471067644661,9475155968.0,5.811966,0.3374945,0.080340005,2.85,0.030000000000000006,20.0
2026-03-09 11:20:00+09:00,3553,共和レザー,3553.T,スタンダード,intraday_5m,991.0,0.002022244691607611,0.07761194029850746,0.015418314585999642,25.86206896551724,-0.14935622317596564,23616225280.0,43.617958,0.6584783,0.01119,4.46,0.0,20.0
2026-03-09 11:00:00+09:00,3559,ピーバンドットコム,3559.T,スタンダード,intraday_5m,489.0,-0.0020408163265306367,0.32432432432432434,0.007777823905897048,12.5,-0.04117647058823526,2298641408.0,20.485966,1.6187712,0.096,1.96,0.06999999999999999,20.0
2026-03-09 09:50:00+09:00,3560,ほぼ日,3560.T,スタンダード,intraday_5m,3535.0,0.010000000000000009,1.0,0.008604445337385828,,-0.004225352112676051,8206043136.0,18.304682,1.5001909,0.11411,2.54,0.04,20.0
2026-03-09 11:15:00+09:00,3562,Ｎｏ．１,3562.T,スタンダード,intraday_5m,1550.0,0.0,1.6956521739130435,0.0015322335997750818,73.91304347826087,-0.03306300686213348,10117908480.0,15.826015,2.5892758,0.12605,4.87,0.02,20.0
2026-03-09 11:20:00+09:00,3565,アセンテック,3565.T,スタンダード,intraday_5m,1195.0,0.0,0.0,0.0028603143905666143,38.888888888888886,-0.04932378679395388,17111106560.0,12.778016,2.9234757,0.39902002,2.39,0.0,20.0
2026-03-09 10:40:00+09:00,3571,ソトー,3571.T,スタンダード,intraday_5m,790.0,0.002538071065989911,0.10810810810810811,0.0072647089645272635,42.857142857142854,-0.007537688442211032,9943418880.0,32.644627,0.6377227,0.01854,6.28,-0.010000000000000004,20.0
2026-03-09 10:05:00+09:00,3577,東海染工,3577.T,スタンダード,intraday_5m,1005.0,0.001994017946161497,3.7499999999999996,0.0012857244217031624,,0.0009960159362549792,3171966976.0,9.940653,0.414715,0.06421,2.49,0.02,20.0
2026-03-09 11:05:00+09:00,3583,オーベクス,3583.T,スタンダード,intraday_5m,1263.0,-0.0023696682464454666,0.25,0.009282269195165428,,-0.048945783132530174,3453269248.0,5.4879637,0.4857033,0.08557,2.64,0.0,20.0
2026-03-09 10:55:00+09:00,3597,自重堂,3597.T,スタンダード,intraday_5m,9750.0,0.005154639175257714,0.42857142857142855,0.0036628228674530907,36.73469387755102,-0.013157894736842146,28099051520.0,22.37727,0.7435454,0.03331,5.06,0.04,20.0
2026-03-09 10:20:00+09:00,3598,山喜,3598.T,スタンダード,intraday_5m,169.0,0.0,0.3333333333333333,0.0032726058636515544,,-0.00588235294117645,2395894016.0,37.80761,0.5728406,0.00307,1.76,0.0,20.0
2026-03-06 12:30:00+09:00,3600,フジックス,3600.T,スタンダード,intraday_5m,1686.0,0.0,,0.0,,0.0,2320748544.0,,0.24094133,-0.01107,2.97,-0.010000000000000004,20.0
2026-03-09 09:50:00+09:00,3607,クラウディアホールディングス,3607.T,スタンダード,intraday_5m,340.0,0.008902077151335286,0.46153846153846156,0.0030312941180217832,45.45454545454546,-0.005847953216374324,3063991552.0,9.795448,0.6484639,0.116689995,2.92,0.02,20.0
2026-03-09 11:10:00+09:00,3611,マツオカコーポレーション,3611.T,スタンダード,intraday_5m,2310.0,0.0034752389226759828,0.9113924050632911,0.0026259715127477097,60.0,-0.045848822800495626,24165920768.0,9.55098,0.6617868,0.06871,3.72,0.05,20.0
2026-03-09 11:15:00+09:00,3627,テクミラホールディングス,3627.T,スタンダード,intraday_5m,244.0,0.004115226337448652,1.8461538461538463,0.004239849594759225,37.5,-0.031746031746031744,2861170688.0,,0.47845107,-0.038310003,1.98,0.01,20.0
2026-03-09 11:15:00+09:00,3633,ＧＭＯペパボ,3633.T,スタンダード,intraday_5m,1900.0,-0.001051524710830698,0.0,0.007778709490860742,54.90196078431373,-0.04088844018172644,9805617152.0,15.032835,3.5027885,0.3386,18.78,0.021052631578947368,19.0
2026-03-09 10:45:00+09:00,3634,ソケッツ,3634.T,スタンダード,intraday_5m,820.0,-0.013237063778580027,7.499999999999999,0.00643258367929283,26.92307692307692,-0.029585798816568087,2011226240.0,,2.4881737,-0.337,0.59,0.030000000000000006,20.0
2026-03-09 10:50:00+09:00,3639,ボルテージ,3639.T,スタンダード,intraday_5m,241.0,0.004166666666666652,0.10084033613445378,0.006241199027001547,39.99999999999999,-0.028225806451612878,1563462016.0,,0.694873,-0.00588,,0.0,20.0
2026-03-09 11:15:00+09:00,3640,電算,3640.T,スタンダード,intraday_5m,3495.0,-0.0028530670470755526,0.0,0.0049472893021222965,52.38095238095237,-0.05284552845528456,19396079616.0,7.2745814,1.362691,0.29734,2.17,0.05,20.0
2026-03-09 11:10:00+09:00,3641,パピレス,3641.T,スタンダード,intraday_5m,1081.0,0.0,0.7058823529411765,0.0028225001545350114,44.444444444444436,-0.00734618916437102,9350825984.0,90.23373,1.0304984,0.0058099995,0.92,0.01,20.0
2026-03-09 11:20:00+09:00,3647,アスリナ,3647.T,スタンダード,intraday_5m,125.0,0.0,0.0,0.005710707865584508,28.57142857142857,-0.06716417910447758,2649776128.0,,2.9867864,-0.36106,,0.01,20.0
2026-03-09 11:10:00+09:00,3648,ＡＧＳ,3648.T,スタンダード,intraday_5m,1208.0,-0.0016528925619834212,0.0,0.006537122982354243,55.0,-0.027375201288244777,20212293632.0,10.259895,1.2831612,0.14006,2.58,0.04,20.0
2026-03-09 11:15:00+09:00,3667,ｅｎｉｓｈ,3667.T,スタンダード,intraday_5m,55.0,0.0,0.18673218673218672,0.014519098859666653,50.0,-0.051724137931034475,1844858752.0,,0.77339524,-1.3917799,,0.030000000000000006,20.0
2026-03-09 11:00:00+09:00,3670,協立情報通信,3670.T,スタンダード,intraday_5m,2050.0,-0.006301502666020364,10.928571428571429,0.011909991665364224,,-0.03256252949504479,2455498240.0,8.599354,1.3396355,,3.07,0.06,20.0
2026-03-09 11:20:00+09:00,3671,ソフトマックス,3671.T,スタンダード,intraday_5m,311.0,0.0,0.0,0.006156706059723033,30.0,-0.05182926829268297,7479292416.0,11.548459,1.9055673,0.15399,3.05,0.030000000000000006,20.0
2026-03-09 11:00:00+09:00,3672,オルトプラス,3672.T,スタンダード,intraday_5m,41.0,0.02499999999999991,0.0,0.017978026182930224,50.0,-0.023809523809523836,3089186304.0,,2.629385,-0.58423,,0.022222222222222223,18.0
2026-03-09 11:20:00+09:00,3675,クロス・マーケティンググループ,3675.T,スタンダード,intraday_5m,582.0,0.001721170395869276,0.0,0.002997662674593344,50.0,-0.041186161449752845,11292699648.0,8.53748,2.8555868,0.23274,2.47,0.021052631578947368,19.0
2026-03-09 10:55:00+09:00,3682,エンカレッジ・テクノロジ,3682.T,スタンダード,intraday_5m,674.0,-0.005899705014749235,0.15584415584415584,0.005087790275707485,42.10526315789474,-0.004431314623338234,4490570752.0,18.167116,1.4622452,0.0100300005,3.84,0.05,20.0
2026-03-09 11:20:00+09:00,3683,サイバーリンクス,3683.T,スタンダード,intraday_5m,1072.0,0.00280636108512633,0.0,0.0035529286741166517,50.0,-0.06293706293706292,11873286144.0,10.482058,1.2987627,0.1508,3.06,0.05,20.0
2026-03-09 11:15:00+09:00,3686,ディー・エル・イー,3686.T,スタンダード,intraday_5m,116.0,0.0,0.0,0.012218850203872311,46.15384615384615,-0.05691056910569103,5040018944.0,,3.4759676,-0.25614,,0.04,20.0
2026-03-09 11:15:00+09:00,3690,イルグルム,3690.T,スタンダード,intraday_5m,562.0,0.0017825311942958333,0.0,0.006372210749766314,36.8421052631579,-0.0174825174825175,3484894464.0,,2.0137954,-0.02656,1.22,0.01,20.0
2026-03-09 11:20:00+09:00,3698,ＣＲＩ・ミドルウェア,3698.T,スタンダード,intraday_5m,900.0,-0.004424778761061954,0.0,0.004535823840083727,35.48387096774192,-0.05759162303664922,4703465472.0,11.178736,1.183857,0.08999,2.83,0.02,20.0
2026-03-09 10:20:00+09:00,3710,ジョルダン,3710.T,スタンダード,intraday_5m,598.0,0.0,1.5,0.004349312006874979,,0.0,3050228224.0,11.654648,0.66671646,0.04741,1.0,0.03333333333333334,18.0
2026-03-09 11:05:00+09:00,3712,情報企画,3712.T,スタンダード,intraday_5m,5380.0,-0.01645338208409508,0.0,0.006297077324824284,40.625,-0.023593466424682408,16274171904.0,15.114482,2.2748213,0.17175,1.31,0.04,20.0
2026-03-09 11:20:00+09:00,3719,ＡＩストーム,3719.T,スタンダード,intraday_5m,234.0,0.0042918454935623185,0.0,0.004830466851399446,33.33333333333333,-0.056451612903225756,6372568064.0,25.16129,6.351964,,1.21,0.02,20.0
2026-03-09 11:20:00+09:00,3726,フォーシーズＨＤ,3726.T,スタンダード,intraday_5m,418.0,-0.004761904761904745,0.0,0.005214577222570342,42.857142857142854,-0.021077283372365363,5490918400.0,,3.168371,-0.31639,,0.030000000000000006,20.0
2026-03-09 11:05:00+09:00,3733,ソフトウェア・サービス,3733.T,スタンダード,intraday_5m,11110.0,-0.008035714285714257,1.2,0.02828094794065611,43.60189573459716,-0.13203125000000004,58161795072.0,9.517201,1.3860255,0.1456,1.33,0.01,20.0
2026-03-09 11:15:00+09:00,3744,サイオス,3744.T,スタンダード,intraday_5m,432.0,-0.004608294930875556,0.19672131147540983,0.005512564445477225,20.0,-0.06695464362850967,3745034752.0,8.36885,2.0177958,0.18862,1.08,0.06999999999999999,20.0
2026-03-09 11:20:00+09:00,3747,インタートレード,3747.T,スタンダード,intraday_5m,560.0,-0.0017825311942959443,0.0,0.003938336883557437,22.222222222222214,-0.09677419354838712,4023919104.0,,3.260857,-0.01048,,0.0,20.0
2026-03-09 10:30:00+09:00,3750,ＡＤＲ１２０Ｓ,3750.T,スタンダード,intraday_5m,878.0,-0.0011376564277588708,0.8571428571428571,0.001538111284697359,18.181818181818173,-0.0045351473922902175,7838958592.0,,77.60983,-1.6092501,,-0.01,20.0
2026-03-09 11:15:00+09:00,3753,フライトソリューションズ,3753.T,スタンダード,intraday_5m,137.0,-0.007246376811594235,0.0,0.005520549709595269,33.33333333333333,-0.06164383561643838,1689357312.0,,2.859588,-0.20548001,,0.0,20.0
2026-03-09 11:20:00+09:00,3758,アエリア,3758.T,スタンダード,intraday_5m,248.0,0.0,0.0,0.008549080103833508,42.857142857142854,-0.0424710424710425,5048028672.0,,0.5999671,0.041100003,1.93,0.03333333333333334,18.0
2026-03-09 11:20:00+09:00,3760,ケイブ,3760.T,スタンダード,intraday_5m,616.0,-0.0016207455429497752,0.0,0.00596136474781704,6.25,-0.04496124031007753,3711956224.0,,1.1798981,-0.78676003,1.55,-0.01,20.0
2026-03-09 11:20:00+09:00,3766,システムズ・デザイン,3766.T,スタンダード,intraday_5m,1246.0,0.019639934533551617,0.0,0.023133018699784524,,-0.019669551534225005,4259433472.0,12.192973,0.90019995,0.083909996,3.93,0.05,20.0
2026-03-09 11:00:00+09:00,3768,リスクモンスター,3768.T,スタンダード,intraday_5m,555.0,0.0018050541516245744,0.9230769230769231,0.006529359289680319,,-0.007155635062611854,4168024576.0,3.2414436,0.68252,0.21505,2.77,0.03157894736842106,19.0
2026-03-09 11:15:00+09:00,3772,ウェルス・マネジメント,3772.T,スタンダード,intraday_5m,1045.0,-0.0057088487155090295,0.10859728506787329,0.0051948494384040115,32.14285714285715,-0.0359778597785978,20041555968.0,107.06967,1.1471326,0.04877,1.85,-0.01,20.0
2026-03-09 11:15:00+09:00,3776,ブロードバンドタワー,3776.T,スタンダード,intraday_5m,218.0,0.004608294930875667,0.2665926131630103,0.005373646887961038,41.66666666666667,-0.10288065843621397,13398275072.0,55.754475,1.5260122,0.022939999,0.82,0.02,20.0
2026-03-09 11:15:00+09:00,3779,ジェイ・エスコムホールディングス,3779.T,スタンダード,intraday_5m,151.0,0.0,0.0,0.008852254746265924,33.33333333333333,-0.044303797468354444,1746718592.0,3.8797536,2.8498094,-0.25386,,0.0,20.0
2026-03-09 11:20:00+09:00,3787,テクノマセマティカル,3787.T,スタンダード,intraday_5m,625.0,0.006441223832528209,0.0,0.012180956174104859,31.578947368421055,-0.038461538461538436,1620599424.0,,0.8817185,0.0137,,0.02,20.0
2026-03-09 11:20:00+09:00,3791,ＩＧポート,3791.T,スタンダード,intraday_5m,1299.0,0.003863987635239541,0.0,0.0044012149047177665,47.72727272727273,-0.05251641137855578,26267629568.0,41.369427,2.7230308,0.0731,1.24,0.0,20.0
2026-03-09 10:50:00+09:00,3796,いい生活,3796.T,スタンダード,intraday_5m,499.0,-0.003992015968063867,4.230769230769231,0.010191951051012086,,-0.009920634920634885,3443787008.0,132.01059,1.8073032,0.0339,2.38,0.030000000000000006,20.0
2026-03-09 11:15:00+09:00,3798,ＵＬＳグループ,3798.T,スタンダード,intraday_5m,517.0,-0.005769230769230749,1.0232558139534884,0.0032502504272441876,36.36363636363636,-0.05137614678899083,29234479104.0,17.699419,2.4844062,0.17358999,1.3,0.04,20.0
2026-03-09 11:15:00+09:00,3799,キーウェアソリューションズ,3799.T,スタンダード,intraday_5m,1165.0,0.0,0.0,0.008405022777215821,28.0,-0.044298605414273995,9740946432.0,8.94022,1.2817072,0.12347999,2.79,0.06,20.0
2026-03-09 11:15:00+09:00,3800,ユニリタ,3800.T,スタンダード,intraday_5m,1961.0,0.003069053708439906,0.0,0.003407992417598666,,-0.004568527918781706,14923400192.0,18.996416,1.2198384,0.07946,3.65,0.09,20.0
2026-03-09 11:10:00+09:00,3802,エコミック,3802.T,スタンダード,intraday_5m,482.0,0.0020790020790020236,0.0,0.003619328277724777,,-0.0020703933747412417,1653327488.0,25.98383,1.2327492,0.03621,2.69,0.0,20.0
2026-03-09 10:55:00+09:00,3804,システム　ディ,3804.T,スタンダード,intraday_5m,1432.0,-0.012413793103448256,5.0,0.010302457100959124,,-0.025850340136054473,9184027648.0,14.627171,1.8344768,0.13186,2.18,0.02,20.0
2026-03-09 11:20:00+09:00,3810,サイバーステップホールディングス,3810.T,スタンダード,intraday_5m,244.0,0.0,0.037500000000000006,0.006332755540155772,37.5,-0.016129032258064502,16839139328.0,,2.694138,-0.49041998,,0.030000000000000006,20.0
2026-03-09 11:10:00+09:00,3816,大和コンピューター,3816.T,スタンダード,intraday_5m,1108.0,0.0009033423667570428,0.0,0.015076562547783662,41.41414141414141,-0.03315881326352532,4293778176.0,10.285927,0.79909587,0.04948,1.66,-0.01,20.0
2026-03-09 11:15:00+09:00,3823,ＴＨＥ　ＷＨＹ　ＨＯＷ　ＤＯ　ＣＯＭＰＡＮＹ,3823.T,スタンダード,intraday_5m,51.0,0.0,0.16222961730449253,0.010998554561049383,50.0,-0.07272727272727275,6702450688.0,,3.7887228,-0.13235,,0.02,20.0
2026-03-09 11:20:00+09:00,3825,リミックスポイント,3825.T,スタンダード,intraday_5m,217.0,0.0,0.3373352855051245,0.0038489827135254214,25.0,-0.07659574468085106,31813240832.0,9.814564,1.107205,-0.08094,2.13,0.02,20.0
2026-03-09 11:15:00+09:00,3826,システムインテグレータ,3826.T,スタンダード,intraday_5m,455.0,-0.0065502183406113135,0.0,0.0059591342760791045,11.999999999999986,-0.04811715481171552,4967562240.0,6.9433846,1.1445993,,2.3,0.07999999999999999,20.0
2026-03-09 11:00:00+09:00,3839,ＯＤＫソリューションズ,3839.T,スタンダード,intraday_5m,639.0,0.009478672985782088,1.0909090909090908,0.003965079342505483,47.99999999999999,0.0015673981191222097,5236085248.0,24.13142,0.8784025,0.03279,1.57,0.04,20.0
2026-03-09 11:15:00+09:00,3840,パス,3840.T,スタンダード,intraday_5m,55.0,0.0,0.0,0.013740469916375985,39.99999999999999,-0.06779661016949157,4247927296.0,,1.7585932,-0.25252,,0.02,20.0
2026-03-09 11:15:00+09:00,3841,ジーダット,3841.T,スタンダード,intraday_5m,1123.0,0.00267857142857153,0.0,0.0043293595889343,33.33333333333333,-0.016637478108581405,4322795520.0,19.318768,1.6977211,0.04393,3.5,0.01,20.0
2026-03-09 11:15:00+09:00,3842,ネクストジェン,3842.T,スタンダード,intraday_5m,1065.0,-0.0018744142455482393,0.4444444444444444,0.013665523823283872,48.484848484848484,-0.04140414041404139,3293718016.0,11.8927965,1.413601,0.13333,1.8,0.02,20.0
2026-03-09 11:20:00+09:00,3845,アイフリークモバイル,3845.T,スタンダード,intraday_5m,232.0,0.0043290043290042934,0.10256410256410256,0.009086375239304702,4.761904761904759,-0.06451612903225812,5159596544.0,,6.1589108,-0.08405,,0.01,20.0
2026-03-09 09:40:00+09:00,3848,データ・アプリケーション,3848.T,スタンダード,intraday_5m,950.0,0.0042283298097252064,0.37037037037037035,0.007179758745995701,,-0.01349948078920038,5899521024.0,20.338257,1.220377,,2.7,0.05,20.0
2026-03-09 11:20:00+09:00,3850,エヌ・ティ・ティ・データ・イントラマート,3850.T,スタンダード,intraday_5m,2968.0,0.002025658338960179,0.0,0.00913394217823531,60.0,-0.04719101123595504,14458858496.0,21.174288,2.5883713,0.15412,1.61,0.02,20.0
2026-03-09 10:25:00+09:00,3851,日本一ソフトウェア,3851.T,スタンダード,intraday_5m,818.0,-0.0024390243902439046,0.26829268292682923,0.006314290939323061,,-0.02035928143712573,4139279616.0,,0.5213199,-0.03627,0.6,-0.01,20.0
2026-03-09 11:20:00+09:00,3856,Ａｂａｌａｎｃｅ,3856.T,スタンダード,intraday_5m,585.0,0.0,0.0410958904109589,0.005784148749950416,82.85714285714286,-0.040983606557377095,11086131200.0,1.6435354,0.29799822,,0.98,0.01,20.0
2026-03-09 11:15:00+09:00,3858,ユビキタスＡＩ,3858.T,スタンダード,intraday_5m,337.0,-0.00295857988165682,0.13559322033898305,0.010797299045193623,22.222222222222214,-0.06128133704735372,3524643584.0,,1.6760082,-0.05633,,0.02,20.0
2026-03-09 11:20:00+09:00,3878,巴川コーポレーション,3878.T,スタンダード,intraday_5m,824.0,0.0024330900243310083,0.0,0.009856270275522083,58.33333333333334,-0.0636363636363636,8080314368.0,14.45107,0.4931164,0.04081,1.7,0.02,20.0
2026-03-09 11:20:00+09:00,3891,ニッポン高度紙工業,3891.T,スタンダード,intraday_5m,3745.0,-0.0026631158455392434,1.6995708154506437,0.003856987676352841,25.80645161290323,-0.13610149942329874,39497428992.0,21.489641,1.5676074,0.091529995,1.85,0.0,20.0
2026-03-09 10:35:00+09:00,3892,岡山製紙,3892.T,スタンダード,intraday_5m,1760.0,0.0,0.5833333333333334,0.013287807046170635,,-0.028161236885698493,8175066112.0,10.96915,0.59210116,0.05661,2.76,-0.02,20.0
2026-03-09 11:20:00+09:00,3895,ハビックス,3895.T,スタンダード,intraday_5m,416.0,0.002409638554216942,0.0,0.009682634734456873,26.470588235294116,-0.05022831050228316,3252693248.0,4.9701314,0.44711903,0.09604,3.65,0.0,20.0
2026-03-09 11:20:00+09:00,3896,阿波製紙,3896.T,スタンダード,intraday_5m,373.0,0.0,0.0,0.011119544719511903,27.272727272727266,-0.06281407035175879,3730724864.0,,0.7628748,-0.007850001,,0.0,20.0
2026-03-09 11:00:00+09:00,3907,シリコンスタジオ,3907.T,スタンダード,intraday_5m,675.0,-0.007352941176470562,0.8,0.006385747991268325,40.54054054054053,-0.024566473988439252,1852860160.0,6.8451476,1.0654738,0.04977,1.45,0.02,20.0
2026-03-09 11:00:00+09:00,3909,ショーケース,3909.T,スタンダード,intraday_5m,222.0,0.0,0.1951219512195122,0.011816830426266184,23.33333333333333,-0.06329113924050633,1903139456.0,7.156673,1.1208103,0.53895,,0.0,20.0
2026-03-09 11:15:00+09:00,3910,エムケイシステム,3910.T,スタンダード,intraday_5m,285.0,-0.0034965034965035446,0.0,0.011057101009640469,43.99999999999999,-0.04682274247491636,1546835840.0,256.75674,2.251576,0.18833,2.68,0.04,20.0
2026-03-09 11:20:00+09:00,3912,モバイルファクトリー,3912.T,スタンダード,intraday_5m,1156.0,0.004344048653344812,0.0,0.005794001771292316,37.755102040816325,-0.031825795644891075,8250416128.0,11.336667,2.6766262,0.15043001,4.27,0.030000000000000006,20.0
2026-03-09 11:00:00+09:00,3913,ＧｒｅｅｎＢｅｅ,3913.T,スタンダード,intraday_5m,991.0,-0.0010080645161290036,0.32,0.011753608382382054,34.78260869565217,-0.056190476190476235,2303331840.0,21.647009,1.6570743,0.15736,,0.02,20.0
2026-03-09 11:15:00+09:00,3918,ＰＣＩホールディングス,3918.T,スタンダード,intraday_5m,1102.0,-0.0018115942028985588,0.0,0.0068390842438293695,52.17391304347826,-0.03839441535776611,10918924288.0,13.393291,1.175409,,4.36,0.0,20.0
2026-03-09 11:20:00+09:00,3920,アイビーシー,3920.T,スタンダード,intraday_5m,947.0,-0.007337526205450695,0.0,0.006065836687210771,30.26315789473685,-0.03662258392675488,5262896640.0,12.776578,2.3707597,0.18169,2.24,0.01,20.0
2026-03-09 11:15:00+09:00,3927,フーバーブレイン,3927.T,スタンダード,intraday_5m,917.0,0.002185792349726823,1.5609756097560976,0.002859987351635955,42.857142857142854,-0.008648648648648671,4900808192.0,12.134445,2.209564,-0.10938,3.24,0.04,20.0
2026-03-09 11:20:00+09:00,3928,マイネット,3928.T,スタンダード,intraday_5m,284.0,0.0,0.0,0.006696468261800815,60.0,-0.037288135593220306,2428870400.0,19.098856,1.5980194,0.1542,,0.044444444444444446,18.0
2026-03-09 11:15:00+09:00,3933,チエル,3933.T,スタンダード,intraday_5m,653.0,0.0,0.0,0.0035340087700490978,12.5,-0.028273809523809534,4878047232.0,9.563562,1.6046276,0.20952,2.23,0.04,20.0
2026-03-09 10:55:00+09:00,3934,ベネフィットジャパン,3934.T,スタンダード,intraday_5m,1985.0,-0.0015090543259557165,0.8421052631578947,0.006774351627698577,,-0.02168555938886152,11658514432.0,12.67237,1.3872631,0.11776,3.89,0.04,20.0
2026-03-09 11:15:00+09:00,3935,エディア,3935.T,スタンダード,intraday_5m,670.0,-0.0029761904761904656,0.5915492957746479,0.004038707665489975,21.73913043478261,-0.074585635359116,3950224896.0,12.747336,2.7731445,0.29885998,1.52,0.030000000000000006,20.0
2026-03-09 11:20:00+09:00,3937,Ｕｂｉｃｏｍホールディングス,3937.T,スタンダード,intraday_5m,947.0,0.0031779661016948513,0.23762376237623764,0.002696027710348642,45.16129032258065,-0.03857868020304567,11480709120.0,11.681263,1.9884014,0.16533001,2.54,0.02,20.0
2026-03-09 11:10:00+09:00,3940,ノムラシステムコーポレーション,3940.T,スタンダード,intraday_5m,139.0,0.0,0.024793388429752067,0.005941866504953886,33.33333333333333,-0.03472222222222221,6413292544.0,16.087963,1.8193479,0.118999995,2.47,0.05,20.0
2026-03-09 10:25:00+09:00,3943,大石産業,3943.T,スタンダード,intraday_5m,1405.0,-0.0007112375533427917,0.25,0.008888933144584422,29.268292682926827,-0.033700137551581855,11022158848.0,13.824658,0.5822075,0.03232,3.58,0.02,20.0
2026-03-06 15:10:00+09:00,3944,古林紙工,3944.T,スタンダード,intraday_5m,2627.0,,,,,0.0,2914614528.0,8.110277,0.29152054,0.028099999,1.9,0.020000000000000004,20.0
2026-03-09 11:10:00+09:00,3945,スーパーバッグ,3945.T,スタンダード,intraday_5m,2511.0,-0.00039808917197448057,0.0,0.008604101498125138,38.349514563106794,-0.02674418604651163,3729548032.0,3.8590398,0.7232693,0.16635,4.26,-0.010000000000000004,20.0
2026-03-09 10:45:00+09:00,3947,ダイナパック,3947.T,スタンダード,intraday_5m,2510.0,0.0040000000000000036,4.285714285714286,0.01084031596886934,41.832669322709165,-0.031262060980316475,24474329088.0,10.154544,0.52654684,0.068280004,3.09,0.08,20.0
2026-03-09 10:00:00+09:00,3948,光ビジネスフォーム,3948.T,スタンダード,intraday_5m,1190.0,-0.0237899917965545,0.36,0.03224693237050146,,-0.025389025389025432,6395579904.0,37.77778,1.112297,0.01607,4.1,0.06,20.0
2026-03-09 11:20:00+09:00,3951,朝日印刷,3951.T,スタンダード,intraday_5m,879.0,-0.002270147559591429,0.2926829268292683,0.0031508287477513487,47.368421052631575,-0.013468013468013518,17754171392.0,13.533488,0.5375302,0.04196,4.26,0.01,20.0
2026-03-09 11:10:00+09:00,3953,大村紙業,3953.T,スタンダード,intraday_5m,780.0,0.010362694300518172,0.0,0.013775694208089509,41.04477611940298,-0.03584672435105063,2778096384.0,,0.5661294,-0.01316,7.42,0.06,20.0
2026-03-09 10:50:00+09:00,3954,昭和パックス,3954.T,スタンダード,intraday_5m,3170.0,0.022580645161290214,0.9090909090909091,0.012493512648880798,,0.03934426229508192,13916318720.0,11.664703,0.553685,0.050100002,1.31,0.030000000000000006,20.0
2026-03-09 11:05:00+09:00,3955,イムラ,3955.T,スタンダード,intraday_5m,918.0,-0.0010881392818280489,0.0,0.003400544745311045,16.129032258064512,-0.026511134676564185,9178501120.0,8.421246,0.525086,0.053200003,3.18,0.01,20.0
2026-03-09 11:05:00+09:00,3958,笹徳印刷,3958.T,スタンダード,intraday_5m,566.0,0.0,0.0,0.0050037845187819955,27.272727272727266,-0.024137931034482807,3107347968.0,13.1505575,0.32720336,0.02542,3.1,0.02,20.0
2026-03-09 11:10:00+09:00,3965,キャピタル・アセット・プランニング,3965.T,スタンダード,intraday_5m,832.0,-0.014218009478673022,0.0,0.0076993266554973225,47.22222222222222,-0.024618991793669442,4780726784.0,11.894211,1.2847972,0.13945,2.23,0.07,20.0
2026-03-09 11:20:00+09:00,3969,エイトレッド,3969.T,スタンダード,intraday_5m,1400.0,0.0007147962830593713,0.0,0.004736835820434082,46.3768115942029,-0.0063875088715400485,10482055168.0,15.055383,1.9361085,0.14345,2.41,0.01,20.0
2026-03-09 11:00:00+09:00,3974,ＳＣＡＴ,3974.T,スタンダード,intraday_5m,579.0,0.0,1.411764705882353,0.0044527346666901856,35.71428571428572,-0.015306122448979553,1813648000.0,13.234285,0.89004344,0.062750004,2.38,0.03529411764705883,17.0
2026-03-09 10:55:00+09:00,3981,ビーグリー,3981.T,スタンダード,intraday_5m,1243.0,-0.011137629276054106,1.5584415584415585,0.008659171569256446,37.58389261744966,-0.028906250000000022,6946240512.0,6.786046,0.86141896,0.08793,3.52,0.03157894736842106,19.0
2026-03-09 11:15:00+09:00,3985,テモナ,3985.T,スタンダード,intraday_5m,199.0,0.0,0.0,0.006296385852282127,45.45454545454546,-0.03398058252427183,2129240960.0,29.008745,2.7511268,0.07764,,0.01,20.0
2026-03-09 10:25:00+09:00,3988,ＳＹＳホールディングス,3988.T,スタンダード,intraday_5m,530.0,0.0,0.2647058823529412,0.007033575973548428,,-0.020332717190388205,5582837248.0,13.151365,1.4883586,0.111499995,1.48,0.02,20.0
2026-03-09 11:05:00+09:00,3996,サインポスト,3996.T,スタンダード,intraday_5m,232.0,0.0,0.0,0.008283712042575726,27.77777777777777,-0.033333333333333326,2968063232.0,19.561552,1.6480082,0.053579997,,0.01,20.0
2026-03-09 11:20:00+09:00,3997,トレードワークス,3997.T,スタンダード,intraday_5m,421.0,0.0023809523809523725,0.030094043887147336,0.005526147541333283,28.57142857142857,-0.11740041928721179,16431312896.0,,9.216893,0.03556,0.42,0.030000000000000006,20.0
2026-03-09 11:15:00+09:00,4012,アクシス,4012.T,スタンダード,intraday_5m,1506.0,-0.003968253968253954,0.0,0.008101592705255761,45.65217391304348,-0.04683544303797471,6426216448.0,10.818966,1.5827657,,3.61,0.030000000000000006,20.0
2026-03-09 10:45:00+09:00,4016,ＭＩＴホールディングス,4016.T,スタンダード,intraday_5m,920.0,0.0,1.0285714285714285,0.004810109648478202,34.21052631578948,-0.012875536480686733,1837561984.0,19.662321,2.5435724,0.13574,3.22,0.04,20.0
2026-03-09 11:15:00+09:00,4026,神島化学工業,4026.T,スタンダード,intraday_5m,1757.0,-0.0005688282138793799,0.0,0.0035423883476256974,53.96825396825397,-0.09572825527534745,15964776448.0,10.478292,3.960704,0.096420005,2.37,0.030000000000000006,20.0
2026-03-09 11:20:00+09:00,4031,片倉コープアグリ,4031.T,スタンダード,intraday_5m,1120.0,0.009918845807033394,0.38323353293413176,0.007947246715520499,53.39805825242718,0.08003857280617166,10033147904.0,,0.44466695,-0.03565,1.93,0.01,20.0
2026-03-09 11:20:00+09:00,4040,南海化学,4040.T,スタンダード,intraday_5m,3290.0,-0.0015174506828528056,0.14634146341463414,0.012140960778735692,56.666666666666664,-0.049132947976878616,6660318720.0,6.6401596,0.62355894,0.27906,2.02,0.04,20.0
2026-03-09 09:20:00+09:00,4059,まぐまぐ,4059.T,スタンダード,intraday_5m,503.0,0.03285420944558526,9.67741935483871,0.013686165270076734,,0.006000000000000005,1466974848.0,101.616165,1.699043,0.01802,,0.0,20.0
2026-03-09 11:20:00+09:00,4093,東邦アセチレン,4093.T,スタンダード,intraday_5m,432.0,-0.006896551724137945,0.046875,0.0034298251853896065,18.181818181818173,-0.04424778761061943,15031878656.0,13.576367,0.80409193,0.06696,3.98,0.01,20.0
2026-03-09 11:15:00+09:00,4094,日本化学産業,4094.T,スタンダード,intraday_5m,2557.0,0.0,0.0,0.00844959681723011,45.00000000000001,-0.044112149532710254,49760858112.0,21.008955,1.0117552,0.05292,3.36,0.02,20.0
2026-03-09 11:15:00+09:00,4098,チタン工業,4098.T,スタンダード,intraday_5m,1028.0,-0.003875968992248069,0.0,0.006185636242760399,27.65957446808511,-0.05601469237832879,3059863552.0,33.354965,0.58854645,0.010629999,0.92,0.030000000000000006,20.0
2026-03-09 11:20:00+09:00,4100,戸田工業,4100.T,スタンダード,intraday_5m,1314.0,0.0007616146230007281,0.20168067226890757,0.004039854850181532,44.06779661016949,-0.09254143646408841,7596523008.0,,0.68662655,-0.23154,,0.02,20.0
2026-03-09 10:05:00+09:00,4102,丸尾カルシウム,4102.T,スタンダード,intraday_5m,1415.0,0.0021246458923511735,1.5625,0.004690048294729865,,-0.011871508379888263,3017394176.0,18.821495,0.30063072,0.02211,2.09,0.030000000000000006,20.0
2026-03-09 11:20:00+09:00,4107,伊勢化学工業,4107.T,スタンダード,intraday_5m,5580.0,0.0017953321364452268,0.20448430493273545,0.004535652540585084,40.625,-0.08674304418985268,284359983104.0,44.54734,7.357265,0.17181998,0.65,0.0,20.0
2026-03-09 11:20:00+09:00,4113,田岡化学工業,4113.T,スタンダード,intraday_5m,949.0,0.004232804232804144,0.11036789297658864,0.004332624760939833,36.53846153846153,-0.09446564885496178,13597864960.0,7.1866717,0.7085172,0.09206,3.44,-0.010000000000000004,20.0
2026-03-09 11:05:00+09:00,4119,日本ピグメントホールディングス,4119.T,スタンダード,intraday_5m,4635.0,0.007608695652173925,0.8888888888888888,0.01142637872993761,46.49122807017543,-0.01904761904761909,7274836480.0,,0.3473338,-0.04125,2.12,0.04,20.0
2026-03-09 09:10:00+09:00,4120,スガイ化学工業,4120.T,スタンダード,intraday_5m,2335.0,0.030905077262693093,2.5,0.019897263232284922,,0.0004284490145671782,3050413568.0,6.5216174,0.39015988,0.022909999,3.0,-0.010000000000000004,20.0
2026-03-09 10:50:00+09:00,4124,大阪油化工業,4124.T,スタンダード,intraday_5m,2450.0,0.0004083299305839283,0.6666666666666666,0.01179705612911975,,0.015754560530679917,2074260608.0,,2.1170294,0.01195,1.53,0.01,20.0
2026-03-09 11:20:00+09:00,4125,三和油化工業,4125.T,スタンダード,intraday_5m,2889.0,0.00242886884108251,0.5393258426966292,0.006345541842647237,57.03125,-0.09293563579277864,12481387520.0,16.891773,0.961217,0.06413,1.57,0.04,20.0
2026-03-09 11:15:00+09:00,4171,グローバルインフォメーション,4171.T,スタンダード,intraday_5m,1374.0,0.0,4.444444444444445,0.00804443539684258,,-0.01786990707648317,4078470400.0,14.92667,1.6184508,0.093,3.72,-0.020000000000000004,20.0
2026-03-09 11:15:00+09:00,4172,Ｈｉクラテス,4172.T,スタンダード,intraday_5m,2351.0,0.00042553191489358433,0.0,0.010263729026988893,,-0.02000833680700287,5237640192.0,11.694191,1.2385058,0.10939,3.67,0.06,20.0
2026-03-09 11:20:00+09:00,4174,アピリッツ,4174.T,スタンダード,intraday_5m,638.0,-0.0015649452269170805,0.0,0.0031896188297542718,27.272727272727266,-0.006230529595015577,2577304320.0,107.95263,1.1692734,-0.00942,4.36,0.01,20.0
2026-03-09 10:40:00+09:00,4193,ファブリカホールディングス,4193.T,スタンダード,intraday_5m,2088.0,0.0,0.0,0.003860018885040335,30.0,-0.01602262016965128,11247636480.0,36.58024,2.8357852,0.065,1.79,0.06,20.0
2026-03-09 10:45:00+09:00,4196,ネオマーケティング,4196.T,スタンダード,intraday_5m,1376.0,-0.00721500721500723,1.44,0.0048940229252242146,,-0.010071942446043147,3367933440.0,128.59813,4.2516637,0.05552,,0.01,20.0
2026-03-09 10:50:00+09:00,4197,アスマーク,4197.T,スタンダード,intraday_5m,2340.0,-0.0004271678769756093,1.4,0.003336174722484657,,0.001712328767123239,2706530560.0,12.760388,1.6971784,,3.34,-0.020000000000000004,20.0
2026-03-09 11:05:00+09:00,4198,テンダ,4198.T,スタンダード,intraday_5m,538.0,-0.0037037037037036535,0.30000000000000004,0.007133421561858117,32.5,-0.02003642987249543,3569405696.0,815.1515,1.4047253,0.01435,4.01,-0.02,20.0
2026-03-09 11:20:00+09:00,4222,児玉化学工業,4222.T,スタンダード,intraday_5m,1093.0,0.0027522935779815683,0.20613496932515338,0.005304562087553819,45.0,-0.10920945395273018,16983425024.0,0.74712056,0.5984653,1.33781,,0.02,20.0
2026-03-09 11:15:00+09:00,4224,ロンシール工業,4224.T,スタンダード,intraday_5m,2054.0,-0.002912621359223322,0.0,0.008631321250783546,40.27777777777777,-0.042424242424242475,9465340928.0,49.613525,0.48672986,0.01198,3.26,0.04,20.0
2026-03-09 11:20:00+09:00,4231,タイガースポリマー,4231.T,スタンダード,intraday_5m,1114.0,0.0017985611510791255,0.7741935483870969,0.0028233922557928223,61.11111111111111,-0.06307821698906646,21999294464.0,5.6576943,0.49003023,0.095410004,2.94,0.04,20.0
2026-03-09 10:55:00+09:00,4234,サンエー化研,4234.T,スタンダード,intraday_5m,758.0,0.0,1.0992366412213739,0.008506003096437838,10.294117647058812,-0.06879606879606881,7301288960.0,14.304585,0.33665323,0.01689,2.21,0.030000000000000006,20.0
2026-03-09 11:20:00+09:00,4235,ウルトラファブリックス・ホールディングス,4235.T,スタンダード,intraday_5m,650.0,0.0,0.0,0.0029287728811097087,47.05882352941176,-0.051094890510948954,10309255168.0,18.00554,0.58613527,0.04486,5.11,0.02,20.0
2026-03-09 11:20:00+09:00,4237,フジプレアム,4237.T,スタンダード,intraday_5m,361.0,0.0,0.0,0.003657173899941344,25.0,-0.06233766233766236,10315516928.0,49.384407,1.0426023,0.0005,1.56,-0.01,20.0
2026-03-09 11:20:00+09:00,4238,ミライアル,4238.T,スタンダード,intraday_5m,1229.0,0.0008143322475568926,0.06818181818181818,0.010329160384466645,51.28205128205128,-0.06326219512195119,11101698048.0,15.035479,0.48983836,0.031170001,3.81,0.0,20.0
2026-03-09 11:15:00+09:00,4240,クラスターテクノロジー,4240.T,スタンダード,intraday_5m,377.0,0.0,0.0,0.0056990843878153424,11.111111111111114,-0.0871670702179177,2146107136.0,11.338346,1.2179953,0.120179996,0.97,0.030000000000000006,20.0
2026-03-09 11:20:00+09:00,4241,アテクト,4241.T,スタンダード,intraday_5m,765.0,-0.0013054830287205776,0.0,0.004860031884970846,46.666666666666664,-0.052044609665427455,3382009088.0,34.228188,1.8581266,0.07443,1.24,0.04,20.0
2026-03-09 10:50:00+09:00,4242,タカギセイコー,4242.T,スタンダード,intraday_5m,1940.0,-0.0030832476875641834,0.6486486486486487,0.009479233911808146,33.83838383838385,-0.03960396039603964,5430046208.0,,0.47597805,-0.12177,2.48,0.06000000000000001,20.0
2026-03-09 10:55:00+09:00,4243,ニックス,4243.T,スタンダード,intraday_5m,845.0,-0.00588235294117645,0.6153846153846154,0.009469057882814954,,-0.04842342342342343,1962729728.0,10.112494,0.42938736,0.04918,2.25,0.02,20.0
2026-03-09 11:15:00+09:00,4245,ダイキアクシス,4245.T,スタンダード,intraday_5m,708.0,-0.00421940928270037,0.0,0.003871120269010586,50.0,-0.02209944751381221,9394312192.0,35.685482,0.9749179,0.04829,3.31,0.04,20.0
2026-03-09 10:25:00+09:00,4247,ポバール興業,4247.T,スタンダード,intraday_5m,1354.0,-0.004411764705882337,0.6153846153846154,0.0056230648836650245,,-0.03354746609564596,3567213312.0,19.48482,0.6059475,0.03663,2.78,0.06,20.0
2026-03-09 11:15:00+09:00,4248,竹本容器,4248.T,スタンダード,intraday_5m,885.0,0.0022650056625141968,0.0,0.0045692194477224895,52.08333333333334,-0.014476614699331813,10679291904.0,14.515335,0.8850805,0.064899996,4.23,0.04,20.0
2026-03-09 11:20:00+09:00,4274,細谷火工,4274.T,スタンダード,intraday_5m,1447.0,0.0013840830449827202,1.1764705882352942,0.003944967814264861,46.875,-0.0944931163954944,5791566848.0,35.370327,1.6859457,0.03848,0.63,-0.020000000000000004,20.0
2026-03-09 11:20:00+09:00,4284,ソルクシーズ,4284.T,スタンダード,intraday_5m,438.0,0.0,0.03560830860534125,0.008266084291650488,30.0,-0.04366812227074235,8783048704.0,14.147287,1.3338896,0.11309,3.06,0.04,20.0
2026-03-09 11:20:00+09:00,4286,ＣＬホールディングス,4286.T,スタンダード,intraday_5m,1035.0,-0.0057636887608069065,0.0,0.006071832941420328,9.859154929577471,-0.051329055912007315,11108875264.0,52.698578,1.4159907,0.07619,5.68,0.06,20.0
2026-03-09 11:05:00+09:00,4287,ジャストプランニング,4287.T,スタンダード,intraday_5m,482.0,0.0020790020790020236,3.5294117647058822,0.0063919053836456055,37.14285714285714,-0.018329938900203624,5650482176.0,13.806932,1.5075974,0.11979,2.24,0.04,20.0
2026-03-09 11:20:00+09:00,4288,アズジェント,4288.T,スタンダード,intraday_5m,548.0,0.001828153564899404,0.0,0.009186412556780212,38.095238095238095,-0.06643952299829647,2090903296.0,,1.2429657,0.22186,,0.04,20.0
2026-03-09 11:20:00+09:00,4293,セプテーニ・ホールディングス,4293.T,スタンダード,intraday_5m,410.0,0.0024449877750611915,0.6590909090909091,0.002230826540752847,50.0,-0.019138755980861233,85044289536.0,24.404762,1.2779194,0.051119998,4.31,0.042105263157894736,19.0
2026-03-09 11:20:00+09:00,4299,ハイマックス,4299.T,スタンダード,intraday_5m,1285.0,0.0007788161993769194,0.0,0.004233384505641412,33.33333333333333,0.002340093603744098,13393673216.0,12.299005,1.2651062,0.10637,3.59,0.030000000000000006,20.0
2026-03-09 11:20:00+09:00,4317,レイ,4317.T,スタンダード,intraday_5m,652.0,0.001536098310291889,0.11214953271028037,0.009031472452777238,77.77777777777777,-0.04678362573099415,8577617408.0,7.8393655,1.1455156,0.19201,2.92,0.06,20.0
2026-03-09 11:15:00+09:00,4320,ＣＥホールディングス,4320.T,スタンダード,intraday_5m,1212.0,-0.008183306055646433,0.8437499999999999,0.004682628798295455,40.845070422535215,-0.0619195046439629,20169179136.0,12.262242,2.5806727,0.25094,1.86,0.030000000000000006,20.0
2026-03-09 11:00:00+09:00,4334,ユークス,4334.T,スタンダード,intraday_5m,382.0,0.0,2.5666666666666664,0.003077273764208837,,-0.02051282051282055,3215874560.0,15.18283,1.3399465,0.06427,2.56,-0.030000000000000006,20.0
2026-03-09 11:20:00+09:00,4335,ＩＰＳホールディングス,4335.T,スタンダード,intraday_5m,1215.0,0.0,0.0,0.00366179725744803,48.484848484848484,0.0,2779889664.0,9.765311,1.6275692,0.17729001,3.13,0.06,20.0
2026-03-09 10:30:00+09:00,4341,西菱電機,4341.T,スタンダード,intraday_5m,925.0,0.0,0.7058823529411765,0.00879904186938545,31.578947368421055,-0.04343329886246117,3032305408.0,7.4207783,0.56548464,0.11243,2.38,0.030000000000000006,20.0
2026-03-09 11:15:00+09:00,4346,ＮＥＸＹＺ．Ｇｒｏｕｐ,4346.T,スタンダード,intraday_5m,741.0,0.0,0.0,0.006822716255087544,68.18181818181819,-0.03389830508474578,9639063552.0,10.443975,2.4595387,0.18622999,2.61,0.044444444444444446,18.0
2026-03-09 11:15:00+09:00,4347,ブロードメディア,4347.T,スタンダード,intraday_5m,2106.0,-0.003312825366777128,0.0,0.00442698006881125,43.75,-0.029940119760479056,15010618368.0,26.503902,3.131724,0.13813,2.3,0.02,20.0
2026-03-09 11:10:00+09:00,4350,メディカルシステムネットワーク,4350.T,スタンダード,intraday_5m,507.0,0.005952380952380931,0.0,0.004193735820624808,29.16666666666667,-0.01744186046511631,14818847744.0,9.825582,0.87488765,0.052020002,2.33,0.030000000000000006,20.0
2026-03-09 09:55:00+09:00,4351,山田再生系債権回収総合事務所,4351.T,スタンダード,intraday_5m,821.0,-0.0012165450121655041,0.631578947368421,0.003795607997598213,32.25806451612904,-0.012033694344163681,3497103616.0,,1.0380237,0.021140002,1.2,0.0,20.0
2026-03-09 11:00:00+09:00,4356,応用技術,4356.T,スタンダード,intraday_5m,1748.0,0.01333333333333342,0.8571428571428571,0.009063858718713895,,-0.017425519955030944,9980435456.0,12.468792,9.464149,0.06505,2.25,0.04,20.0
2026-03-09 11:20:00+09:00,4360,マナック・ケミカル・パートナーズ,4360.T,スタンダード,intraday_5m,987.0,0.0,0.5255474452554744,0.004300533100272716,33.33333333333333,-0.0903225806451613,8067925504.0,,0.7294863,-0.01935,0.92,0.02,20.0
2026-03-09 11:05:00+09:00,4361,川口化学工業,4361.T,スタンダード,intraday_5m,1485.0,0.0,0.0,0.0066239867663610225,,-0.023026315789473673,1807781120.0,6.0567746,0.5771971,0.09912,3.95,0.0,20.0
2026-03-06 15:20:00+09:00,4365,松本油脂製薬,4365.T,スタンダード,intraday_5m,20440.0,-0.017307692307692357,0.8571428571428571,0.0198707891770799,,0.02200000000000002,59301752832.0,8.68254,0.6878548,0.081140004,,0.02,20.0
2026-03-09 11:20:00+09:00,4366,ダイトーケミックス,4366.T,スタンダード,intraday_5m,404.0,0.0,0.0,0.004989431048542791,50.0,-0.047169811320754707,13011244032.0,16.012684,0.8147904,0.054780003,3.77,0.02,20.0
2026-03-09 11:15:00+09:00,4367,広栄化学,4367.T,スタンダード,intraday_5m,2208.0,-0.00540540540540535,0.0,0.009936041637907345,,-0.028169014084507005,10799372288.0,,0.8643171,0.0056,4.4,-0.01,20.0
2026-03-09 11:10:00+09:00,4382,ＨＥＲＯＺ,4382.T,スタンダード,intraday_5m,817.0,0.001225490196078427,0.0,0.006931837567739721,39.39393939393939,-0.042203985932004695,12424755200.0,,2.6673982,0.03209,,-0.01,20.0
2026-03-09 11:15:00+09:00,4386,ＳＩＧグループ,4386.T,スタンダード,intraday_5m,947.0,-0.0021074815595363283,0.0,0.005886660596709863,27.58620689655173,-0.035641547861507084,5416205312.0,11.072139,2.0452416,0.21184,3.05,0.05,20.0
2026-03-09 11:15:00+09:00,4388,エーアイ,4388.T,スタンダード,intraday_5m,398.0,0.0,0.0,0.0037428722012132643,23.529411764705884,-0.02689486552567233,2428729856.0,,1.1253968,,0.73,0.06,20.0
2026-03-09 11:15:00+09:00,4398,ブロードバンドセキュリティ,4398.T,スタンダード,intraday_5m,1235.0,-0.008032128514056214,0.0,0.007921862874201945,33.94495412844036,-0.027559055118110187,5419987456.0,29.113626,2.4690273,0.08623,1.26,0.06,20.0
2026-03-09 11:15:00+09:00,4404,ミヨシ油脂,4404.T,スタンダード,intraday_5m,2245.0,-0.0026654820079964336,1.44,0.001708900182099811,46.15384615384615,-0.021360069747166532,22901870592.0,2.4978027,0.5372843,0.26101,3.05,0.02,20.0
2026-03-09 11:15:00+09:00,4406,新日本理化,4406.T,スタンダード,intraday_5m,211.0,-0.004716981132075526,0.0,0.003682623315565016,39.99999999999999,-0.0365296803652968,7866598400.0,16.786,0.40712762,0.01049,1.83,0.0,20.0
2026-03-09 11:20:00+09:00,4409,東邦化学工業,4409.T,スタンダード,intraday_5m,770.0,-0.002590673575129543,0.0,0.00698835964586841,32.432432432432435,-0.012820512820512775,16191547392.0,13.393633,0.72931856,0.05659,2.82,0.030000000000000006,20.0
2026-03-09 11:20:00+09:00,4420,イーソル,4420.T,スタンダード,intraday_5m,527.0,0.0,0.0,0.005540264545566468,41.17647058823529,-0.07381370826010547,10382074880.0,21.387987,1.7586951,0.10981,1.41,0.02,20.0
2026-03-09 09:45:00+09:00,4421,ディ・アイ・システム,4421.T,スタンダード,intraday_5m,905.0,-0.004400440044004417,0.6666666666666666,0.008534836704162461,,-0.018438177874186557,2632340992.0,10.288768,1.6588125,0.14965999,3.04,0.022222222222222223,18.0
2026-03-09 11:15:00+09:00,4430,東海ソフト,4430.T,スタンダード,intraday_5m,1790.0,0.0005589714924538747,0.7594936708860759,0.004848614072560496,37.037037037037045,-0.02452316076294281,8586749952.0,9.452395,1.3511801,,3.11,0.030000000000000006,20.0
2026-03-09 11:15:00+09:00,4434,サーバーワークス,4434.T,スタンダード,intraday_5m,2007.0,-0.004464285714285698,1.6551724137931034,0.005330391318225017,48.148148148148145,-0.03879310344827591,14852912128.0,,1.4485599,0.054180004,2.39,0.030000000000000006,20.0
2026-03-09 11:15:00+09:00,4439,東名,4439.T,スタンダード,intraday_5m,1020.0,-0.004878048780487809,0.0,0.002968148023198337,38.46153846153846,-0.019230769230769273,30660044800.0,12.753188,3.2558212,0.27204,1.35,0.01,20.0
2026-03-09 11:20:00+09:00,4440,ヴィッツ,4440.T,スタンダード,intraday_5m,1427.0,0.007057163020465662,1.2857142857142856,0.01109536462296837,31.25,-0.07035830618892513,5690906112.0,13.3952875,1.9409631,0.18745,1.17,0.01,20.0
2026-03-09 11:15:00+09:00,4441,トビラシステムズ,4441.T,スタンダード,intraday_5m,1357.0,-0.0022058823529411686,0.0,0.006379464003336006,47.27272727272727,-0.030714285714285694,13705225216.0,22.18045,5.282232,0.24826,1.43,0.03157894736842106,19.0
2026-03-09 11:15:00+09:00,4463,日華化学,4463.T,スタンダード,intraday_5m,1695.0,-0.0017667844522968323,0.48,0.006564301705967804,46.666666666666664,-0.04183154324477101,26875359232.0,10.587794,0.76608336,0.07198,3.96,0.030000000000000006,20.0
2026-03-09 10:50:00+09:00,4464,ソフト９９コーポレーション,4464.T,スタンダード,intraday_5m,4060.0,0.0,0.09022556390977444,0.0010609595652849775,,-0.0012300123001229846,86641549312.0,29.99409,1.499308,0.05669,1.16,0.030000000000000006,20.0
2026-03-09 11:20:00+09:00,4465,ニイタカ,4465.T,スタンダード,intraday_5m,2403.0,0.00459866220735794,0.0,0.00434951684255257,35.164835164835154,-0.023964256701868414,14247242752.0,6.7265706,0.9105414,0.14304,3.09,0.05,20.0
2026-03-09 11:00:00+09:00,4491,コンピューターマネージメント,4491.T,スタンダード,intraday_5m,2925.0,0.0,0.75,0.008361839391531841,,-0.02010050251256279,5960398336.0,14.495268,1.5021176,0.120179996,1.68,0.030000000000000006,20.0
2026-03-09 11:10:00+09:00,4492,ゼネテック,4492.T,スタンダード,intraday_5m,475.0,0.01279317697228155,0.0,0.007301591905344015,45.833333333333336,-0.008350730688935326,5484864000.0,17.247639,2.288539,0.17135,4.07,0.030000000000000006,20.0
2026-03-09 10:40:00+09:00,4494,バリオセキュア,4494.T,スタンダード,intraday_5m,717.0,0.004201680672268893,0.27906976744186046,0.008372781552119526,27.77777777777777,-0.03629032258064513,3240726784.0,31.392294,0.54037267,0.059510004,,-0.020000000000000004,20.0
2026-03-09 11:20:00+09:00,4499,Ｓｐｅｅｅ,4499.T,スタンダード,intraday_5m,2671.0,0.007924528301886724,0.033426183844011144,0.005625558109621191,44.38775510204081,-0.07705597788527985,30686763008.0,,4.3992133,-0.19285,,0.01,20.0
2026-03-09 11:20:00+09:00,4512,わかもと製薬,4512.T,スタンダード,intraday_5m,318.0,0.006329113924050667,1.012987012987013,0.01257511629311881,45.833333333333336,-0.06470588235294117,11036504064.0,153.6232,0.91422915,-0.0183,0.88,0.01,20.0
2026-03-09 11:20:00+09:00,4524,森下仁丹,4524.T,スタンダード,intraday_5m,2301.0,-0.003896103896103842,0.0,0.0034603505945773683,44.30379746835443,-0.010322580645161339,9431212032.0,16.197382,0.74271446,0.044710003,2.8,0.01,20.0
2026-03-09 11:25:00+09:00,4531,有機合成薬品工業,4531.T,スタンダード,intraday_5m,427.0,0.0,0.0,0.003429045245917445,30.0,-0.06153846153846154,9229530112.0,13.256753,0.69067365,0.05076,2.2,0.0,20.0
2026-03-09 11:20:00+09:00,4539,日本ケミファ,4539.T,スタンダード,intraday_5m,1720.0,-0.010925819436457762,0.0,0.012165071961979431,45.689655172413794,-0.032620922384701934,6205501952.0,12.354547,0.3228621,0.028889999,2.81,-0.01,20.0
2026-03-09 11:20:00+09:00,4556,カイノス,4556.T,スタンダード,intraday_5m,2278.0,0.0,0.0,0.0002129373649824745,33.33333333333333,-0.0004387889425186975,9603273728.0,16.018564,3.7796206,0.03111,2.81,0.01,20.0
2026-03-09 11:00:00+09:00,4558,中京医薬品,4558.T,スタンダード,intraday_5m,202.0,-0.009803921568627416,1.0406504065040652,0.004889978301388766,41.66666666666667,-0.014634146341463428,2155118080.0,28.571428,0.86212784,0.01344,2.44,0.01,20.0
2026-03-09 11:20:00+09:00,4595,ミズホメディー,4595.T,スタンダード,intraday_5m,1833.0,0.0010922992900055384,0.9438202247191012,0.0015587041990831761,45.16129032258065,-0.02551834130781494,34916229120.0,10.569106,1.8687739,0.19007999,5.32,0.01,20.0
2026-03-09 11:20:00+09:00,4615,神東塗料,4615.T,スタンダード,intraday_5m,123.0,0.008196721311475308,0.0,0.00525276750444727,50.0,-0.008064516129032251,4186562816.0,,0.31050885,-0.015420001,,0.02,20.0
2026-03-09 09:00:00+09:00,4616,川上塗料,4616.T,スタンダード,intraday_5m,1910.0,-0.0005232862375719183,,0.0,,-0.0010460251046024993,1901296128.0,26.286814,0.5702747,0.021979999,2.35,0.04,20.0
2026-03-09 11:20:00+09:00,4619,日本特殊塗料,4619.T,スタンダード,intraday_5m,2307.0,0.0013020833333332593,0.08333333333333333,0.002357136793531608,37.2093023255814,-0.044720496894409933,49706901504.0,9.247605,0.8456007,0.1003,4.97,0.05,20.0
2026-03-09 11:20:00+09:00,4620,藤倉化成,4620.T,スタンダード,intraday_5m,1065.0,0.004716981132075526,0.07339449541284404,0.0046602367912640455,41.379310344827594,-0.08818493150684936,30918627328.0,47.736443,0.694893,0.022820001,1.54,0.05,20.0
2026-03-09 10:55:00+09:00,4623,アサヒペン,4623.T,スタンダード,intraday_5m,1731.0,0.0,0.875,0.0023783934914503872,,-0.002305475504322807,6766006272.0,10.681889,0.4459507,0.04309,3.46,-0.020000000000000004,20.0
2026-03-09 10:10:00+09:00,4624,イサム塗料,4624.T,スタンダード,intraday_5m,3770.0,0.0026595744680850686,2.0,0.01706725568954503,,-0.0394904458598726,7183554048.0,11.544586,0.4020386,0.03767,1.27,0.05,20.0
2026-03-09 11:05:00+09:00,4625,アトミクス,4625.T,スタンダード,intraday_5m,816.0,0.006165228113440113,0.0,0.00758951529344698,45.23809523809524,-0.0156815440289505,4342552064.0,12.017673,0.41169414,0.032449998,2.41,0.04,20.0
2026-03-09 11:20:00+09:00,4627,ナトコ,4627.T,スタンダード,intraday_5m,1800.0,0.0,0.0,0.0005197780461382997,50.0,0.0,13598504960.0,11.947431,0.55294204,0.04575,3.0,0.01,20.0
2026-03-09 10:55:00+09:00,4628,エスケー化研,4628.T,スタンダード,intraday_5m,11110.0,-0.007149240393208189,1.0909090909090908,0.007044980663330166,,-0.016814159292035447,149875294208.0,13.126647,0.8788626,0.062129997,1.06,0.0,20.0
2026-03-09 11:05:00+09:00,4629,大伸化学,4629.T,スタンダード,intraday_5m,1655.0,0.0024227740763174133,1.3636363636363635,0.005406547284098887,18.39080459770115,-0.032163742690058506,7571917824.0,9.601439,0.44389254,0.05388,2.34,0.05,20.0
2026-03-09 11:20:00+09:00,4635,東京インキ,4635.T,スタンダード,intraday_5m,1546.0,0.0019442644199612058,0.0,0.003279831830270109,56.25,-0.06303030303030299,19555330048.0,12.105552,0.6317274,0.07272,4.48,0.05,20.0
2026-03-09 11:15:00+09:00,4642,オリジナル設計,4642.T,スタンダード,intraday_5m,1421.0,0.0021156558533146352,0.0,0.006256828276875176,17.204301075268816,-0.037262872628726296,8401716736.0,15.113806,1.0650042,,2.37,0.04,20.0
2026-03-09 11:25:00+09:00,4644,イマジニア,4644.T,スタンダード,intraday_5m,1073.0,0.000932835820895539,0.0,0.004090517053265854,46.15384615384615,-0.018298261665141813,10342684672.0,29.30093,0.86759865,0.03778,4.57,0.02,20.0
2026-03-09 09:00:00+09:00,4645,市進ホールディングス,4645.T,スタンダード,intraday_5m,426.0,-0.018433179723502335,0.0,0.015192167772531864,,-0.018433179723502335,3510706432.0,3.7809532,1.4326648,0.43769002,2.3,0.02,20.0
2026-03-09 10:45:00+09:00,4650,ＳＤエンターテイメント,4650.T,スタンダード,intraday_5m,288.0,0.02127659574468077,0.37209302325581395,0.006879048025423754,39.99999999999999,-0.010309278350515427,2578755072.0,51.520573,1.6057003,0.06834,,0.01,20.0
2026-03-09 11:20:00+09:00,4651,サニックスホールディングス,4651.T,スタンダード,intraday_5m,197.0,0.005102040816326481,0.0,0.0040268242922906015,50.0,-0.015000000000000013,9417371648.0,15.709729,0.95404136,0.036960002,2.0,-0.05,20.0
2026-03-09 11:10:00+09:00,4657,環境管理センター,4657.T,スタンダード,intraday_5m,418.0,0.0,0.0,0.005801057318760348,50.0,-0.039080459770114984,2001630208.0,46.651787,0.8841116,0.01984,1.84,0.02,20.0
2026-03-09 11:20:00+09:00,4659,エイジス,4659.T,スタンダード,intraday_5m,4435.0,0.0,0.1348314606741573,0.00045999828059859057,50.0,0.0,37431881728.0,17.33099,1.4497586,0.10273,2.14,0.030000000000000006,20.0
2026-03-09 11:05:00+09:00,4664,アール・エス・シー,4664.T,スタンダード,intraday_5m,842.0,0.0035756853396902155,0.0,0.006882985534418209,40.90909090909091,-0.04535147392290251,2572056576.0,32.24818,1.0610039,0.041339997,3.85,-0.01,20.0
2026-03-09 11:15:00+09:00,4667,アイサンテクノロジー,4667.T,スタンダード,intraday_5m,1822.0,-0.00491534680502459,0.5625,0.010527682817550814,28.813559322033896,-0.05937016004130102,9620457472.0,23.39797,1.5387863,0.06996,1.81,0.04,20.0
2026-03-09 11:20:00+09:00,4671,ファルコホールディングス,4671.T,スタンダード,intraday_5m,2633.0,0.0019025875190259445,0.0,0.004599585396022845,49.152542372881356,-0.016803584764749857,26281994240.0,14.146788,1.0418026,0.07705,4.67,0.04,20.0
2026-03-09 11:15:00+09:00,4673,川崎地質,4673.T,スタンダード,intraday_5m,4070.0,0.0,0.0,0.013860777529735665,41.666666666666664,-0.07077625570776258,3551099392.0,5.721837,0.67665774,0.12678,2.51,0.02,20.0
2026-03-09 11:20:00+09:00,4678,秀英予備校,4678.T,スタンダード,intraday_5m,341.0,0.002941176470588225,0.0,0.004797065871834727,38.46153846153846,-0.0029239766081871066,2288001280.0,11.927247,0.5156526,0.05246,2.92,-0.05,20.0
2026-03-09 11:20:00+09:00,4679,田谷,4679.T,スタンダード,intraday_5m,361.0,-0.0055096418732781816,2.1176470588235294,0.003599826026767497,30.769230769230774,-0.029569892473118253,2608966400.0,,0.40870208,0.00265,,0.030000000000000006,20.0
2026-03-09 11:20:00+09:00,4685,菱友システムズ,4685.T,スタンダード,intraday_5m,3280.0,0.0,0.19354838709677422,0.0028586578398484574,46.666666666666664,-0.04233576642335768,41835126784.0,11.200656,2.020925,0.19442,2.92,0.030000000000000006,20.0
2026-03-09 10:50:00+09:00,4690,日本パレットプール,4690.T,スタンダード,intraday_5m,2492.0,0.0004014452027298887,3.612244897959184,0.0014284667023239971,40.625,-0.0031999999999999806,3944001280.0,14.301291,0.59386516,0.03911,2.36,0.0,20.0
2026-03-09 11:20:00+09:00,4691,ワシントンホテル,4691.T,スタンダード,intraday_5m,1410.0,-0.0035335689045936647,0.20930232558139536,0.004087155914342614,75.67567567567568,-0.06000000000000005,16912381952.0,5.700424,2.5735092,-0.71427,2.67,0.05,20.0
2026-03-09 11:00:00+09:00,4705,クリップコーポレーション,4705.T,スタンダード,intraday_5m,878.0,-0.006787330316742057,0.5454545454545454,0.00647550404904552,54.0,-0.01014656144306647,3162721024.0,,0.67964125,-0.02851,5.07,-0.020000000000000004,20.0
2026-03-09 11:20:00+09:00,4707,キタック,4707.T,スタンダード,intraday_5m,321.0,0.006269592476489061,0.0,0.004411941755248728,26.66666666666667,-0.027272727272727226,1797744128.0,8.6453,0.5055524,0.054640003,2.12,-0.01,20.0
2026-03-09 11:10:00+09:00,4712,ＫｅｙＨｏｌｄｅｒ,4712.T,スタンダード,intraday_5m,741.0,0.0,0.0,0.004908228941357764,44.444444444444436,-0.008032128514056214,13944928256.0,6.041089,0.61696684,0.04467,1.47,0.05,20.0
2026-03-09 11:20:00+09:00,4716,日本オラクル,4716.T,スタンダード,intraday_5m,9371.0,0.0017103153393907,0.5019011406844107,0.0024163905322297416,49.64028776978417,-0.01812657166806375,1200924524544.0,19.598454,7.0171046,0.39949,1.99,0.02,20.0
2026-03-09 11:20:00+09:00,4720,城南進学研究社,4720.T,スタンダード,intraday_5m,284.0,0.0,0.09836065573770492,0.006002739618080919,50.0,-0.0273972602739726,2280955392.0,,1.470634,-0.0716,1.71,0.01,20.0
2026-03-09 11:20:00+09:00,4728,トーセ,4728.T,スタンダード,intraday_5m,628.0,-0.0015898251192368873,0.0,0.0029297547981369057,28.57142857142857,-0.020280811232449292,4759947264.0,31.813578,0.762934,0.036459997,3.9,0.02,20.0
2026-03-09 10:25:00+09:00,4735,京進,4735.T,スタンダード,intraday_5m,317.0,-0.027607361963190136,1.6,0.01964756251182892,,-0.006269592476489061,2436380160.0,27.233677,0.632991,0.023699999,0.87,0.02,20.0
2026-03-09 09:25:00+09:00,4736,日本ラッド,4736.T,スタンダード,intraday_5m,594.0,-0.003355704697986628,0.0,0.0036327939007102395,43.47826086956522,-0.01980198019801982,3139243008.0,8.674065,0.9057791,0.09718,1.65,0.0,20.0
2026-03-09 11:15:00+09:00,4746,東計電算,4746.T,スタンダード,intraday_5m,4150.0,0.0012062726176116367,0.30000000000000004,0.005453792880388989,47.826086956521735,-0.026963657678780728,74317152256.0,14.061123,1.475018,0.11833,4.06,0.02,20.0
2026-03-09 11:10:00+09:00,4750,ダイサン,4750.T,スタンダード,intraday_5m,570.0,-0.0017513134851138146,1.6666666666666667,0.003428048552710184,24.0,-0.022298456260720356,3655317760.0,10.142348,0.6438234,0.05784,3.77,-0.01,20.0
2026-03-09 10:35:00+09:00,4752,昭和システムエンジニアリング,4752.T,スタンダード,intraday_5m,1591.0,0.0006289308176101738,0.45454545454545453,0.0060257711244024945,,-0.018507094386181366,6811304960.0,8.979569,1.1781275,0.14076,3.39,0.04,20.0
2026-03-09 09:20:00+09:00,4754,トスネット,4754.T,スタンダード,intraday_5m,1520.0,0.0,,0.0,,0.004626569729015095,7046867456.0,9.353847,0.84669995,0.06293,2.45,0.030000000000000006,20.0
2026-03-09 10:50:00+09:00,4760,アルファ,4760.T,スタンダード,intraday_5m,1525.0,-0.0032679738562091387,0.8333333333333334,0.0020322465689436705,,-0.033586818757921466,1226161024.0,9.606299,0.8307322,0.07828,3.8,0.01,20.0
2026-03-09 11:20:00+09:00,4761,さくらケーシーエス,4761.T,スタンダード,intraday_5m,1264.0,0.0,1.6153846153846154,0.006929858294748877,52.631578947368425,-0.029185867895545337,14155802624.0,14.089846,0.6936057,0.048800003,2.61,0.02,20.0
2026-03-09 10:45:00+09:00,4762,エックスネット,4762.T,スタンダード,intraday_5m,1495.0,-0.01579986833443059,6.0,0.008024526863778405,,-0.011896893588896229,6248986624.0,12.539843,2.0388207,0.17469999,3.3,0.030000000000000006,20.0
2026-03-09 10:45:00+09:00,4766,ピーエイ,4766.T,スタンダード,intraday_5m,231.0,0.004347826086956497,0.42105263157894735,0.004928365569241514,38.46153846153846,-0.025316455696202556,2483915776.0,24.31579,4.7675066,0.1927,2.19,0.02,20.0
2026-03-09 11:25:00+09:00,4767,テー・オー・ダブリュー,4767.T,スタンダード,intraday_5m,361.0,0.002777777777777768,0.0,0.0049707601470608325,54.54545454545455,-0.02168021680216803,14932506624.0,12.274736,1.3969777,0.118310004,4.96,0.04,20.0
2026-03-09 10:10:00+09:00,4769,ＩＣ,4769.T,スタンダード,intraday_5m,1000.0,-0.0029910269192422456,,0.00635532069150746,,-0.019607843137254943,7434661888.0,15.318627,1.1544198,0.06445,3.92,0.09,20.0
2026-03-09 11:15:00+09:00,4771,エフアンドエム,4771.T,スタンダード,intraday_5m,2265.0,-0.0008822232024702226,0.0,0.004618498992602991,28.925619834710744,-0.017353579175705014,33505019904.0,16.242382,2.3320823,0.17351,1.82,0.030000000000000006,20.0
2026-03-09 11:20:00+09:00,4777,ガーラ,4777.T,スタンダード,intraday_5m,195.0,-0.005102040816326481,0.15555555555555556,0.007027003448669139,26.66666666666667,-0.044117647058823484,5464855552.0,,12.271869,-0.58276004,,0.02,20.0
2026-03-09 11:25:00+09:00,4783,ＮＣＤ,4783.T,スタンダード,intraday_5m,2927.0,0.0017111567419576534,0.0,0.009077036265321171,44.02985074626866,-0.05275080906148866,23943333888.0,14.528217,2.9587562,0.21575001,1.94,0.0,20.0
2026-03-09 11:20:00+09:00,4800,オリコン,4800.T,スタンダード,intraday_5m,844.0,0.002375296912114022,0.0,0.002648117959668456,21.212121212121204,-0.028768699654775576,10833900544.0,11.048567,1.8170857,0.17413999,4.14,0.030000000000000006,20.0
2026-03-09 11:20:00+09:00,4814,ネクストウェア,4814.T,スタンダード,intraday_5m,181.0,0.0,0.0,0.003531830989434579,50.0,-0.042328042328042326,2299877120.0,,2.1473994,-0.105220005,,-0.01,20.0
2026-03-09 11:25:00+09:00,4816,東映アニメーション,4816.T,スタンダード,intraday_5m,2610.0,0.00038328861632819233,0.4208416833667335,0.002585932001240945,80.76923076923077,0.026750590086546122,533256863744.0,21.8923,3.2653368,0.16006,1.61,0.02,20.0
2026-03-09 11:20:00+09:00,4829,日本エンタープライズ,4829.T,スタンダード,intraday_5m,125.0,0.0,0.0,0.006408572856770603,50.0,-0.038461538461538436,4816862720.0,147.05882,1.0231225,0.0098,2.31,0.04,20.0
2026-03-09 11:10:00+09:00,4832,ＪＦＥシステムズ,4832.T,スタンダード,intraday_5m,2036.0,0.002461841457410241,0.0,0.007589957234082044,47.142857142857146,-0.029551954242135414,63950196736.0,11.749091,1.8491658,0.14954,3.81,0.02,20.0
2026-03-09 11:25:00+09:00,4838,スペースシャワーＳＫＩＹＡＫＩホールディングス,4838.T,スタンダード,intraday_5m,811.0,-0.0012315270935960854,0.0,0.0034857733832299063,48.275862068965516,-0.04363207547169812,13242018816.0,17.388508,1.526051,0.13176,2.83,0.08,20.0
2026-03-09 10:30:00+09:00,4840,トライアイズ,4840.T,スタンダード,intraday_5m,455.0,-0.017278617710583144,1.0344827586206897,0.013863044499386261,31.707317073170742,-0.06378600823045266,3551635456.0,14.0779705,0.8143206,-0.088240005,,-0.010000000000000004,20.0
2026-03-09 11:20:00+09:00,4875,メディシノバ・インク,4875.T,スタンダード,intraday_5m,215.0,-0.00462962962962965,0.046875,0.005012892656376221,20.0,-0.08510638297872342,10582567936.0,,1.6126273,-0.25503,,0.030000000000000006,20.0
2026-03-09 11:25:00+09:00,4885,室町ケミカル,4885.T,スタンダード,intraday_5m,1070.0,0.0,0.0,0.005066883521804924,64.44444444444444,-0.0767903364969802,4306995200.0,11.927321,,,5.05,0.02,20.0
2026-03-09 11:20:00+09:00,4918,アイビー化粧品,4918.T,スタンダード,intraday_5m,385.0,0.0,4.615384615384616,0.011062264700297957,33.33333333333333,-0.02777777777777779,2370569472.0,5.3740926,0.8996483,-0.04227,7.58,0.04,20.0
2026-03-09 10:55:00+09:00,4920,日本色材工業研究所,4920.T,スタンダード,intraday_5m,1042.0,0.0019230769230769162,0.35294117647058826,0.010947220920169165,29.2929292929293,-0.04227941176470584,2173382656.0,174.2475,0.536866,0.061160002,2.76,-0.020000000000000004,20.0
2026-03-09 10:55:00+09:00,4925,ハーバー研究所,4925.T,スタンダード,intraday_5m,1786.0,-0.007226236798221208,3.3333333333333335,0.007538833307507637,,-0.02190580503833517,6753723392.0,8.655617,0.74265695,0.07631,2.19,0.030000000000000006,20.0
2026-03-09 11:15:00+09:00,4926,シーボン,4926.T,スタンダード,intraday_5m,1312.0,0.0,0.0,0.00428435764414076,10.810810810810807,-0.013533834586466176,5616029184.0,17.96768,0.98873806,0.04226,1.5,0.03333333333333334,18.0
2026-03-09 11:25:00+09:00,4929,アジュバンホールディングス,4929.T,スタンダード,intraday_5m,811.0,0.0,0.0,0.0014300960938054966,30.0,-0.0012315270935960854,6488320512.0,169.31107,1.5148996,0.03168,1.48,0.0,20.0
2026-03-09 11:25:00+09:00,4932,アルマード,4932.T,スタンダード,intraday_5m,885.0,0.0011312217194570096,0.0,0.004741187975063717,47.05882352941176,-0.02209944751381221,8189357056.0,28.846153,5.808078,0.31445998,4.42,-0.030000000000000006,20.0
2026-03-09 11:20:00+09:00,4935,リベルタ,4935.T,スタンダード,intraday_5m,322.0,0.0031152647975076775,0.29497206703910617,0.005873616870895623,42.857142857142854,-0.06936416184971095,9699953664.0,,7.15333,0.0291,0.58,0.03157894736842106,19.0
2026-03-09 11:20:00+09:00,4936,アクシージア,4936.T,スタンダード,intraday_5m,351.0,0.0028571428571428914,0.0,0.0026698846030584816,37.5,-0.04878048780487809,8027510272.0,,1.0555915,0.04563,2.71,0.02,20.0
2026-03-05 00:00:00+09:00,4957,ヤスハラケミカル,4957.T,スタンダード,daily_fallback,1630280064.0,0.0007283559826900543,,0.0008230515077361575,66.66666666666666,,12469970944.0,6.2895524e-06,0.9039979,0.04817,0.87,0.02,20.0
2026-03-09 11:25:00+09:00,4960,ケミプロ化成,4960.T,スタンダード,intraday_5m,644.0,0.0,0.0,0.004043247095993456,47.61904761904762,-0.05014749262536877,10376811520.0,110.46312,2.950934,0.12567,0.74,-0.01,20.0
2026-03-09 11:20:00+09:00,4966,上村工業,4966.T,スタンダード,intraday_5m,19520.0,0.005667181865018023,0.3582089552238806,0.0036704329786596806,48.611111111111114,-0.09209302325581392,315011039232.0,22.144073,2.7961957,0.13623999,1.35,0.02,20.0
2026-03-09 11:20:00+09:00,4970,東洋合成工業,4970.T,スタンダード,intraday_5m,9380.0,0.0010672358591248265,0.16666666666666666,0.004911091228652882,33.33333333333333,-0.1192488262910798,74447069184.0,30.265873,12.692296,-0.10824,0.38,0.0,20.0
2026-03-09 11:20:00+09:00,4972,綜研化学,4972.T,スタンダード,intraday_5m,3205.0,0.0015624999999999112,0.36923076923076925,0.003080327981022571,66.66666666666666,-0.021374045801526687,53187686400.0,14.498326,1.3411472,0.09838,2.29,0.02,20.0
2026-03-09 11:10:00+09:00,4976,東洋ドライルーブ,4976.T,スタンダード,intraday_5m,1421.0,0.0,0.0,0.011189685330574708,,-0.03791469194312791,5644352512.0,8.030971,0.5447166,0.061869998,2.26,0.01,20.0
2026-03-09 11:20:00+09:00,4977,新田ゼラチン,4977.T,スタンダード,intraday_5m,1304.0,0.003076923076922977,0.07142857142857142,0.0032502050435226264,46.51162790697675,-0.07386363636363635,23716743168.0,5.2030964,1.0112094,0.21492,2.56,0.05,20.0
2026-03-09 11:25:00+09:00,4979,ＯＡＴアグリオ,4979.T,スタンダード,intraday_5m,2398.0,0.0004171881518564291,0.0,0.006752011773666165,51.807228915662655,0.034958998705222344,24188235776.0,10.669633,1.2859006,0.13266,2.59,0.04,20.0
2026-03-09 10:50:00+09:00,4990,昭和化学工業,4990.T,スタンダード,intraday_5m,535.0,-0.005576208178438624,0.20689655172413793,0.01507970866504375,44.57831325301205,-0.01834862385321101,5698068480.0,10.007483,0.6377954,0.077410005,1.1,0.05,20.0
2026-03-09 11:25:00+09:00,4992,北興化学工業,4992.T,スタンダード,intraday_5m,1678.0,-0.0005955926146515855,0.0,0.0029248143238500496,48.78048780487806,-0.05251270468661773,43259256832.0,9.879888,0.81775516,0.08984999,3.05,0.030000000000000006,20.0
2026-03-09 11:05:00+09:00,4994,大成ラミックグループ,4994.T,スタンダード,intraday_5m,2676.0,0.003374578177727683,0.0,0.00483468314360136,45.714285714285715,-0.02121433796634964,16369423360.0,12.1437645,0.6512754,0.056939997,2.56,0.0,20.0
2026-03-09 11:25:00+09:00,4998,フマキラー,4998.T,スタンダード,intraday_5m,1151.0,0.0008695652173913437,0.0,0.003230864243729094,45.45454545454546,-0.016239316239316293,18967662592.0,9.263581,0.75077134,0.07649,2.05,0.06,20.0
2026-03-09 11:20:00+09:00,5010,日本精蝋,5010.T,スタンダード,intraday_5m,268.0,0.0037453183520599342,0.15335463258785942,0.009538219309419007,75.0,-0.042857142857142816,5292799488.0,7.1753683,0.8299834,0.11568,,0.02,20.0
2026-03-09 11:25:00+09:00,5013,ユシロ,5013.T,スタンダード,intraday_5m,3020.0,0.0,0.0,0.0023254747074759846,53.846153846153854,-0.053291536050156685,39333748736.0,8.513517,0.85409755,0.1148,4.26,0.04,20.0
2026-03-09 11:00:00+09:00,5015,ビーピー・カストロール,5015.T,スタンダード,intraday_5m,1002.0,-0.0009970089730807485,0.2823529411764706,0.0026000319618216102,36.36363636363636,-0.013779527559055094,23003631616.0,21.91601,3.239919,0.25218,4.92,0.06,20.0
2026-03-09 11:25:00+09:00,5018,ＭＯＲＥＳＣＯ,5018.T,スタンダード,intraday_5m,1939.0,0.0,0.0,0.004080941845081906,52.94117647058823,-0.06957773512476007,17794551808.0,18.834387,0.80954254,0.06179,2.64,0.02,20.0
2026-03-09 11:00:00+09:00,5071,ヴィス,5071.T,スタンダード,intraday_5m,1616.0,-0.004313000616142926,0.0,0.009956026587211429,45.88235294117647,-0.01941747572815533,13524186112.0,12.031867,1.8442057,0.17015,2.97,0.042105263157894736,19.0
2026-03-09 11:00:00+09:00,5078,セレコーポレーション,5078.T,スタンダード,intraday_5m,4855.0,-0.0051229508196721785,1.0,0.0005206590833054525,,-0.028028028028028062,16446661632.0,12.50934,0.7899735,0.05669,2.7,-0.01,20.0
2026-03-09 11:25:00+09:00,5079,ノバック,5079.T,スタンダード,intraday_5m,2720.0,-0.001468428781204123,0.0,0.007283402126281643,21.76165803108809,-0.03271692745376953,14020068352.0,15.5757885,0.7662915,0.03134,4.27,0.04,20.0
2026-03-09 11:10:00+09:00,5103,昭和ホールディングス,5103.T,スタンダード,intraday_5m,43.0,0.0,0.0,0.01436470657048273,50.0,0.0,3261426176.0,,2.4230812,-0.21805,,0.010526315789473684,19.0
2026-03-09 11:20:00+09:00,5133,テリロジーホールディングス,5133.T,スタンダード,intraday_5m,340.0,0.0,0.0,0.010713933931022296,50.0,-0.06593406593406592,5816118784.0,16.59346,1.791784,0.15937,1.37,0.030000000000000006,20.0
2026-03-09 11:25:00+09:00,5161,西川ゴム工業,5161.T,スタンダード,intraday_5m,3905.0,0.0,0.0,0.002598482833461787,45.45454545454546,-0.06578947368421051,141575929856.0,24.39253,1.6942306,0.09423,4.35,0.030000000000000006,20.0
2026-03-09 10:35:00+09:00,5162,朝日ラバー,5162.T,スタンダード,intraday_5m,749.0,-0.0013333333333332975,0.7741935483870969,0.01658692695049941,,-0.02853437094682232,3361268480.0,,0.6961814,-0.0055199997,2.59,0.04,20.0
2026-03-09 11:20:00+09:00,5184,ニチリン,5184.T,スタンダード,intraday_5m,4115.0,0.0,0.0,0.0026737298484208936,50.0,-0.03176470588235292,54279704576.0,9.839789,0.8993755,0.10398,4.47,0.05,20.0
2026-03-09 11:05:00+09:00,5187,クリエートメディック,5187.T,スタンダード,intraday_5m,1144.0,0.0,0.9818181818181818,0.007389431011589064,40.0,-0.03050847457627115,9592681472.0,14.174204,0.5879883,0.04445,4.58,0.04,20.0
2026-03-09 11:05:00+09:00,5189,櫻護謨,5189.T,スタンダード,intraday_5m,2925.0,0.004809343868086513,0.0,0.009730682591820581,27.979274611398964,-0.08163265306122447,5658827776.0,8.994741,0.60515755,0.08127,1.57,0.01,20.0
2026-03-09 11:15:00+09:00,5194,相模ゴム工業,5194.T,スタンダード,intraday_5m,648.0,0.0,0.0,0.005511922300023446,20.0,-0.022624434389140302,7034849280.0,,0.64822686,0.00035999998,1.51,0.01,20.0
2026-03-09 09:25:00+09:00,5199,不二ラテックス,5199.T,スタンダード,intraday_5m,2045.0,-0.0029254022428083504,0.6666666666666666,0.007515885184470201,,-0.02757964812173086,2592023296.0,9.341312,0.63764316,0.07495,3.8,0.02,20.0
2026-03-09 11:00:00+09:00,5204,石塚硝子,5204.T,スタンダード,intraday_5m,3635.0,0.0027586206896552667,0.058823529411764705,0.006239111643816102,12.820512820512818,-0.0715197956577267,15289809920.0,5.1870036,0.41576526,0.089420006,1.79,0.04,20.0
2026-03-09 11:20:00+09:00,5210,日本山村硝子,5210.T,スタンダード,intraday_5m,3025.0,0.0033167495854062867,0.0,0.0034732880078919056,50.0,-0.0692307692307692,30919864320.0,9.3263445,0.5543798,0.06137,4.62,0.02,20.0
2026-03-09 11:25:00+09:00,5216,倉元製作所,5216.T,スタンダード,intraday_5m,177.0,0.0,0.016483516483516484,0.00458395126645814,50.0,-0.048387096774193505,8495748096.0,,11.621799,-1.37925,,0.01,20.0
2026-03-09 11:25:00+09:00,5218,オハラ,5218.T,スタンダード,intraday_5m,1049.0,0.000954198473282375,0.0,0.002234162948855155,29.032258064516128,-0.09177489177489173,24897419264.0,14.768408,0.49215853,0.03571,2.16,0.02,20.0
2026-03-09 11:25:00+09:00,5237,ノザワ,5237.T,スタンダード,intraday_5m,1183.0,0.011111111111111072,0.0,0.004579754461195454,48.21428571428571,0.0025423728813558366,13873787904.0,13.314575,0.6387479,0.041339997,3.64,0.02,20.0
2026-03-09 11:05:00+09:00,5250,ＧＭＯプライム・ストラテジー,5250.T,スタンダード,intraday_5m,1095.0,0.018604651162790642,0.6153846153846154,0.022479876336451626,,-0.027531083481349916,3845606144.0,30.578049,2.7062697,0.07554,1.95,0.022222222222222223,18.0
2026-03-09 11:10:00+09:00,5257,ノバシステム,5257.T,スタンダード,intraday_5m,2371.0,0.008936170212765937,0.0,0.005478989329345214,22.627737226277375,-0.026283367556468207,3307549696.0,10.515346,1.2998546,0.09783,4.31,0.04,20.0
2026-03-09 11:20:00+09:00,5268,旭コンクリート工業,5268.T,スタンダード,intraday_5m,899.0,0.007847533632286963,0.5263157894736842,0.014763844322687614,30.0,-0.07319587628865976,11841041408.0,55.493824,0.88215953,0.01881,1.44,0.01,20.0
2026-03-09 10:55:00+09:00,5271,トーヨーアサノ,5271.T,スタンダード,intraday_5m,2252.0,0.0,1.8,0.00707356252972586,,-0.018736383442265803,2917278976.0,12.010667,0.7287731,0.02696,3.7,-2.7755575615628915e-18,20.0
2026-03-09 11:20:00+09:00,5273,三谷セキサン,5273.T,スタンダード,intraday_5m,6930.0,0.0,0.0,0.010864329592116013,43.24324324324324,-0.06854838709677424,121711910912.0,10.157567,1.2379917,0.13783,2.18,0.06999999999999999,20.0
2026-03-09 11:15:00+09:00,5279,日本興業,5279.T,スタンダード,intraday_5m,1308.0,0.0038372985418264616,0.0,0.007590282930879373,38.46153846153846,-0.05422993492407813,3814928384.0,7.132341,0.46344557,0.06813,3.25,0.02,20.0
2026-03-09 11:15:00+09:00,5280,ヨシコン,5280.T,スタンダード,intraday_5m,2564.0,-0.001946282600233551,0.0,0.008249038406737038,48.88888888888889,-0.04470938897168408,18069037056.0,4.3962073,0.6343936,0.091520004,2.98,0.01,20.0
2026-03-09 11:20:00+09:00,5282,ジオスター,5282.T,スタンダード,intraday_5m,424.0,0.0023640661938533203,0.16853932584269662,0.0031202174665089276,61.53846153846153,-0.06607929515418498,13264797696.0,15.2080345,0.5422612,0.04361,2.2,0.04,20.0
2026-03-09 10:05:00+09:00,5283,高見澤,5283.T,スタンダード,intraday_5m,3280.0,-0.020895522388059695,0.6206896551724138,0.00808788930179062,,-0.049275362318840554,5418638848.0,8.6823015,0.3530645,0.041149996,2.03,0.02,20.0
2026-03-09 11:10:00+09:00,5284,ヤマウホールディングス,5284.T,スタンダード,intraday_5m,2335.0,0.0,0.0,0.004351126437562681,14.049586776859499,-0.036716171617161675,14147358720.0,6.039366,1.0893973,0.18902001,4.25,-0.010000000000000004,20.0
2026-03-09 11:25:00+09:00,5285,ヤマックス,5285.T,スタンダード,intraday_5m,1623.0,-0.0006157635467980427,0.0,0.003045673771942119,45.6140350877193,-0.047535211267605626,15732104192.0,7.383313,1.6184376,0.22742,3.87,0.02,20.0
2026-03-09 11:15:00+09:00,5287,イトーヨーギョー,5287.T,スタンダード,intraday_5m,1166.0,-0.001712328767123239,0.0,0.004635465555463691,29.268292682926827,-0.08333333333333337,3438756608.0,14.145335,1.132373,-0.04126,1.57,0.030000000000000006,20.0
2026-03-09 11:25:00+09:00,5290,ベルテクスコーポレーション,5290.T,スタンダード,intraday_5m,1614.0,0.0018621973929235924,0.0,0.0034847281892221565,41.791044776119406,-0.03985722784057111,79618875392.0,17.08479,1.8483442,0.27848,1.93,0.04,20.0
2026-03-09 11:20:00+09:00,5304,ＳＥＣカーボン,5304.T,スタンダード,intraday_5m,2668.0,0.0011257035647278535,0.0,0.007224982279443043,28.82352941176471,-0.07936507936507942,53487251456.0,13.97005,0.67947066,0.04551,3.45,0.0,20.0
2026-03-09 11:25:00+09:00,5337,ダントーホールディングス,5337.T,スタンダード,intraday_5m,607.0,0.008305647840531671,0.0,0.010986489128989165,13.63636363636364,-0.0500782472613458,19458246656.0,17.492796,2.3261516,0.05746,,0.0,20.0
2026-03-09 11:00:00+09:00,5341,ＡＳＡＨＩ　ＥＩＴＯホールディングス,5341.T,スタンダード,intraday_5m,182.0,0.0,0.0,0.0065663433319282545,50.0,-0.0267379679144385,1245278208.0,,1.1537609,-0.30009001,,0.030000000000000006,20.0
2026-03-09 11:20:00+09:00,5355,日本坩堝,5355.T,スタンダード,intraday_5m,643.0,0.0031201248049921304,0.41379310344827586,0.009269875046569882,46.666666666666664,-0.025757575757575757,4272956928.0,11.276745,0.70461047,0.07695,2.73,0.05,20.0
2026-03-09 10:50:00+09:00,5356,美濃窯業,5356.T,スタンダード,intraday_5m,1229.0,-0.0024350649350649567,0.9473684210526315,0.008736935936198472,20.48192771084338,-0.04506604506604506,12609324032.0,9.916088,0.8250161,0.091639996,3.26,0.02,20.0
2026-03-09 11:25:00+09:00,5363,東京窯業,5363.T,スタンダード,intraday_5m,584.0,0.0,0.0,0.0018260128006855054,62.50000000000001,-0.047308319738988636,25948223488.0,8.708619,0.57397324,0.07737,3.46,0.0,20.0
2026-03-09 11:20:00+09:00,5367,ニッカトー,5367.T,スタンダード,intraday_5m,727.0,0.0,0.0,0.0044887759087045625,55.99999999999999,-0.0643500643500643,8691516416.0,15.438522,0.6623223,0.03846,2.7,0.04,20.0
2026-03-09 11:25:00+09:00,5368,日本インシュレーション,5368.T,スタンダード,intraday_5m,1180.0,0.002548853016142827,0.0,0.0041629086753424095,48.07692307692308,-0.055244195356285,10228189184.0,10.884604,0.7081435,0.083170004,3.2,0.04,20.0
2026-03-09 11:20:00+09:00,5380,新東,5380.T,スタンダード,intraday_5m,1552.0,0.013716525146962866,0.0,0.015762070483412965,,-0.023899371069182385,1098102016.0,123.56687,0.33183184,0.03866,2.36,0.01,20.0
2026-03-09 11:25:00+09:00,5381,マイポックス,5381.T,スタンダード,intraday_5m,712.0,0.0,0.02079722703639515,0.004765511334826965,38.46153846153846,-0.1088861076345432,9856377856.0,14.010232,1.1223185,0.06283,1.25,0.02,20.0
2026-03-09 11:25:00+09:00,5386,鶴弥,5386.T,スタンダード,intraday_5m,364.0,-0.002739726027397249,0.0,0.006748876089950979,43.99999999999999,-0.03191489361702127,2630658560.0,17.259365,0.2233481,0.01289,2.79,0.01,20.0
2026-03-09 11:20:00+09:00,5388,クニミネ工業,5388.T,スタンダード,intraday_5m,1250.0,-0.003984063745019917,0.0,0.0040403960522922356,11.111111111111114,-0.038461538461538436,15223017472.0,13.561896,0.7024252,0.0555,3.08,0.05,20.0
2026-03-09 11:20:00+09:00,5391,エーアンドエーマテリアル,5391.T,スタンダード,intraday_5m,1357.0,0.0007374631268437515,0.0,0.008088501482807672,52.94117647058823,-0.038951841359773365,10421597184.0,100.073746,0.5395899,0.00565,4.25,-0.02,20.0
2026-03-09 11:10:00+09:00,5446,北越メタル,5446.T,スタンダード,intraday_5m,1260.0,-0.0015847860538826808,0.5,0.0022760600561942857,29.629629629629633,-0.01098901098901095,4860339200.0,12.551051,0.2713533,0.0020299999,3.06,-0.020000000000000004,20.0
2026-03-09 11:25:00+09:00,5449,大阪製鐵,5449.T,スタンダード,intraday_5m,2490.0,-0.001203369434416346,0.08633093525179857,0.0026046708905677466,54.66666666666667,-0.015810276679841917,74498277376.0,1960.63,0.5710018,-0.00083,1.5,-0.01,20.0
2026-03-09 11:05:00+09:00,5458,高砂鐵工,5458.T,スタンダード,intraday_5m,1040.0,0.0009624639076035724,0.0,0.008027932823962308,15.90909090909092,-0.051959890610756565,3122224640.0,13.371047,0.65066123,0.05821,3.65,0.0,20.0
2026-03-09 11:20:00+09:00,5464,モリ工業,5464.T,スタンダード,intraday_5m,956.0,0.0010471204188482464,0.0,0.0026436067468310546,31.578947368421055,-0.03434343434343434,36305301504.0,10.04835,0.63675046,0.060370002,4.04,-0.02,20.0
2026-03-09 11:20:00+09:00,5484,東北特殊鋼,5484.T,スタンダード,intraday_5m,2200.0,-0.013452914798206317,0.0,0.006872720045834944,,-0.03083700440528636,16341069824.0,16.738949,0.56127876,0.04086,1.76,0.0,20.0
2026-03-09 11:25:00+09:00,5491,日本金属,5491.T,スタンダード,intraday_5m,906.0,0.0011049723756906271,0.06896551724137931,0.0036898943368774873,39.285714285714285,-0.09940357852882709,5849077760.0,4.754907,0.20713836,0.05136,,0.01,20.0
2026-03-09 10:10:00+09:00,5533,エリッツホールディングス,5533.T,スタンダード,intraday_5m,2056.0,-0.000486144871171601,0.75,0.02195218022295746,,0.03316582914572863,7145833472.0,10.300601,1.3959435,0.14089,3.52,0.04,20.0
2026-03-09 11:20:00+09:00,5542,新報国マテリアル,5542.T,スタンダード,intraday_5m,765.0,0.002621231979030192,0.0,0.00698731137290694,27.41935483870968,-0.04255319148936165,5069641216.0,8.792092,1.8766651,0.27445,3.13,0.0,20.0
2026-03-09 11:20:00+09:00,5571,エキサイトホールディングス,5571.T,スタンダード,intraday_5m,1022.0,0.008884501480750151,0.0,0.0076305890380435944,19.318181818181813,-0.051948051948051965,4905017344.0,,1.4589579,0.01189,2.92,0.0,20.0
2026-03-09 10:30:00+09:00,5576,オービーシステム,5576.T,スタンダード,intraday_5m,2600.0,-0.006875477463712754,8.333333333333334,0.00532808720523659,,-0.019977384093479045,6048806400.0,12.677979,1.0845227,,3.77,0.0,20.0
2026-03-09 10:40:00+09:00,5589,オートサーバー,5589.T,スタンダード,intraday_5m,2545.0,0.0,0.5538461538461539,0.002368347759304802,32.35294117647058,-0.008956386292834906,18313502720.0,13.231777,1.4444577,,2.61,0.02,20.0
2026-03-09 11:25:00+09:00,5603,虹技,5603.T,スタンダード,intraday_5m,1322.0,0.014581734458940954,0.0,0.008645826989404332,58.33333333333334,-0.022189349112425982,4339195392.0,4.816731,0.2928321,0.03432,3.7,0.02,20.0
2026-03-09 11:05:00+09:00,5609,日本鋳造,5609.T,スタンダード,intraday_5m,832.0,-0.004784688995215336,0.0,0.002739536096689151,45.45454545454546,-0.013048635824436494,4011196928.0,7.789533,0.341466,0.02227,2.37,-0.020000000000000004,20.0
2026-03-09 11:25:00+09:00,5612,日本鋳鉄管,5612.T,スタンダード,intraday_5m,1690.0,0.0035629453681709222,0.0,0.006526218366138445,61.904761904761905,-0.032073310423825885,5429986816.0,,0.5858259,0.00042,1.43,0.01,20.0
2026-03-09 11:20:00+09:00,5644,メタルアート,5644.T,スタンダード,intraday_5m,5010.0,0.004008016032064132,0.0,0.011463290148984909,48.38709677419355,-0.04571428571428571,14341826560.0,7.8412347,0.5745154,0.09182,2.86,0.030000000000000006,20.0
2026-03-09 11:20:00+09:00,5658,日亜鋼業,5658.T,スタンダード,intraday_5m,371.0,-0.0026881720430107503,3.8473282442748094,0.00565047549945042,41.17647058823529,-0.03886010362694303,16736254976.0,30.409836,0.31742337,0.01638,2.59,0.030000000000000006,20.0
2026-03-09 10:15:00+09:00,5660,神鋼鋼線工業,5660.T,スタンダード,intraday_5m,1413.0,-0.0007072135785006761,0.48,0.007275236550014417,28.282828282828277,-0.03351573187414503,8350404608.0,8.770405,0.34096873,0.04046,3.08,0.02,20.0
2026-03-09 10:50:00+09:00,5695,パウダーテック,5695.T,スタンダード,intraday_5m,2530.0,-0.007843137254901933,0.4583333333333333,0.013771086763448182,,0.001980198019801982,7361272832.0,21.228394,0.587881,0.02377,3.96,0.04,20.0
2026-03-09 11:20:00+09:00,5697,サンユウ,5697.T,スタンダード,intraday_5m,731.0,-0.012162162162162149,1.125,0.0068416289927372385,26.86567164179104,-0.03178807947019868,4418478080.0,7.8712177,0.43301427,0.05921,3.31,0.07,20.0
2026-03-09 11:25:00+09:00,5698,エンビプロ・ホールディングス,5698.T,スタンダード,intraday_5m,863.0,0.00465657741559955,0.92,0.0038534866263000575,40.476190476190474,-0.0770053475935829,24437487616.0,14.649466,1.3961939,0.10137,2.35,0.02,20.0
2026-03-09 11:10:00+09:00,5699,イボキン,5699.T,スタンダード,intraday_5m,1515.0,0.0013218770654328527,0.2222222222222222,0.013747420800481238,29.239766081871338,-0.05253283302063794,4979665408.0,12.22563,0.9723999,0.12605,2.0,-2.7755575615628915e-18,20.0
2026-03-09 11:25:00+09:00,5721,エス・サイエンス,5721.T,スタンダード,intraday_5m,107.0,0.0,0.0,0.005508559219375011,20.0,-0.053097345132743334,18740342784.0,,5.018291,0.01839,,0.01,20.0
2026-03-09 11:20:00+09:00,5724,アサカ理研,5724.T,スタンダード,intraday_5m,3380.0,0.0029673590504450953,0.0,0.004915170808113389,39.130434782608695,-0.09261744966442953,16990674944.0,56.71141,3.3393633,0.08474,0.32,0.030000000000000006,20.0
2026-03-09 11:15:00+09:00,5729,日本精鉱,5729.T,スタンダード,intraday_5m,10500.0,-0.002849002849002802,0.38709677419354843,0.006538568096605121,37.254901960784316,-0.11690496215306978,25734606848.0,4.9864182,1.6555759,0.42617,2.86,0.04,20.0
2026-03-09 11:00:00+09:00,5742,エヌアイシ・オートテック,5742.T,スタンダード,intraday_5m,795.0,-0.003759398496240629,0.14285714285714285,0.004243405016545708,23.33333333333333,-0.011194029850746245,4331600384.0,22.681883,1.0521259,-0.059359998,5.22,0.0,20.0
2026-03-09 11:20:00+09:00,5753,日本伸銅,5753.T,スタンダード,intraday_5m,2760.0,0.0,0.0,0.013888451630496214,16.942148760330582,-0.05641025641025643,5898125312.0,8.18384,1.3518577,-0.06956,0.51,0.01,20.0
2026-03-09 11:20:00+09:00,5816,オーナンバ,5816.T,スタンダード,intraday_5m,1666.0,0.006038647342995196,0.0,0.006918426557598544,30.25210084033614,-0.020000000000000018,20302981120.0,13.406293,0.73150706,0.05481,4.12,0.030000000000000006,20.0
2026-03-09 11:25:00+09:00,5817,ＪＭＡＣＳ,5817.T,スタンダード,intraday_5m,1641.0,-0.0006090133982947776,0.15026833631484796,0.007387345762491736,52.51798561151079,-0.11774193548387102,9231945728.0,41.231155,1.728411,0.01284,0.54,0.0,20.0
2026-03-09 11:25:00+09:00,5819,カナレ電気,5819.T,スタンダード,intraday_5m,1876.0,-0.0021276595744680327,0.0,0.009259726067554042,18.367346938775512,-0.05538771399798592,12834273280.0,10.673646,0.6737819,0.064840004,3.32,0.01,20.0
2026-03-09 11:20:00+09:00,5820,三ッ星,5820.T,スタンダード,intraday_5m,958.0,-0.002083333333333326,0.4114285714285715,0.005481015745464999,43.54838709677419,-0.064453125,3300840704.0,17.956888,0.48199657,0.03452,1.66,0.02,20.0
2026-03-09 11:20:00+09:00,5843,ニッポンインシュア,5843.T,スタンダード,intraday_5m,2429.0,0.004133939644481277,0.0,0.002869172102251788,57.971014492753625,-0.04294720252167061,6970493952.0,13.146073,2.6481502,0.24744,0.87,0.030000000000000006,20.0
2026-03-09 11:20:00+09:00,5845,全保連,5845.T,スタンダード,intraday_5m,995.0,0.003024193548387011,0.0,0.002762677963339086,40.74074074074074,-0.023552502453385693,26071023616.0,14.171771,3.4116936,0.21017,3.93,0.06,20.0
2026-03-09 11:25:00+09:00,5856,エルアイイーエイチ,5856.T,スタンダード,intraday_5m,19.0,0.0,0.0,0.03199132358377139,50.0,-0.09523809523809523,2070038656.0,,0.83267593,-0.76822,,0.030000000000000006,20.0
2026-03-09 11:25:00+09:00,5868,ロココ,5868.T,スタンダード,intraday_5m,1035.0,0.0029069767441860517,0.0,0.0033037589740358753,54.54545454545455,-0.05393053016453386,3856720384.0,8.469722,1.3034772,0.11107001,6.86,0.030000000000000006,20.0
2026-03-09 11:20:00+09:00,5869,早稲田学習研究会,5869.T,スタンダード,intraday_5m,1270.0,0.0,0.0,0.0070492986927564805,30.434782608695656,-0.026819923371647514,12775048192.0,12.508618,1.7428465,0.14295,4.75,-0.01,20.0
2026-03-09 11:05:00+09:00,5871,ＳＯＬＩＺＥ　Ｈｏｌｄｉｎｇｓ,5871.T,スタンダード,intraday_5m,1326.0,0.012213740458015376,0.19354838709677422,0.01621993444833058,49.63768115942029,-0.01118568232662187,7025678336.0,,0.6247503,-0.00316,4.1,0.02,20.0
2026-03-09 11:15:00+09:00,5885,ジーデップ・アドバンス,5885.T,スタンダード,intraday_5m,2621.0,-0.0022839741149600634,1.4845360824742266,0.003673113571679997,34.0,-0.09589513625388069,14290590720.0,22.65929,4.481008,0.21959,1.0,0.01,20.0
2026-03-09 11:25:00+09:00,5891,魁力屋,5891.T,スタンダード,intraday_5m,1527.0,-0.0019607843137254832,0.0,0.005099661523474281,43.99999999999999,-0.026768642447418722,8630098944.0,16.274113,1.6731331,0.058790002,1.47,0.02,20.0
2026-03-09 09:00:00+09:00,5900,ダイケン,5900.T,スタンダード,intraday_5m,803.0,-0.019536019536019578,0.0,0.007833853932962903,,-0.01833740831295838,4403161600.0,26.527916,0.3298989,0.01282,2.44,-0.01,20.0
2026-03-09 11:15:00+09:00,5903,シンポ,5903.T,スタンダード,intraday_5m,1210.0,0.0,0.0,0.002942297714558242,,-0.0008257638315442017,6655789056.0,14.43914,0.95469314,0.067,6.94,0.04,20.0
2026-03-06 09:20:00+09:00,5905,日本製罐,5905.T,スタンダード,intraday_5m,1293.0,-0.0023148148148147696,,0.0,,0.011848341232227444,1733647744.0,,0.43650728,0.08821,2.34,-0.030000000000000006,20.0
2026-03-09 11:20:00+09:00,5906,エムケー精工,5906.T,スタンダード,intraday_5m,925.0,-0.001079913606911398,0.0,0.004864166499407302,60.0,-0.05128205128205132,12881330176.0,8.278146,0.68676424,0.114630006,1.54,0.04,20.0
2026-03-09 11:25:00+09:00,5909,コロナ,5909.T,スタンダード,intraday_5m,975.0,0.0,0.0,0.005827744438296488,46.15384615384615,-0.023046092184368705,28513718272.0,40.540543,0.3678107,0.009509999,2.81,-0.04,20.0
2026-03-09 11:05:00+09:00,5915,駒井ハルテック,5915.T,スタンダード,intraday_5m,1998.0,0.004020100502512669,0.25,0.008986263372053353,32.29166666666667,-0.052631578947368474,9155295232.0,5.8264318,0.27351958,0.01597,3.32,0.04,20.0
2026-03-09 09:00:00+09:00,5918,瀧上工業,5918.T,スタンダード,intraday_5m,7130.0,-0.009722222222222188,,0.0,,-0.009722222222222188,14716120064.0,25.923502,0.309028,0.01962,1.39,0.04,20.0
2026-03-09 11:25:00+09:00,5921,川岸工業,5921.T,スタンダード,intraday_5m,4395.0,0.001138952164009055,0.0,0.009705826265873971,,-0.014573991031390121,12058289152.0,8.436834,0.41939896,0.03625,2.02,0.010526315789473684,19.0
2026-03-09 11:00:00+09:00,5922,那須電機鉄工,5922.T,スタンダード,intraday_5m,19750.0,0.0035569105691057867,0.8,0.014688233212331049,,-0.03375733855185914,23032489984.0,11.434824,0.7153404,0.07556,2.69,0.07,20.0
2026-03-09 11:05:00+09:00,5923,高田機工,5923.T,スタンダード,intraday_5m,1310.0,-0.0007627765064835978,0.34285714285714286,0.007377849147696033,48.958333333333336,-0.013554216867469826,7585754112.0,,0.52499646,0.07964,3.77,-0.020000000000000004,20.0
2026-03-09 11:10:00+09:00,5928,アルメタックス,5928.T,スタンダード,intraday_5m,295.0,0.0,0.1875,0.008317214686674674,34.48275862068965,-0.039087947882736174,3091177728.0,37.247475,0.44341832,0.04772,2.61,0.04,20.0
2026-03-09 11:10:00+09:00,5936,東洋シヤッター,5936.T,スタンダード,intraday_5m,970.0,0.03191489361702127,1.7142857142857142,0.009429688389735617,45.348837209302324,-0.010204081632653073,6142492160.0,8.207124,0.6281228,0.07997,4.08,0.02,20.0
2026-03-09 10:10:00+09:00,5939,大谷工業,5939.T,スタンダード,intraday_5m,7060.0,-0.004231311706629048,2.6294820717131477,0.022710786125821808,7.7669902912621325,-0.17523364485981308,5500947456.0,19.406267,1.2688987,0.06471,0.35,-0.01,20.0
2026-03-09 11:20:00+09:00,5940,不二サッシ,5940.T,スタンダード,intraday_5m,967.0,0.003112033195020736,0.4067796610169491,0.0028040936882513154,54.54545454545455,-0.05196078431372553,12195473408.0,5.4799953,0.50509983,0.13073,2.65,0.02,20.0
2026-03-09 10:25:00+09:00,5941,中西製作所,5941.T,スタンダード,intraday_5m,2625.0,0.0,0.375,0.005174757865982125,,-0.004172989377845271,16185592832.0,9.457073,2.3327382,0.05785,2.73,0.0,20.0
2026-03-09 11:25:00+09:00,5942,日本フイルコン,5942.T,スタンダード,intraday_5m,560.0,0.0017889087656528524,0.24,0.006094032988687644,33.33333333333333,-0.03448275862068961,10779504640.0,,0.4898685,-0.02925,4.83,0.04,20.0
2026-03-09 11:25:00+09:00,5945,天龍製鋸,5945.T,スタンダード,intraday_5m,2505.0,-0.0019920318725099584,0.0,0.006754393972510648,,-0.012223974763406975,22374234112.0,13.681048,0.60151625,0.04343,3.12,0.05,20.0
2026-03-09 11:20:00+09:00,5950,日本パワーファスニング,5950.T,スタンダード,intraday_5m,173.0,0.0,0.0,0.006547902800030251,20.0,-0.03888888888888886,2470004992.0,25.898205,1.0739138,-0.01429,1.39,0.0,20.0
2026-03-09 11:25:00+09:00,5951,ダイニチ工業,5951.T,スタンダード,intraday_5m,1046.0,-0.0028598665395614953,0.0,0.002094411399408532,33.33333333333333,-0.025163094128611396,16929513472.0,14.572305,0.5645616,0.05722,2.05,0.030000000000000006,20.0
2026-03-09 11:15:00+09:00,5952,アマテイ,5952.T,スタンダード,intraday_5m,191.0,0.0,0.057831325301204814,0.004353431117012362,14.285714285714292,-0.04500000000000004,2263922176.0,13.780664,1.4559036,0.094510004,2.5,0.01,20.0
2026-03-09 11:25:00+09:00,5955,ワイズホールディングス,5955.T,スタンダード,intraday_5m,121.0,0.008333333333333304,2.0522230063514466,0.006800294517133964,39.99999999999999,-0.08333333333333337,16183533568.0,49.79424,1.3632882,0.029679999,0.76,0.04,20.0
2026-03-09 11:20:00+09:00,5956,トーソー,5956.T,スタンダード,intraday_5m,659.0,0.020123839009287936,0.6153846153846154,0.010886215207465659,49.20634920634921,-0.0075301204819276935,5823731712.0,8.20264,0.38331982,0.047909997,1.51,0.04,20.0
2026-03-09 10:50:00+09:00,5958,三洋工業,5958.T,スタンダード,intraday_5m,5070.0,-0.013618677042801508,0.42857142857142855,0.016028423007886868,36.76470588235295,-0.04339622641509433,14216417280.0,10.570208,0.7021025,0.07421,3.96,-0.020000000000000004,20.0
2026-03-09 09:20:00+09:00,5962,浅香工業,5962.T,スタンダード,intraday_5m,2010.0,0.001994017946161497,6.0,0.003122867469527042,,-0.027576197387518153,1930808064.0,15.811831,0.42865413,0.047659997,2.42,0.020000000000000004,20.0
2026-03-09 11:20:00+09:00,5965,フジマック,5965.T,スタンダード,intraday_5m,1092.0,-0.001828153564899404,0.0,0.006816761214727504,36.111111111111114,-0.045454545454545414,14312009728.0,6.3762703,0.54407936,0.093760006,3.5,-0.01,20.0
2026-03-09 09:05:00+09:00,5966,京都機械工具,5966.T,スタンダード,intraday_5m,2501.0,-0.01146245059288542,0.0,0.00573122529644271,,-0.01146245059288542,6043291136.0,13.54161,0.4884652,0.04363,3.16,0.01,20.0
2026-03-09 11:20:00+09:00,5967,ＴＯＮＥ,5967.T,スタンダード,intraday_5m,480.0,-0.004149377593360981,0.0,0.002068304492152364,30.769230769230774,-0.016393442622950838,10400266240.0,14.856081,0.88967144,0.06277,1.84,0.01,20.0
2026-03-09 09:05:00+09:00,5969,ロブテックス,5969.T,スタンダード,intraday_5m,1280.0,0.013460015835312644,2.0,0.017995672890389683,,-0.01538461538461533,2390272000.0,80.05003,0.48821887,-0.00204,2.31,-0.030000000000000006,20.0
2026-03-09 10:05:00+09:00,5971,共和工業所,5971.T,スタンダード,intraday_5m,7400.0,0.006802721088435382,0.7,0.010115135347731619,,0.0,9631336448.0,11.695907,0.5895413,0.0523,1.08,0.030000000000000006,20.0
2026-03-09 11:00:00+09:00,5973,トーアミ,5973.T,スタンダード,intraday_5m,640.0,-0.006211180124223614,15.384615384615385,0.01829850306645827,37.96296296296296,-0.03759398496240607,3670761472.0,28.81585,0.33385742,0.012259999,2.41,0.030000000000000006,20.0
2026-03-09 10:35:00+09:00,5974,中国工業,5974.T,スタンダード,intraday_5m,833.0,0.0,0.0,0.00926550949843166,47.826086956521735,-0.026869158878504718,2719248640.0,6.290591,0.47452924,0.06963,2.34,-0.01,20.0
2026-03-09 11:15:00+09:00,5982,マルゼン,5982.T,スタンダード,intraday_5m,3905.0,-0.003826530612244916,0.75,0.006400843088934583,36.170212765957444,-0.016372795969773257,61851467776.0,12.84117,1.2299066,0.100109994,3.02,0.030000000000000006,20.0
2026-03-09 10:45:00+09:00,5983,イワブチ,5983.T,スタンダード,intraday_5m,12390.0,0.0032388663967610754,0.5,0.019030772478593385,31.417624521072796,-0.07881040892193314,12905287680.0,14.786262,0.6476667,0.05248,2.16,0.05,20.0
2026-03-09 11:15:00+09:00,5984,兼房,5984.T,スタンダード,intraday_5m,825.0,-0.0060240963855421326,0.8333333333333334,0.008953752301338288,18.292682926829272,-0.04734411085450352,11467465728.0,9.213759,0.3814244,0.02005,2.02,0.05,20.0
2026-03-09 11:25:00+09:00,5985,サンコール,5985.T,スタンダード,intraday_5m,1388.0,0.0021660649819494893,0.20869565217391303,0.007332230009851174,51.42857142857142,-0.14950980392156865,42044575744.0,11.370525,1.3286543,0.13563,1.23,0.01,20.0
2026-03-09 11:25:00+09:00,5986,モリテック　スチール,5986.T,スタンダード,intraday_5m,218.0,0.0,0.0,0.0096609016385029,33.33333333333333,-0.06034482758620685,4884131328.0,13.481756,0.31934935,0.039809998,1.72,0.01,20.0
2026-03-09 09:55:00+09:00,5987,オーネックス,5987.T,スタンダード,intraday_5m,1700.0,0.0,1.0,0.01210916001822263,,-0.03409090909090906,2814567680.0,12.058449,0.5075615,0.0431,1.14,0.06,20.0
2026-03-09 11:25:00+09:00,5990,スーパーツール,5990.T,スタンダード,intraday_5m,1980.0,0.0,0.0,0.002777619748705311,,-0.010000000000000009,4661836800.0,,0.45368463,0.01963,3.5,-0.020000000000000004,20.0
2026-03-09 11:25:00+09:00,5992,中央発條,5992.T,スタンダード,intraday_5m,3355.0,0.0,0.12121212121212122,0.007469332412635564,77.14285714285714,-0.017569546120058566,84641439744.0,43.46981,1.0050157,0.11903,1.76,0.030000000000000006,20.0
2026-03-09 11:25:00+09:00,5994,ファインシンター,5994.T,スタンダード,intraday_5m,1502.0,-0.001993355481727521,0.0,0.003711433346450333,50.909090909090914,-0.07512315270935965,6429946368.0,3.4128606,0.36641145,0.094849996,0.92,0.04,20.0
2026-03-09 10:55:00+09:00,5997,協立エアテック,5997.T,スタンダード,intraday_5m,797.0,0.019181585677749302,0.6666666666666666,0.008261473877846719,42.69662921348315,-0.019680196801967975,3845270784.0,8.259068,0.39097854,0.048860002,2.46,0.01,20.0
2026-03-09 11:15:00+09:00,5998,アドバネクス,5998.T,スタンダード,intraday_5m,1681.0,0.002983293556085842,0.5333333333333333,0.005979913979622303,60.0,-0.09720730397422128,6901177344.0,10.13261,0.714969,0.03482,1.88,0.02,20.0
2026-03-09 11:25:00+09:00,6016,ジャパンエンジンコーポレーション,6016.T,スタンダード,intraday_5m,11400.0,0.005291005291005346,0.2907488986784141,0.004259782032287424,35.08771929824562,-0.1217257318952234,95573917696.0,22.348122,14.341842,0.08513,0.51,0.030000000000000006,20.0
2026-03-09 11:20:00+09:00,6018,阪神内燃機工業,6018.T,スタンダード,intraday_5m,4535.0,0.001103752759381793,0.0,0.010384719614393497,20.0,-0.08660624370594161,14699223040.0,21.69545,0.9689475,0.055409998,1.51,0.030000000000000006,20.0
2026-03-09 11:25:00+09:00,6022,赤阪鐵工所,6022.T,スタンダード,intraday_5m,3170.0,0.012779552715654896,0.0,0.021480219796274114,30.718954248366018,-0.09038737446197986,4243174912.0,27.731607,0.60140586,0.04118,0.86,0.02,20.0
2026-03-09 11:25:00+09:00,6023,ダイハツインフィニアース,6023.T,スタンダード,intraday_5m,2124.0,0.003780718336483968,0.44226044226044225,0.0030992830739119456,48.80952380952381,-0.08091735179575943,54016454656.0,10.787202,1.1637496,0.10213,2.68,-0.01,20.0
2026-03-09 11:15:00+09:00,6029,アトラグループ,6029.T,スタンダード,intraday_5m,137.0,0.0,0.0,0.008577998246853498,33.33333333333333,-0.05517241379310345,1406542592.0,9.841954,0.8298203,0.16486,,0.01,20.0
2026-03-09 11:20:00+09:00,6037,楽待,6037.T,スタンダード,intraday_5m,977.0,0.0010245901639345245,0.35294117647058826,0.004377501482052118,55.55555555555556,-0.042156862745098,19186870272.0,17.41533,3.7724195,0.21358,1.27,0.01,20.0
2026-03-09 11:10:00+09:00,6042,ニッキ,6042.T,スタンダード,intraday_5m,4300.0,-0.0011614401858304202,0.0,0.010825299357895132,37.16814159292036,-0.03910614525139666,8032675328.0,14.874261,0.59422064,0.05554,2.46,0.04,20.0
2026-03-09 11:10:00+09:00,6044,三機サービス,6044.T,スタンダード,intraday_5m,1672.0,0.0011976047904191933,0.7058823529411765,0.008416036633260689,14.17910447761193,-0.052691218130311634,10788903936.0,13.066584,2.1235871,0.17547001,1.59,0.05,20.0
2026-03-09 11:25:00+09:00,6054,リブセンス,6054.T,スタンダード,intraday_5m,133.0,0.0,1.6439306358381505,0.008997195975877163,30.0,-0.10738255033557043,3663163136.0,,0.8782414,-0.00095,,0.01,20.0
2026-03-09 11:25:00+09:00,6059,ウチヤマホールディングス,6059.T,スタンダード,intraday_5m,381.0,0.002631578947368318,0.0,0.006870567691635369,42.30769230769231,-0.032994923857868064,7393595904.0,3.459862,0.50700223,0.15976,2.54,0.044444444444444446,18.0
2026-03-09 11:20:00+09:00,6061,ユニバーサル園芸社,6061.T,スタンダード,intraday_5m,3045.0,0.011627906976744207,0.0,0.010720737763383162,45.6140350877193,-0.039432176656151396,28045119488.0,13.644307,2.090891,0.1538,0.41,0.04,20.0
2026-03-09 10:35:00+09:00,6063,日本エマージェンシーアシスタンス,6063.T,スタンダード,intraday_5m,906.0,0.007786429365962189,0.3235294117647059,0.008666094601450416,,-0.013071895424836555,2282335488.0,31.425598,1.2101444,0.054770004,0.98,0.04,20.0
2026-03-09 11:25:00+09:00,6072,地盤ネットホールディングス,6072.T,スタンダード,intraday_5m,974.0,0.004123711340206171,0.284692882677933,0.006584165079932782,29.310344827586206,-0.09141791044776115,21858754560.0,432.8889,15.42506,0.19389,,0.0,20.0
2026-03-09 11:00:00+09:00,6074,ジェイエスエス,6074.T,スタンダード,intraday_5m,525.0,0.0,0.0,0.009093729048475012,,-0.024163568773234223,2113467776.0,10.561255,0.6590253,,3.72,0.04,20.0
2026-03-09 11:25:00+09:00,6082,ライドオンエクスプレスホールディングス,6082.T,スタンダード,intraday_5m,1025.0,0.0009765625,0.6153846153846154,0.001531420723370313,25.0,-0.009661835748792313,10043085824.0,21.160198,1.205508,0.05207,1.45,0.030000000000000006,20.0
2026-03-09 11:25:00+09:00,6083,ＥＲＩホールディングス,6083.T,スタンダード,intraday_5m,4315.0,-0.0023121387283236983,0.0,0.004181820005419789,34.61538461538461,-0.06399132321041212,32287612928.0,14.740043,4.5921793,0.35002,2.39,0.02,20.0
2026-03-09 11:10:00+09:00,6087,アビスト,6087.T,スタンダード,intraday_5m,3425.0,0.0014619883040936088,0.0,0.002182343952420438,42.10526315789474,-0.0043604651162790775,13628615680.0,20.960833,1.9375503,0.10232,2.97,0.044444444444444446,18.0
2026-03-09 09:40:00+09:00,6090,ヒューマン・メタボローム・テクノロジーズ,6090.T,スタンダード,intraday_5m,685.0,-0.01862464183381085,4.682926829268292,0.007290129777710404,44.23076923076923,-0.03656821378340369,3854891520.0,19.193052,2.1398158,0.110369995,2.53,0.02,20.0
2026-03-09 10:55:00+09:00,6091,ウエスコホールディングス,6091.T,スタンダード,intraday_5m,888.0,-0.0022471910112359383,0.48,0.003813446313812298,10.256410256410263,-0.0326797385620915,11804371968.0,15.857142,0.74319696,0.05284,3.05,0.02,20.0
2026-03-09 11:25:00+09:00,6092,エンバイオ・ホールディングス,6092.T,スタンダード,intraday_5m,688.0,-0.005780346820809301,1.1338582677165354,0.014812401659530986,62.63736263736264,-0.04311543810848406,5532033536.0,9.508562,0.62782544,-0.02325,1.25,0.04,20.0
2026-03-09 11:30:00+09:00,6093,エスクロー・エージェント・ジャパン,6093.T,スタンダード,intraday_5m,172.0,0.0,0.0,0.004747922098889917,37.5,-0.060109289617486295,7490806272.0,30.604982,2.1500537,0.05551,3.28,0.0,20.0
2026-03-09 11:25:00+09:00,6096,レアジョブ,6096.T,スタンダード,intraday_5m,300.0,0.0,0.0,0.00486604833528976,33.33333333333333,-0.016393442622950838,2868901888.0,25.020851,1.4280885,0.036199998,2.62,0.0,20.0
2026-03-09 11:30:00+09:00,6125,岡本工作機械製作所,6125.T,スタンダード,intraday_5m,4190.0,0.0011947431302270495,0.0,0.0034278574807472197,45.16129032258065,-0.09110629067245124,27698100224.0,12.232862,0.67172194,0.0399,3.47,-0.020000000000000004,20.0
2026-03-09 11:20:00+09:00,6137,小池酸素工業,6137.T,スタンダード,intraday_5m,1987.0,0.001007556675062915,0.0,0.006723768731518212,47.11538461538462,-0.07236227824463115,41946333184.0,15.776102,0.9611431,0.064229995,2.24,0.0,20.0
2026-03-09 11:30:00+09:00,6138,ダイジェット工業,6138.T,スタンダード,intraday_5m,1085.0,0.0,0.0,0.012319691820072814,18.91891891891892,-0.06465517241379315,3224153344.0,8.967684,0.37494186,0.07388,3.45,0.030000000000000006,20.0
2026-03-09 11:30:00+09:00,6144,西部電機,6144.T,スタンダード,intraday_5m,2678.0,0.002996254681647992,0.0,0.017055237380950997,27.02020202020202,-0.07367692839847806,40456482816.0,12.285531,1.2535088,0.112799995,2.91,0.07,20.0
2026-03-09 11:30:00+09:00,6145,ＮＩＴＴＯＫＵ,6145.T,スタンダード,intraday_5m,2276.0,-0.002629272567922891,0.0,0.004511038512392909,44.96124031007753,-0.09177972865123707,38406320128.0,15.111878,0.97619224,0.07749,2.55,0.05,20.0
2026-03-09 11:25:00+09:00,6147,ヤマザキ,6147.T,スタンダード,intraday_5m,339.0,-0.00877192982456143,0.0,0.016289295337986794,55.55555555555556,-0.002941176470588225,1504227712.0,,1.3313226,-0.18687001,2.94,-0.030000000000000006,20.0
2026-03-09 11:25:00+09:00,6149,小田原エンジニアリング,6149.T,スタンダード,intraday_5m,1999.0,0.0025075225677031465,0.42857142857142855,0.0033047525509691967,56.52173913043478,-0.05618508026440039,11437518848.0,4.9362903,0.61731255,0.13239999,3.31,0.01,20.0
2026-03-09 11:25:00+09:00,6150,タケダ機械,6150.T,スタンダード,intraday_5m,3190.0,-0.007776049766718529,0.0,0.018408463792435298,,-0.03625377643504535,2932608512.0,11.405076,0.55228037,0.04911,2.42,0.01,20.0
2026-03-09 11:30:00+09:00,6155,高松機械工業,6155.T,スタンダード,intraday_5m,467.0,-0.002136752136752129,0.0,0.006786193486396192,45.00000000000001,-0.012684989429175508,5039665664.0,,0.31875655,-0.00936,2.11,-0.04,20.0
2026-03-09 11:25:00+09:00,6156,エーワン精密,6156.T,スタンダード,intraday_5m,1941.0,0.0020650490449147796,0.0,0.0070573845322999445,51.28205128205128,-0.02462311557788943,9779201024.0,,1.3626657,-0.023359999,5.03,0.05,20.0
2026-03-09 11:25:00+09:00,6157,日進工具,6157.T,スタンダード,intraday_5m,874.0,-0.0011428571428571122,0.27149321266968324,0.002068161832600056,22.727272727272734,-0.04480874316939887,21320157184.0,17.688726,1.1770298,0.070310004,3.28,0.044444444444444446,18.0
2026-03-09 11:30:00+09:00,6158,和井田製作所,6158.T,スタンダード,intraday_5m,914.0,0.0,0.0,0.005404467807321761,14.81481481481481,-0.06924643584521384,5961428992.0,19.554985,0.5728877,0.00985,3.46,-0.030000000000000006,20.0
2026-03-09 09:35:00+09:00,6159,ミクロン精密,6159.T,スタンダード,intraday_5m,2144.0,-0.016062413951353882,1.0769230769230769,0.01563873949276472,,-0.05964912280701751,10059148288.0,13.188976,0.71330667,0.06742,0.53,0.02,20.0
2026-03-09 11:25:00+09:00,6161,エスティック,6161.T,スタンダード,intraday_5m,1040.0,0.0,0.0,0.004578702162090997,22.222222222222214,-0.023474178403755874,10366579712.0,9.058445,0.9757004,0.10271,2.72,0.0,20.0
2026-03-09 11:30:00+09:00,6165,パンチ工業,6165.T,スタンダード,intraday_5m,491.0,0.0,0.0,0.0027444981420079208,66.66666666666666,-0.042884990253411304,13520234496.0,10.838852,0.6287899,0.04204,3.67,0.042105263157894736,19.0
2026-03-09 11:25:00+09:00,6171,土木管理総合試験所,6171.T,スタンダード,intraday_5m,413.0,0.0024271844660195274,0.3287671232876712,0.00296553444981161,46.15384615384615,-0.04398148148148151,5873063936.0,16.454184,1.1351081,0.09596,2.78,0.030000000000000006,20.0
2026-03-09 11:30:00+09:00,6176,ブランジスタ,6176.T,スタンダード,intraday_5m,963.0,-0.0010373443983402453,0.0,0.0032607604140211925,55.99999999999999,-0.038922155688622784,13453410304.0,19.337349,2.0317829,0.12773,2.99,0.030000000000000006,20.0
2026-03-09 11:30:00+09:00,6185,ＳＭＮ,6185.T,スタンダード,intraday_5m,398.0,-0.0050000000000000044,0.0,0.005724180520462787,25.0,-0.05238095238095242,5821559296.0,12.321981,1.3980757,0.11998,,0.05,20.0
2026-03-09 11:05:00+09:00,6186,一蔵,6186.T,スタンダード,intraday_5m,378.0,0.005319148936170137,0.5,0.0069883957087650255,,-0.010471204188481686,2089708032.0,,0.53956217,-0.03684,3.66,-0.010000000000000004,20.0
2026-03-09 11:25:00+09:00,6189,グローバルキッズＣＯＭＰＡＮＹ,6189.T,スタンダード,intraday_5m,1080.0,0.0,0.6857142857142857,0.003566298627504048,50.0,-0.004608294930875556,10264195072.0,142.10527,1.3274026,0.02331,3.69,0.030000000000000006,20.0
2026-03-09 11:30:00+09:00,6199,セラク,6199.T,スタンダード,intraday_5m,1450.0,0.0020732550103663705,0.0,0.0027786810541482205,46.15384615384615,-0.047306176084099816,19212783616.0,11.423619,2.1240253,0.18562001,1.14,0.02,20.0
2026-03-09 11:30:00+09:00,6203,豊和工業,6203.T,スタンダード,intraday_5m,1606.0,0.0,0.0,0.0037979265164811973,51.315789473684205,-0.08801817149346958,19386298368.0,62.906384,0.9520919,0.02298,1.14,0.02,20.0
2026-03-09 11:30:00+09:00,6208,石川製作所,6208.T,スタンダード,intraday_5m,2367.0,-0.0050441361916772065,0.0,0.004808068023421076,40.23668639053254,-0.08856372737774354,14763613184.0,43.607224,2.4993427,0.08612,0.58,0.02,20.0
2026-03-09 11:25:00+09:00,6210,ＴＯＹＯイノベックス,6210.T,スタンダード,intraday_5m,658.0,0.0,0.0,0.003810400933857243,50.0,-0.013493253373313308,13474795520.0,,0.83800733,-0.026129998,5.25,0.02,20.0
2026-03-09 11:20:00+09:00,6217,津田駒工業,6217.T,スタンダード,intraday_5m,512.0,0.0039215686274509665,0.27906976744186046,0.004040565142305791,51.85185185185185,-0.09219858156028371,3270374400.0,,1.1491234,-0.087460004,,0.01,20.0
2026-03-09 11:05:00+09:00,6218,エンシュウ,6218.T,スタンダード,intraday_5m,555.0,0.009090909090909038,0.0,0.010783978243290505,33.33333333333333,-0.05128205128205132,3498821632.0,,0.34065005,-0.12376001,1.71,0.04,20.0
2026-03-09 11:30:00+09:00,6223,西部技研,6223.T,スタンダード,intraday_5m,2263.0,0.0,0.0,0.003846033501308016,44.76190476190476,-0.08750000000000002,46391500800.0,13.90989,1.4004129,0.112220004,2.82,0.030000000000000006,20.0
2026-03-09 11:30:00+09:00,6226,守谷輸送機工業,6226.T,スタンダード,intraday_5m,4855.0,-0.0020554984583761593,0.0,0.004154305843771049,31.914893617021278,-0.1140510948905109,85584076800.0,25.38562,6.3045726,0.31624,0.93,0.02,20.0
2026-03-09 11:30:00+09:00,6227,ＡＩメカテック,6227.T,スタンダード,intraday_5m,20020.0,-0.0024912805181863673,0.0,0.01074719906418543,50.56603773584906,-0.1137671536077911,125537214464.0,42.00147,9.973233,0.26426,0.08,0.01,20.0
2026-03-09 11:25:00+09:00,6228,ジェイ・イー・ティ,6228.T,スタンダード,intraday_5m,621.0,0.004854368932038833,0.0,0.004037380098374905,45.45454545454546,-0.0745156482861401,8151464448.0,,0.83101934,-0.23634,0.92,-0.02,20.0
2026-03-09 11:25:00+09:00,6229,オーケーエム,6229.T,スタンダード,intraday_5m,2010.0,0.003996003996004083,0.0,0.0038505331348306572,70.7070707070707,-0.05188679245283023,8838275072.0,13.186381,0.8372788,0.07171,1.89,0.030000000000000006,20.0
2026-03-09 11:05:00+09:00,6230,ＳＡＮＥＩ,6230.T,スタンダード,intraday_5m,2145.0,0.0,0.7741935483870969,0.0037391640900686957,10.144927536231876,-0.025000000000000022,9819484160.0,8.011504,0.6618289,0.08351,2.91,0.030000000000000006,20.0
2026-03-09 11:30:00+09:00,6231,木村工機,6231.T,スタンダード,intraday_5m,14050.0,-0.0174825174825175,0.0,0.017922673569512503,27.34375,-0.09935897435897434,50063073280.0,16.803005,3.6466057,0.25661,1.15,0.04,20.0
2026-03-09 10:20:00+09:00,6233,ＫＬＡＳＳ,6233.T,スタンダード,intraday_5m,391.0,-0.0050890585241730735,0.5925925925925926,0.004634402117745335,,-0.010126582278481067,2029064448.0,12.176891,0.67208,0.05651,2.53,0.022222222222222223,18.0
2026-03-09 11:20:00+09:00,6239,ナガオカ,6239.T,スタンダード,intraday_5m,1411.0,-0.006338028169014076,0.0,0.010931635804966743,32.07547169811322,-0.0368600682593857,9829764096.0,12.962793,1.2954355,0.10383,2.39,-0.01,20.0
2026-03-09 11:30:00+09:00,6245,ヒラノテクシード,6245.T,スタンダード,intraday_5m,1730.0,0.002317497103128563,0.0,0.00203581800746804,39.02439024390244,-0.04683195592286504,26189131776.0,27.871758,0.6687055,0.019650001,4.63,0.06315789473684211,19.0
2026-03-09 11:25:00+09:00,6246,テクノスマート,6246.T,スタンダード,intraday_5m,1920.0,0.0,0.0,0.007227864061037154,19.69696969696969,-0.03903903903903905,22062057472.0,9.384164,1.0592262,0.13655,4.4,0.06,20.0
2026-03-09 10:55:00+09:00,6248,横田製作所,6248.T,スタンダード,intraday_5m,1812.0,-0.0005515719801434393,1.0,0.0061801335317251075,,-0.008752735229759279,3361459200.0,10.797926,1.130662,0.12169,3.01,0.02,20.0
2026-03-09 11:30:00+09:00,6249,ゲームカードホールディングス,6249.T,スタンダード,intraday_5m,2820.0,-0.001769911504424737,0.0,0.002585038038259033,35.71428571428572,-0.020493226814866317,39555510272.0,8.286806,0.6513641,0.06185,3.47,0.0,20.0
2026-03-09 11:30:00+09:00,6257,藤商事,6257.T,スタンダード,intraday_5m,1011.0,0.0,0.0,0.0017556489401331804,50.0,-0.022243713733075432,21154721792.0,,0.49562517,-0.100030005,4.84,-0.01,20.0
2026-03-09 11:30:00+09:00,6262,ＰＥＧＡＳＵＳ,6262.T,スタンダード,intraday_5m,745.0,0.0,0.0,0.004726802102070914,44.444444444444436,-0.03870967741935483,17836435456.0,16.181581,0.57731485,0.02339,5.16,0.0,20.0
2026-03-09 10:50:00+09:00,6265,コンバム,6265.T,スタンダード,intraday_5m,2673.0,-0.004469273743016755,2.0,0.009593499061254658,,-0.004469273743016755,4064702720.0,16.50917,0.67782396,0.04131,1.86,0.04,20.0
2026-03-09 11:30:00+09:00,6267,ゼネラルパッカー,6267.T,スタンダード,intraday_5m,3790.0,-0.02570694087403602,0.0,0.043287059129852534,39.40298507462687,-0.08674698795180724,6362993152.0,8.347834,0.8601044,0.09972,3.61,0.01,20.0
2026-03-09 11:25:00+09:00,6276,シリウスビジョン,6276.T,スタンダード,intraday_5m,245.0,0.0,0.0,0.007935878750186233,45.45454545454546,-0.05769230769230771,1137973120.0,,0.6674458,-0.33626,3.03,0.01,20.0
2026-03-09 11:30:00+09:00,6286,靜甲,6286.T,スタンダード,intraday_5m,1601.0,0.0006250000000000977,0.0,0.006793888154971931,41.573033707865164,-0.02851941747572817,10339742720.0,9.902888,0.6042645,0.07468,1.7,0.05,20.0
2026-03-09 11:30:00+09:00,6291,日本エアーテック,6291.T,スタンダード,intraday_5m,1197.0,0.0,0.0,0.0024473744759104833,48.38709677419355,-0.0393258426966292,11955260416.0,10.296774,1.2437605,0.00332,4.41,0.0,20.0
2026-03-09 11:30:00+09:00,6292,カワタ,6292.T,スタンダード,intraday_5m,790.0,0.0,0.0,0.0026294610316534234,26.08695652173914,-0.025893958076448786,5518650880.0,9.779649,0.42578948,0.02523,4.69,0.02,20.0
2026-03-09 11:20:00+09:00,6307,サンセイ,6307.T,スタンダード,intraday_5m,620.0,0.003236245954692629,0.0,0.006975618870693494,56.75675675675676,-0.05775075987841949,4818531328.0,7.586882,0.973638,0.14455,2.28,0.04,20.0
2026-03-09 10:45:00+09:00,6316,丸山製作所,6316.T,スタンダード,intraday_5m,2310.0,0.0,0.5714285714285714,0.011992406178426323,,-0.03428093645484953,9127842816.0,12.525757,0.44130355,0.04815,3.14,0.030000000000000006,20.0
2026-03-09 11:30:00+09:00,6317,北川鉄工所,6317.T,スタンダード,intraday_5m,1703.0,0.004127358490566113,0.0,0.0027970696508612686,54.0,-0.048603351955307295,15756396544.0,4.868914,0.3641211,0.064569995,4.75,0.030000000000000006,20.0
2026-03-09 10:55:00+09:00,6322,タクミナ,6322.T,スタンダード,intraday_5m,1580.0,-0.007537688442211032,4.0,0.0057000585127192785,,-0.016801493466085837,10909360128.0,8.986975,0.996021,0.11094,3.11,0.030000000000000006,20.0
2026-03-09 10:55:00+09:00,6325,タカキタ,6325.T,スタンダード,intraday_5m,395.0,0.0,0.48,0.007996976021055138,35.48387096774192,-0.027093596059113323,4461014016.0,11.324541,0.5347753,0.02162,2.46,0.02,20.0
2026-03-09 11:30:00+09:00,6327,北川精機,6327.T,スタンダード,intraday_5m,1696.0,0.0,0.0,0.0059408951757318786,31.313131313131322,-0.12487100103199178,13852568576.0,27.871817,2.5590844,0.09548,0.72,0.02,20.0
2026-03-09 11:30:00+09:00,6334,明治機械,6334.T,スタンダード,intraday_5m,394.0,-0.01253132832080206,0.0,0.01030315720478421,43.18181818181818,-0.02716049382716046,4242870272.0,13.897707,1.4637753,0.06068,2.96,0.01,20.0
2026-03-09 11:30:00+09:00,6335,東京機械製作所,6335.T,スタンダード,intraday_5m,496.0,0.012244897959183598,0.0,0.010732813245659717,47.61904761904762,-0.05882352941176472,4004261632.0,590.4762,0.4917976,0.01938,,0.02,20.0
2026-03-09 11:30:00+09:00,6336,石井表記,6336.T,スタンダード,intraday_5m,879.0,0.0,0.0,0.006641864265883105,60.0,-0.06984126984126982,7029912576.0,7.99818,0.6973174,0.10516,2.12,0.01,20.0
2026-03-09 11:30:00+09:00,6337,テセック,6337.T,スタンダード,intraday_5m,2472.0,-0.0072289156626506035,0.0,0.01455483599722297,44.1860465116279,-0.07415730337078652,13003098112.0,26.45265,0.9187334,0.02056,3.75,0.1,20.0
2026-03-09 11:30:00+09:00,6338,タカトリ,6338.T,スタンダード,intraday_5m,1518.0,0.001980198019801982,0.0,0.0036409024346744337,39.99999999999999,-0.1028368794326241,8048053248.0,14.17367,0.83654016,0.06322,2.36,0.0,20.0
2026-03-09 11:10:00+09:00,6342,太平製作所,6342.T,スタンダード,intraday_5m,3000.0,0.014198782961460488,0.0,0.011120209602067457,,-0.011532125205930832,3903686912.0,23.534948,0.5405099,0.03162,1.32,0.0,20.0
2026-03-09 11:30:00+09:00,6343,フリージア・マクロス,6343.T,スタンダード,intraday_5m,167.0,0.0,0.0,0.005814481350573416,44.444444444444436,-0.0972972972972973,7515244032.0,8.287842,0.51493144,0.094510004,0.32,0.030000000000000006,20.0
2026-03-09 10:15:00+09:00,6346,キクカワエンタープライズ,6346.T,スタンダード,intraday_5m,6350.0,0.003159557661927437,1.0,0.008957099203740755,,0.006339144215530945,7702429184.0,10.938469,0.6075143,0.045300003,1.58,0.01,20.0
2026-03-09 11:05:00+09:00,6347,プラコー,6347.T,スタンダード,intraday_5m,388.0,0.0025839793281654533,0.32432432432432434,0.007928324506794818,50.0,-0.017721518987341756,3734244608.0,,2.379974,,1.52,0.0,20.0
2026-03-09 11:30:00+09:00,6356,日本ギア工業,6356.T,スタンダード,intraday_5m,1779.0,-0.005589714924538858,0.0,0.011094746037530207,41.577060931899645,-0.024671052631578982,25327841280.0,17.110704,4.6458063,0.07383,0.44,0.0,20.0
2026-03-09 11:25:00+09:00,6357,三精テクノロジーズ,6357.T,スタンダード,intraday_5m,2162.0,0.001853568118628468,0.0,0.003821325008822234,55.208333333333336,-0.0701075268817204,39303905280.0,10.424804,0.82825,0.1232,2.58,0.04,20.0
2026-03-09 11:20:00+09:00,6360,東京自働機械製作所,6360.T,スタンダード,intraday_5m,3810.0,0.0,0.0,0.020451818409047827,,-0.023076923076923106,5347354112.0,7.290471,2.2245862,0.0037,2.56,-0.010000000000000004,20.0
2026-03-09 10:35:00+09:00,6365,電業社機械製作所,6365.T,スタンダード,intraday_5m,5670.0,-0.007005253940455369,1.8,0.02096042593735213,,-0.05342237061769617,23499632640.0,7.927741,0.8190555,0.10009,3.17,0.06,20.0
2026-03-09 11:30:00+09:00,6366,千代田化工建設,6366.T,スタンダード,intraday_5m,976.0,-0.003064351378958108,0.0,0.0058421841411004025,40.298507462686565,-0.12701252236135963,252923985920.0,33.19728,2.3599563,1.2447,,0.030000000000000006,20.0
2026-03-09 11:30:00+09:00,6378,木村化工機,6378.T,スタンダード,intraday_5m,1345.0,0.003731343283582156,0.0,0.004761507130289954,54.54545454545455,-0.08627717391304346,26639468544.0,12.655251,1.36917,0.107250005,2.79,0.0,20.0
2026-03-09 11:25:00+09:00,6380,オリエンタルチエン工業,6380.T,スタンダード,intraday_5m,3300.0,0.010719754977029039,0.0,0.019203287535967322,42.02898550724638,-0.014925373134328401,4573030912.0,28.803352,2.4351242,,0.9,0.030000000000000006,20.0
2026-03-09 11:15:00+09:00,6382,トリニティ工業,6382.T,スタンダード,intraday_5m,1272.0,-0.0031347962382445305,2.0224719101123596,0.0024555587569593403,34.61538461538463,-0.05777777777777782,20525950976.0,7.4074073,0.61486584,0.07893,4.74,0.05,20.0
2026-03-09 11:15:00+09:00,6384,昭和真空,6384.T,スタンダード,intraday_5m,1770.0,0.0,0.0,0.0075330993488953325,39.99999999999999,-0.0396093326098752,10931079168.0,15.717964,0.9666083,0.06151,3.8,0.02,20.0
2026-03-09 11:20:00+09:00,6391,加地テック,6391.T,スタンダード,intraday_5m,4355.0,-0.010227272727272751,0.0,0.020615861924202877,59.5959595959596,-0.0634408602150538,7204080128.0,15.129933,0.87332726,0.08234,1.29,0.06,20.0
2026-03-09 09:40:00+09:00,6392,ヤマダコーポレーション,6392.T,スタンダード,intraday_5m,6560.0,0.0,3.0,0.0012389952078557549,,-0.009063444108761365,15702907904.0,9.243864,0.9009261,0.08901,3.17,0.09,20.0
2026-03-09 11:10:00+09:00,6393,油研工業,6393.T,スタンダード,intraday_5m,3085.0,-0.0016181229773463146,0.0,0.007514648186124408,26.41509433962264,-0.03744149765990634,10972256256.0,9.427619,0.49498263,0.052589998,4.68,0.02,20.0
2026-03-06 00:00:00+09:00,6396,宇野澤組鐵工所,6396.T,スタンダード,daily_fallback,4505.0,0.0,0.0,0.023367763550763754,53.36538461538461,0.0,4975277056.0,11.723223,1.3856916,0.09758,1.11,0.02,20.0
2026-03-09 11:15:00+09:00,6400,不二精機,6400.T,スタンダード,intraday_5m,285.0,-0.0034965034965035446,0.06557377049180328,0.005303846550954341,39.99999999999999,-0.03716216216216217,2307804672.0,9.041878,0.62333095,0.063769996,2.36,0.04,20.0
2026-03-09 11:20:00+09:00,6402,兼松エンジニアリング,6402.T,スタンダード,intraday_5m,1960.0,-0.003051881993896277,2.380952380952381,0.004552412003410568,67.46987951807229,-0.05995203836930452,9597973504.0,11.839323,4.3931413,-0.025339998,0.58,0.05,20.0
2026-03-09 11:10:00+09:00,6403,水道機工,6403.T,スタンダード,intraday_5m,4040.0,0.0,0.0,0.0005999647576051575,50.0,0.0,17334339584.0,29.411764,1.6583639,0.08011,1.36,0.05,20.0
2026-03-09 11:30:00+09:00,6405,鈴茂器工,6405.T,スタンダード,intraday_5m,1312.0,0.0,0.0,0.0021512143433096995,30.434782608695656,-0.04303428154631661,14638891008.0,23.571686,1.196553,0.02686,2.92,0.01,20.0
2026-03-09 11:25:00+09:00,6408,小倉クラッチ,6408.T,スタンダード,intraday_5m,3905.0,0.0012820512820512775,0.0,0.007001237481536558,,-0.03101736972704716,5842114048.0,5.277669,0.32842538,0.09011,1.24,0.04,20.0
2026-03-09 11:25:00+09:00,6424,高見沢サイバネティックス,6424.T,スタンダード,intraday_5m,915.0,-0.0021810250817884125,0.0,0.004373669633474875,,-0.005434782608695676,4024689664.0,6.8400984,0.6591991,0.078940004,2.17,0.02,20.0
2026-03-09 11:25:00+09:00,6425,ユニバーサルエンターテインメント,6425.T,スタンダード,intraday_5m,702.0,0.0,0.0540946656649136,0.0034550316370584324,50.0,-0.05771812080536909,54398586880.0,,0.4194606,-0.92678,,0.02,20.0
2026-03-09 11:30:00+09:00,6428,オーイズミ,6428.T,スタンダード,intraday_5m,335.0,-0.0029761904761904656,0.0,0.005262461196313721,18.181818181818173,-0.03179190751445082,7535884800.0,301.8018,0.39706433,0.02487,3.47,0.04,20.0
2026-03-09 11:30:00+09:00,6433,ヒーハイスト,6433.T,スタンダード,intraday_5m,1436.0,-0.00485100485100487,0.0,0.007219156816045315,41.904761904761905,-0.13493975903614452,8957647872.0,,3.5574405,-0.16271,0.12,-0.01,20.0
2026-03-09 11:30:00+09:00,6444,サンデン,6444.T,スタンダード,intraday_5m,150.0,0.0,0.0,0.005345831356373884,28.57142857142857,-0.09090909090909094,16717451264.0,60.97561,0.62586313,0.0294,,0.03529411764705883,17.0
2026-03-09 11:30:00+09:00,6466,ＴＶＥ,6466.T,スタンダード,intraday_5m,5460.0,0.026315789473684292,0.0,0.017100054049236844,48.45360824742268,-0.025000000000000022,12808531968.0,21.428572,1.0476412,0.08447,0.71,0.0,20.0
2026-03-09 10:20:00+09:00,6467,ニチダイ,6467.T,スタンダード,intraday_5m,347.0,0.0,0.38709677419354843,0.0036245767998865277,,-0.019774011299435013,3133900544.0,,0.30055624,-0.03408,1.69,-0.010000000000000004,20.0
2026-03-09 11:30:00+09:00,6469,放電精密加工研究所,6469.T,スタンダード,intraday_5m,3570.0,0.0,0.0,0.006673427760826915,50.0,-0.10750000000000004,38130204672.0,45.07576,4.8314996,0.11189,0.38,0.0,20.0
2026-03-09 11:25:00+09:00,6470,大豊工業,6470.T,スタンダード,intraday_5m,954.0,0.0,0.194331983805668,0.0028235079289007734,15.78947368421052,-0.09229305423406275,27014662144.0,1004.2105,0.38774624,0.0056,1.9,0.02,20.0
2026-03-09 11:25:00+09:00,6482,ＹＵＳＨＩＮ,6482.T,スタンダード,intraday_5m,664.0,0.0,0.22388059701492535,0.0026571056326361656,27.272727272727266,-0.054131054131054124,21959788544.0,17.744522,0.6322286,0.02836,2.85,0.02,20.0
2026-03-09 10:55:00+09:00,6484,ＫＶＫ,6484.T,スタンダード,intraday_5m,2479.0,0.013491414554374526,0.44,0.005466132710557181,,-0.012350597609561698,19901011968.0,8.427099,0.6622437,0.08094,3.19,0.06,20.0
2026-03-09 11:30:00+09:00,6485,前澤給装工業,6485.T,スタンダード,intraday_5m,1589.0,0.0031565656565657463,0.0,0.0033570563541922547,30.95238095238095,-0.048502994011976,32348985344.0,11.233652,0.8060245,0.07348,3.41,0.03157894736842106,19.0
2026-03-09 11:20:00+09:00,6488,ヨシタケ,6488.T,スタンダード,intraday_5m,956.0,0.0,0.0,0.0069994015364728355,38.46153846153846,-0.02149437052200609,12158246912.0,11.378243,0.6821662,0.05919,2.87,0.05,20.0
2026-03-09 11:30:00+09:00,6489,前澤工業,6489.T,スタンダード,intraday_5m,1981.0,-0.0025176233635447742,0.0,0.002524954416546434,43.39622641509434,-0.06202651515151514,34878087168.0,10.445006,1.1416723,0.11526,2.27,0.02,20.0
2026-03-09 11:30:00+09:00,6492,岡野バルブ製造,6492.T,スタンダード,intraday_5m,11090.0,0.0009025270758122872,0.0,0.0065691141602967126,62.16216216216216,-0.02889667250437833,17799372800.0,16.212029,1.4402686,,0.44,0.0,20.0
2026-03-09 11:30:00+09:00,6493,ＮＩＴＴＡＮ,6493.T,スタンダード,intraday_5m,619.0,-0.006420545746388395,0.0,0.0029872524139024433,39.99999999999999,-0.08970588235294119,17830645760.0,8.828983,0.5885373,0.08814,3.82,0.030000000000000006,20.0
2026-03-09 11:30:00+09:00,6494,ＮＦＫホールディングス,6494.T,スタンダード,intraday_5m,116.0,0.008695652173912993,0.0,0.006022119159258174,50.0,-0.08661417322834641,5654323712.0,33.72093,0.9641759,0.03956,,0.01,20.0
2026-03-09 11:25:00+09:00,6495,宮入バルブ製作所,6495.T,スタンダード,intraday_5m,222.0,-0.004484304932735439,0.201318154583583,0.00965821180219822,39.99999999999999,-0.038961038961038974,10690482176.0,177.6,3.5532508,0.10539,0.87,0.01,20.0
2026-03-09 11:15:00+09:00,6496,中北製作所,6496.T,スタンダード,intraday_5m,7140.0,-0.0027932960893854997,0.2608695652173913,0.010381401441863634,47.99999999999999,-0.10075566750629728,24924684288.0,15.97244,0.92378646,,1.39,0.02,20.0
2026-03-09 11:25:00+09:00,6497,ハマイ,6497.T,スタンダード,intraday_5m,1420.0,-0.0021082220660576523,0.5217391304347826,0.00989506785456203,50.0,-0.011830201809325036,9516697600.0,11.598464,0.5573541,0.05846,3.48,0.05,20.0
2026-03-09 11:25:00+09:00,6505,東洋電機製造,6505.T,スタンダード,intraday_5m,2213.0,0.0004520795660036825,0.4444444444444444,0.0034342276872388203,47.43589743589743,-0.07016806722689073,19936874496.0,9.18791,0.688642,0.080019996,3.15,0.02,20.0
2026-03-09 10:30:00+09:00,6513,オリジン,6513.T,スタンダード,intraday_5m,1060.0,-0.002822201317027262,1.8,0.002664420762274315,,-0.010270774976657293,5572043776.0,,0.24093641,-0.04517,3.27,-0.07,20.0
2026-03-09 11:30:00+09:00,6518,三相電機,6518.T,スタンダード,intraday_5m,1228.0,-0.012067578439259874,0.0,0.013041804378067519,22.75449101796407,-0.07599699021820916,5620989440.0,10.2667,0.45456246,0.05371,1.88,0.06,20.0
2026-03-09 11:30:00+09:00,6524,湖北工業,6524.T,スタンダード,intraday_5m,4360.0,0.0011481056257176547,0.0,0.005331765224019008,42.857142857142854,-0.09637305699481868,112947986432.0,37.965866,4.8190107,0.12768,0.83,0.01,20.0
2026-03-09 11:30:00+09:00,6538,ディスラプターズ,6538.T,スタンダード,intraday_5m,260.0,-0.003831417624521105,0.0,0.00563792993623247,15.384615384615387,-0.0714285714285714,5322314240.0,13.941019,2.0268164,0.26252002,1.79,0.030000000000000006,20.0
2026-03-09 11:15:00+09:00,6540,船場,6540.T,スタンダード,intraday_5m,1801.0,-0.002216066481994461,0.0,0.0033347916287468885,41.02564102564102,-0.043547530536378165,19220688896.0,10.362486,1.3170915,0.1074,4.14,0.030000000000000006,20.0
2026-03-09 11:10:00+09:00,6543,日宣,6543.T,スタンダード,intraday_5m,1230.0,-0.0016233766233766378,0.8888888888888888,0.009995840944445323,40.625,-0.023034154090548098,4755108864.0,14.159088,1.1905868,0.19594999,2.54,0.05,20.0
2026-03-09 09:55:00+09:00,6546,フルテック,6546.T,スタンダード,intraday_5m,1125.0,0.0,0.8181818181818181,0.0025653367220493527,,-0.007060900264783787,6038606336.0,15.112842,0.88180584,0.04559,2.82,-2.7755575615628915e-18,20.0
2026-03-09 11:30:00+09:00,6547,グリーンズ,6547.T,スタンダード,intraday_5m,2115.0,0.0,0.0,0.0028659399260020507,49.27536231884058,-0.06125166444740349,29050472448.0,6.0061336,2.2016275,0.4065,1.78,0.02,20.0
2026-03-09 11:25:00+09:00,6549,ディーエムソリューションズ,6549.T,スタンダード,intraday_5m,1646.0,0.0,0.0,0.010660538578883388,48.913043478260875,-0.009030704394942801,4544003584.0,10.040258,1.280358,0.16302,1.81,0.05,20.0
2026-03-09 11:25:00+09:00,6551,ツナググループ・ホールディングス,6551.T,スタンダード,intraday_5m,695.0,0.0,0.0,0.0049776111292798,50.0,-0.033379694019471495,5766706688.0,11.425283,2.7830167,0.26629,2.78,0.04,20.0
2026-03-09 10:20:00+09:00,6552,ＧａｍｅＷｉｔｈ,6552.T,スタンダード,intraday_5m,162.0,0.0,0.16901408450704228,0.008183655180696735,26.66666666666667,-0.052631578947368474,2829029376.0,,1.0420016,-0.00624,,0.02,20.0
2026-03-09 10:50:00+09:00,6555,ＭＳ＆Ｃｏｎｓｕｌｔｉｎｇ,6555.T,スタンダード,intraday_5m,410.0,0.0,0.5454545454545454,0.006015463864402791,,-0.009661835748792313,1844917632.0,,0.6408192,-0.075430006,,0.02,20.0
2026-03-09 11:25:00+09:00,6565,ＡＢホテル,6565.T,スタンダード,intraday_5m,1530.0,0.00923482849604218,0.2222222222222222,0.0057828151788583216,56.52173913043478,-0.031032298923369228,21688567808.0,7.6354923,1.4501586,0.22307,1.52,0.07,20.0
2026-03-09 10:15:00+09:00,6566,要興業,6566.T,スタンダード,intraday_5m,1505.0,-0.01051939513477973,1.4,0.014826690744417855,,-0.0358744394618834,23886319616.0,15.600705,1.1741787,0.077259995,1.86,0.030000000000000006,20.0
2026-03-09 11:05:00+09:00,6570,共和コーポレーション,6570.T,スタンダード,intraday_5m,1226.0,0.0008163265306122547,0.6233766233766234,0.013727445354569028,22.64150943396227,-0.06340718105423993,7317826048.0,7.2045603,1.3484159,0.21978001,1.91,0.05,20.0
2026-03-09 11:25:00+09:00,6578,コレックホールディングス,6578.T,スタンダード,intraday_5m,407.0,0.0024630541871921707,0.0,0.004180823315865766,50.0,-0.030952380952380953,2991002368.0,462.5,3.0181682,-0.11868,2.14,0.04,20.0
2026-03-09 11:00:00+09:00,6599,エブレン,6599.T,スタンダード,intraday_5m,2840.0,-0.050167224080267525,6.0,0.015285634221273376,5.801104972375683,-0.0673234811165846,4285409536.0,11.92676,0.8626026,0.06964,1.58,0.04,20.0
2026-03-09 11:25:00+09:00,6614,シキノハイテック,6614.T,スタンダード,intraday_5m,834.0,0.009685230024213176,0.0,0.012315128245817715,38.33333333333333,-0.057627118644067776,3662196480.0,,1.5971198,-0.04078,1.69,-0.01,20.0
2026-03-09 11:30:00+09:00,6625,ＪＡＬＣＯホールディングス,6625.T,スタンダード,intraday_5m,390.0,0.0,0.0,0.003477985838301667,35.71428571428572,-0.06024096385542166,43044388864.0,,2.491583,0.00841,4.34,0.0,20.0
2026-03-09 11:30:00+09:00,6626,ＳＥＭＩＴＥＣ,6626.T,スタンダード,intraday_5m,2648.0,0.0003777861730260845,0.0,0.0037724928247897314,42.30769230769231,-0.06793382611756427,25967269888.0,9.414776,1.0601184,0.12725,1.65,-0.01,20.0
2026-03-09 11:30:00+09:00,6627,テラプローブ,6627.T,スタンダード,intraday_5m,7870.0,0.0,0.0,0.005850405853873226,39.34426229508197,-0.1473456121343445,71593533440.0,24.018799,1.7688276,0.12211,1.19,0.04,20.0
2026-03-09 11:25:00+09:00,6629,テクノホライゾン,6629.T,スタンダード,intraday_5m,900.0,0.0033444816053511683,0.13333333333333333,0.003697146364794582,37.83783783783784,-0.08814589665653494,12129298432.0,103.56732,1.1901976,-0.0012899999,2.03,0.030000000000000006,20.0
2026-03-09 11:20:00+09:00,6633,ＣＧＳホールディングス,6633.T,スタンダード,intraday_5m,334.0,0.0121212121212122,0.2181818181818182,0.005974898039151057,28.57142857142857,-0.026239067055393583,3173456640.0,11.577123,0.9441989,0.09349,2.92,0.04,20.0
2026-03-09 11:30:00+09:00,6634,ネクスグループ,6634.T,スタンダード,intraday_5m,99.0,0.0,0.0,0.007923460645036455,50.0,-0.02941176470588236,3434540800.0,,1.1766105,-0.19795999,,0.01,20.0
2026-03-09 11:30:00+09:00,6635,大日光・エンジニアリング,6635.T,スタンダード,intraday_5m,709.0,0.0128571428571429,0.0,0.010374392898108646,87.3015873015873,-0.04059539918809196,4701816320.0,17.733868,0.6771923,0.03765,2.17,0.06,20.0
2026-03-09 11:30:00+09:00,6637,寺崎電気産業,6637.T,スタンダード,intraday_5m,3675.0,-0.0027137042062415073,0.0,0.002619101710548626,45.00000000000001,-0.09815950920245398,45072678912.0,9.96502,0.8964963,0.08767,1.06,0.02,20.0
2026-03-09 11:30:00+09:00,6643,戸上電機製作所,6643.T,スタンダード,intraday_5m,5790.0,0.0,0.0,0.007280849717896599,53.48837209302325,-0.13063063063063063,27330004992.0,12.227314,1.1653819,0.10018,1.95,0.01,20.0
2026-03-09 11:00:00+09:00,6647,森尾電機,6647.T,スタンダード,intraday_5m,2565.0,-0.0015570260801868185,0.34285714285714286,0.004900274499468781,17.721518987341767,-0.042910447761194015,3394703104.0,6.202844,0.59925944,0.13708,1.87,-0.020000000000000004,20.0
2026-03-09 11:30:00+09:00,6648,かわでん,6648.T,スタンダード,intraday_5m,2150.0,0.009863785814936632,0.0,0.0047390194669672155,58.26086956521739,-0.06602953953084278,34433691648.0,12.114041,4.3730206,0.011109999,2.35,0.02,20.0
2026-03-09 11:30:00+09:00,6654,不二電機工業,6654.T,スタンダード,intraday_5m,1055.0,0.0,0.0,0.006172812920410346,46.875,-0.03740875912408759,5476578816.0,28.817263,0.5408939,0.01692,2.92,0.04,20.0
2026-03-09 11:25:00+09:00,6656,インスペック,6656.T,スタンダード,intraday_5m,552.0,0.0036363636363636598,0.5863192182410423,0.004658453513143876,22.58064516129032,-0.0738255033557047,2214959616.0,,1.8915966,-0.56275004,,0.0,20.0
2026-03-09 11:30:00+09:00,6658,シライ電子工業,6658.T,スタンダード,intraday_5m,744.0,-0.0013422818791946067,0.0,0.002895331759966349,52.17391304347826,-0.06297229219143574,11098461184.0,6.1164093,1.0773491,0.19188,4.41,0.030000000000000006,20.0
2026-03-09 11:30:00+09:00,6659,メディアリンクス,6659.T,スタンダード,intraday_5m,41.0,0.0,0.0,0.01637631864724163,42.857142857142854,-0.06818181818181823,2932871168.0,,0.92613506,-0.15957,,0.01,20.0
2026-03-09 10:35:00+09:00,6662,ユビテック,6662.T,スタンダード,intraday_5m,222.0,-0.004484304932735439,1.5384615384615385,0.009276015648882908,27.272727272727266,-0.038961038961038974,3283735296.0,,2.1689217,-0.19393,,0.030000000000000006,20.0
2026-03-09 11:30:00+09:00,6663,太洋テクノレックス,6663.T,スタンダード,intraday_5m,321.0,0.0,0.0,0.003340478597012357,45.45454545454546,-0.0749279538904899,1921561472.0,,0.7202251,0.0509,0.86,0.02,20.0
2026-03-09 11:30:00+09:00,6664,オプトエレクトロニクス,6664.T,スタンダード,intraday_5m,284.0,0.0,0.0,0.021935455679221092,36.8421052631579,-0.08387096774193548,4260000000.0,,0.33929124,-0.044889998,,0.02,20.0
2026-03-09 11:30:00+09:00,6666,リバーエレテック,6666.T,スタンダード,intraday_5m,612.0,-0.00649350649350644,0.0,0.0067035158675730275,37.83783783783784,-0.09999999999999998,5036739072.0,,1.1602709,-0.02776,1.47,0.01,20.0
2026-03-09 11:25:00+09:00,6668,アドテック　プラズマ　テクノロジー,6668.T,スタンダード,intraday_5m,1796.0,0.007291082445316954,0.6808510638297872,0.004200739421029558,54.63917525773196,-0.0431539690996271,15386811392.0,7.6608086,1.145108,0.13802,1.28,0.0,20.0
2026-03-09 11:30:00+09:00,6670,ＭＣＪ,6670.T,スタンダード,intraday_5m,2227.0,0.0,0.0,0.0017688836966573882,37.037037037037045,-0.02152899824253074,209652776960.0,15.240898,2.233831,0.17132999,3.78,0.01,20.0
2026-03-09 11:25:00+09:00,6675,サクサ,6675.T,スタンダード,intraday_5m,7590.0,0.0,0.0,0.003758605178401238,42.42424242424243,-0.03924050632911391,44084572160.0,13.764463,1.455123,0.058179997,1.71,-0.01,20.0
2026-03-09 11:30:00+09:00,6676,ＢＵＦＦＡＬＯ,6676.T,スタンダード,intraday_5m,4670.0,0.0,0.0,0.002607763370955518,57.692307692307686,-0.05081300813008127,55295938560.0,7.6547337,1.3334898,0.20099,2.44,0.030000000000000006,20.0
2026-03-09 11:30:00+09:00,6677,エスケーエレクトロニクス,6677.T,スタンダード,intraday_5m,3075.0,-0.0016233766233766378,0.0,0.0030158167909381957,42.857142857142854,-0.07796101949025491,31931437056.0,11.686238,0.9204531,0.08141,4.56,0.02,20.0
2026-03-09 11:00:00+09:00,6678,テクノメディカ,6678.T,スタンダード,intraday_5m,2303.0,0.0008691873098651826,0.21428571428571427,0.014009050379897994,27.075812274368218,-0.04479469099958522,15973872640.0,16.189806,1.1085376,0.07338,2.82,0.04,20.0
2026-03-09 10:55:00+09:00,6694,ズーム,6694.T,スタンダード,intraday_5m,631.0,0.0,0.5454545454545454,0.005880668325467409,43.33333333333333,-0.009419152276295084,2734518528.0,,0.48400113,-0.19816999,5.02,0.010526315789473684,19.0
2026-03-09 11:30:00+09:00,6721,ウインテスト,6721.T,スタンダード,intraday_5m,104.0,-0.00952380952380949,0.0,0.01009146725925385,39.99999999999999,-0.07964601769911506,5578663936.0,,16.219587,-2.38388,,0.02,20.0
2026-03-09 11:30:00+09:00,6730,アクセル,6730.T,スタンダード,intraday_5m,1119.0,0.0,0.0,0.0025398853981948868,33.33333333333333,-0.04846938775510201,12051727360.0,10.655113,0.87628216,0.094280005,4.17,0.06000000000000001,20.0
2026-03-09 11:25:00+09:00,6731,ピクセラ,6731.T,スタンダード,intraday_5m,42.0,0.0,0.4646098003629764,0.009839331441851206,,0.024390243902439046,4299765248.0,,7.1905494,-2.25253,,0.02,20.0
2026-03-09 10:50:00+09:00,6734,ニューテック,6734.T,スタンダード,intraday_5m,2626.0,-0.001520912547528508,4.0,0.0014323085582150833,,-0.0003806623524933439,5109310976.0,15.331621,1.7875389,0.13574,3.79,0.02,20.0
2026-03-09 11:25:00+09:00,6736,サン電子,6736.T,スタンダード,intraday_5m,6820.0,0.002941176470588225,0.0,0.008002333281169666,33.33333333333333,-0.0657534246575342,146751537152.0,7.1480227,3.2653985,0.16823,1.37,0.01,20.0
2026-03-09 11:20:00+09:00,6743,大同信号,6743.T,スタンダード,intraday_5m,776.0,0.0038809831824062613,0.9230769230769231,0.0032488581967835928,71.42857142857143,-0.061668681983071294,12307898368.0,8.318148,0.46494406,0.044549998,3.02,0.04,20.0
2026-03-09 11:30:00+09:00,6748,星和電機,6748.T,スタンダード,intraday_5m,758.0,0.0013210039630118242,0.0,0.0019210286427142546,42.857142857142854,-0.054862842892768104,9803973632.0,6.3772507,0.5145422,0.06777,2.49,0.04,20.0
2026-03-09 11:25:00+09:00,6757,ＯＳＧコーポレーション,6757.T,スタンダード,intraday_5m,798.0,0.0012547051442910462,0.0,0.0060629928107653296,45.45454545454546,-0.022058823529411797,4150520064.0,78.2353,1.7430736,-0.040289998,4.9,-0.02,20.0
2026-03-09 11:25:00+09:00,6769,ザインエレクトロニクス,6769.T,スタンダード,intraday_5m,824.0,0.0012150668286756705,0.48,0.0035091740308121873,34.78260869565217,-0.05936073059360736,8662187008.0,,0.99284047,-0.03642,1.71,0.01,20.0
2026-03-09 11:05:00+09:00,6771,池上通信機,6771.T,スタンダード,intraday_5m,745.0,0.0,0.0,0.0075112773580469855,50.0,-0.05095541401273884,4779238400.0,11.673456,0.37327063,0.054920003,1.91,0.02,20.0
2026-03-09 11:20:00+09:00,6772,東京コスモス電機,6772.T,スタンダード,intraday_5m,1200.0,0.023017902813299296,0.0,0.014231248626135123,23.628691983122366,-0.08466819221967958,8113542144.0,20.946064,1.0588051,0.02622,3.05,0.02,20.0
2026-03-09 11:25:00+09:00,6775,ＴＢグループ,6775.T,スタンダード,intraday_5m,144.0,0.0,0.4944320712694878,0.010910437037312632,45.45454545454546,-0.06493506493506496,2013004928.0,,4.3766336,-0.41998002,,0.0,20.0
2026-03-09 11:25:00+09:00,6776,天昇電気工業,6776.T,スタンダード,intraday_5m,266.0,0.0037735849056603765,0.0,0.005335899986440058,29.411764705882362,-0.022058823529411797,4525701120.0,4.4571047,0.43016386,0.09892,1.84,0.030000000000000006,20.0
2026-03-09 11:30:00+09:00,6777,ｓａｎｔｅｃ　Ｈｏｌｄｉｎｇｓ,6777.T,スタンダード,intraday_5m,20340.0,0.0004918839153960075,0.0,0.007044911319429118,33.87096774193549,-0.16570959803117313,239207268352.0,43.910023,9.642708,0.27039,0.82,0.0,20.0
2026-03-09 10:50:00+09:00,6778,アルチザネットワークス,6778.T,スタンダード,intraday_5m,608.0,-0.0016420361247947435,0.25,0.005642411176045015,27.272727272727266,-0.01935483870967747,5337954304.0,41.025642,0.8337951,0.02882,3.23,0.04,20.0
2026-03-09 11:20:00+09:00,6786,ＲＶＨ,6786.T,スタンダード,intraday_5m,52.0,0.0,0.0,0.01562881575214647,44.444444444444436,-0.018867924528301883,1316693376.0,,2.0350657,-0.37719002,,0.0,20.0
2026-03-09 11:25:00+09:00,6797,名古屋電機工業,6797.T,スタンダード,intraday_5m,1220.0,0.0,0.0,0.005851572785808412,33.33333333333333,-0.008935824532900094,14340799488.0,6.494543,0.63460755,0.088,3.66,-0.01,20.0
2026-03-09 11:30:00+09:00,6803,ティアック,6803.T,スタンダード,intraday_5m,116.0,0.0,0.0,0.007163572305116252,44.444444444444436,-0.06451612903225812,3341060864.0,14.929215,0.87596095,0.14099,0.81,0.02,20.0
2026-03-09 11:25:00+09:00,6819,伊豆シャボテンリゾート,6819.T,スタンダード,intraday_5m,494.0,0.0020283975659229903,0.0,0.0018098873826078333,39.99999999999999,-0.01002004008016033,9141437440.0,9.86028,1.4798926,0.16562,3.01,0.02,20.0
2026-03-09 11:15:00+09:00,6822,大井電気,6822.T,スタンダード,intraday_5m,4945.0,0.006103763987792554,0.0,0.01330786915188999,26.984126984126988,-0.07914338919925512,6615796736.0,4.924367,0.8419287,0.15621,1.3,0.02,20.0
2026-03-09 11:25:00+09:00,6824,新コスモス電機,6824.T,スタンダード,intraday_5m,4650.0,0.0021551724137931494,0.0,0.00995977481519542,33.33333333333333,-0.07554671968190851,57478246400.0,17.02486,1.1125568,0.0929,1.79,0.06,20.0
2026-03-09 11:30:00+09:00,6832,アオイ電子,6832.T,スタンダード,intraday_5m,2417.0,0.00498960498960499,0.0,0.005537588568419205,43.99999999999999,-0.07783288821060663,27067830272.0,236.49706,0.63064766,-0.00125,2.06,0.030000000000000006,20.0
2026-03-09 10:25:00+09:00,6834,精工技研,6834.T,スタンダード,intraday_5m,23730.0,0.0,0.11314824515453116,0.017371747673902864,14.130434782608688,-0.1740341106856944,212132134912.0,57.759712,6.805234,0.16554001,0.42,0.030000000000000006,20.0
2026-03-09 11:30:00+09:00,6835,アライドテレシスホールディングス,6835.T,スタンダード,intraday_5m,254.0,-0.0039215686274509665,0.0,0.006210301758888458,39.99999999999999,-0.10877192982456141,26720843776.0,9.216255,1.2504739,0.14329,3.51,0.030000000000000006,20.0
2026-03-09 11:25:00+09:00,6836,ぷらっとホーム,6836.T,スタンダード,intraday_5m,794.0,0.002525252525252597,0.0,0.004089095260118809,44.11764705882352,-0.04796163069544368,3768252416.0,132.33333,8.866456,-0.11675,,0.01,20.0
2026-03-09 11:25:00+09:00,6837,京写,6837.T,スタンダード,intraday_5m,289.0,0.003472222222222321,0.0,0.005898610427226412,30.769230769230774,-0.026936026936026924,4219432704.0,9.292604,0.45336744,0.02657,1.68,-0.010000000000000004,20.0
2026-03-09 11:25:00+09:00,6838,多摩川ホールディングス,6838.T,スタンダード,intraday_5m,885.0,0.0011312217194570096,0.147239263803681,0.004972008166739204,48.21428571428571,-0.10515672396359954,6038702080.0,21.664627,1.0554461,0.052789997,0.51,0.04,20.0
2026-03-09 11:25:00+09:00,6840,ＡＫＩＢＡホールディングス,6840.T,スタンダード,intraday_5m,456.0,0.00219780219780219,0.416,0.004233302005236843,45.00000000000001,-0.09343936381709739,4188168448.0,11.653462,1.0831894,0.12189,,0.01,20.0
2026-03-09 11:15:00+09:00,6848,東亜ディーケーケー,6848.T,スタンダード,intraday_5m,906.0,-0.0011025358324145973,0.2926829268292683,0.0072299834242755346,29.23076923076924,-0.02685284640171859,17669926912.0,17.503864,0.8012905,0.03601,2.36,-0.030000000000000006,20.0
2026-03-09 11:25:00+09:00,6853,共和電業,6853.T,スタンダード,intraday_5m,744.0,-0.0013422818791946067,0.0,0.003197827353021783,29.629629629629633,-0.05343511450381677,18884655104.0,19.121048,1.0440552,0.056810003,2.67,0.05,20.0
2026-03-09 11:30:00+09:00,6855,日本電子材料,6855.T,スタンダード,intraday_5m,6450.0,-0.001547987616099089,0.0,0.0065690103688153464,49.122807017543856,-0.12955465587044535,81595867136.0,21.439255,2.6858828,0.17232001,1.35,0.0,20.0
2026-03-09 11:25:00+09:00,6858,小野測器,6858.T,スタンダード,intraday_5m,828.0,0.0012091898428052694,0.0,0.0033171633204367407,65.71428571428572,-0.07999999999999996,8631222272.0,19.246862,0.5554866,0.02743,3.33,0.02,20.0
2026-03-09 11:30:00+09:00,6862,ミナトホールディングス,6862.T,スタンダード,intraday_5m,2293.0,-0.004342162396873683,0.0,0.006420246533347085,46.44549763033175,-0.13796992481203008,17070188544.0,31.007439,2.2763011,0.23021,0.68,0.01,20.0
2026-03-09 11:30:00+09:00,6863,ニレコ,6863.T,スタンダード,intraday_5m,2148.0,0.0,0.0,0.003675767631235195,51.21951219512195,-0.07213822894168465,15374604288.0,10.665343,0.9602523,0.084350005,4.32,0.01,20.0
2026-03-09 11:15:00+09:00,6864,エヌエフホールディングス,6864.T,スタンダード,intraday_5m,1266.0,-0.007058823529411784,0.5517241379310345,0.006285530330407303,41.99999999999999,-0.06774668630338732,8885768192.0,,0.72357947,-0.02337,2.5,-0.05,20.0
2026-03-09 10:40:00+09:00,6867,リーダー電子,6867.T,スタンダード,intraday_5m,432.0,0.0,0.3037974683544304,0.0055095771746219765,11.764705882352942,-0.03139013452914796,1851435776.0,23.920267,0.86232364,-0.009380001,3.36,0.02,20.0
2026-03-09 11:00:00+09:00,6870,日本フェンオール,6870.T,スタンダード,intraday_5m,1972.0,-0.0005068423720222537,0.6000000000000001,0.018527522423149284,,-0.033333333333333326,11057946624.0,10.048408,0.7570302,0.08846,3.82,0.0,20.0
2026-03-09 11:25:00+09:00,6874,協立電機,6874.T,スタンダード,intraday_5m,2755.0,-0.002895403546869346,0.0,0.007908650871042814,27.19665271966528,-0.039400278940027844,22171617280.0,10.197283,1.0627575,0.110860005,3.14,0.02,20.0
2026-03-09 11:30:00+09:00,6877,ＯＢＡＲＡ　ＧＲＯＵＰ,6877.T,スタンダード,intraday_5m,5930.0,0.0,0.0,0.0037772521203937653,28.0,-0.060221870047543535,90458079232.0,15.662969,1.1784003,0.09546,2.38,0.05,20.0
2026-03-09 11:30:00+09:00,6882,三社電機製作所,6882.T,スタンダード,intraday_5m,978.0,0.0,0.0,0.0023205474998586263,40.74074074074074,-0.05324298160696994,13017647104.0,37.572033,0.53318244,0.0035100002,5.81,0.0,20.0
2026-03-09 11:25:00+09:00,6888,アクモス,6888.T,スタンダード,intraday_5m,539.0,0.0018587360594795044,0.0,0.004979544530382936,46.15384615384615,-0.025316455696202556,5362002944.0,15.183099,1.7352782,0.111499995,4.52,-0.02,20.0
2026-03-09 11:30:00+09:00,6890,フェローテック,6890.T,スタンダード,intraday_5m,5780.0,0.0,0.0,0.004364793369483054,58.62068965517242,-0.08253968253968258,270725644288.0,24.207396,1.1595832,0.052670002,2.35,0.02,20.0
2026-03-09 11:30:00+09:00,6894,パルステック工業,6894.T,スタンダード,intraday_5m,2178.0,0.009267840593141896,0.0,0.008567042937902431,,-0.053043478260869525,2979791616.0,7.421289,0.76734126,0.10787,3.48,0.04,20.0
2026-03-09 11:05:00+09:00,6897,ツインバード,6897.T,スタンダード,intraday_5m,408.0,-0.004878048780487809,1.4545454545454546,0.0026941206384216046,39.99999999999999,-0.01210653753026636,4349125120.0,,0.5221705,0.008119999,3.15,0.0,20.0
2026-03-09 10:40:00+09:00,6898,トミタ電機,6898.T,スタンダード,intraday_5m,3550.0,-0.002808988764044895,0.019002375296912115,0.0054746759081059524,,-0.01388888888888884,2899966720.0,113.34611,0.73612297,0.02747,,-0.05,20.0
2026-03-09 11:25:00+09:00,6899,ＡＳＴＩ,6899.T,スタンダード,intraday_5m,2433.0,-0.00041084634346755244,0.0,0.005927602603927659,36.02941176470588,-0.05330739299610898,7604854784.0,8.4149,0.3044796,0.01748,4.28,0.0,20.0
2026-03-09 10:55:00+09:00,6901,澤藤電機,6901.T,スタンダード,intraday_5m,1291.0,0.0,1.25,0.0,,0.0,5570451968.0,,0.44688028,0.0015,2.48,0.01,20.0
2026-03-09 11:20:00+09:00,6904,原田工業,6904.T,スタンダード,intraday_5m,478.0,0.0,0.0,0.002914622118725905,0.0,-0.008298755186721962,10110623744.0,11.735822,0.71535254,0.08951,1.56,0.06000000000000001,20.0
2026-03-09 11:25:00+09:00,6907,ジオマテック,6907.T,スタンダード,intraday_5m,1141.0,0.0,0.15000000000000002,0.0051125326389211845,42.10526315789474,-0.11275272161741834,9025634304.0,16.836359,0.8575427,0.0022,,0.01,20.0
2026-03-09 11:20:00+09:00,6912,菊水ホールディングス,6912.T,スタンダード,intraday_5m,2121.0,0.0,0.0,0.005971524994223052,15.723270440251568,-0.0535475234270415,17662498816.0,12.025855,1.1656966,0.11161,2.37,0.02,20.0
2026-03-09 11:30:00+09:00,6915,千代田インテグレ,6915.T,スタンダード,intraday_5m,3170.0,0.0,0.0,0.008772485161990366,45.45454545454546,-0.03793626707132014,30258817024.0,4.531614,0.7216573,0.064109996,4.86,0.01,20.0
2026-03-09 11:25:00+09:00,6918,アバールデータ,6918.T,スタンダード,intraday_5m,2599.0,0.004638577502899199,0.0,0.0037853300829196247,45.833333333333336,-0.04763649688530602,15324231680.0,19.966198,1.64206,0.068969995,1.98,0.0,20.0
2026-03-09 11:20:00+09:00,6919,ケル,6919.T,スタンダード,intraday_5m,1498.0,0.0026773761713521083,0.5825242718446602,0.003133276893853433,43.75,-0.038510911424903704,10898456576.0,33.156265,0.7178778,0.01477,5.13,-0.010000000000000004,20.0
2026-03-09 11:00:00+09:00,6926,岡谷電機産業,6926.T,スタンダード,intraday_5m,203.0,-0.004901960784313708,4.666666666666667,0.0031369339772024077,33.33333333333333,-0.009756097560975618,4543964160.0,,0.7284393,-0.25553,,-0.010000000000000004,20.0
2026-03-09 11:25:00+09:00,6927,ヘリオス　テクノ　ホールディング,6927.T,スタンダード,intraday_5m,1295.0,0.0015467904098993568,0.24705882352941175,0.002681352570734575,42.857142857142854,-0.040740740740740744,23506409472.0,37.612545,1.3541337,0.11946,5.33,0.02,20.0
2026-03-09 11:25:00+09:00,6928,エノモト,6928.T,スタンダード,intraday_5m,2811.0,0.0024964336661912334,0.27906976744186046,0.0033932526923620893,38.13559322033898,-0.11044303797468358,18545876992.0,23.409393,0.8287899,0.04804,2.53,0.04,20.0
2026-03-09 11:25:00+09:00,6932,遠藤照明,6932.T,スタンダード,intraday_5m,2645.0,-0.0018867924528301883,0.0,0.0037344012664472094,43.80952380952381,-0.080958999305073,39062994944.0,7.6016665,0.8344654,0.121020004,2.92,0.02,20.0
2026-03-09 11:10:00+09:00,6942,ソフィアホールディングス,6942.T,スタンダード,intraday_5m,1370.0,-0.0036363636363636598,0.30000000000000004,0.002317901196945377,50.0,0.00366300366300365,6341291520.0,,2.0709598,-0.05119,,-0.01,20.0
2026-03-09 09:00:00+09:00,6943,ＮＫＫスイッチズ,6943.T,スタンダード,intraday_5m,4900.0,0.0,,0.0,,0.0,4031479808.0,,0.30336308,-0.009430001,1.63,0.030000000000000006,20.0
2026-03-09 11:30:00+09:00,6946,日本アビオニクス,6946.T,スタンダード,intraday_5m,7430.0,-0.0013440860215053752,0.0,0.005808602299625564,49.122807017543856,-0.07930607187112759,109881253888.0,45.354656,7.8416886,0.2292,0.12,0.0,20.0
2026-03-09 11:25:00+09:00,6955,ＦＤＫ,6955.T,スタンダード,intraday_5m,422.0,0.0,0.0,0.0042274374992298264,42.10526315789474,-0.0786026200873362,14561152000.0,47.737556,0.82275647,0.0052300002,,0.0,20.0
2026-03-09 11:25:00+09:00,6960,フクダ電子,6960.T,スタンダード,intraday_5m,9590.0,0.0,0.0,0.009738760080435891,36.666666666666664,-0.025406504065040636,261846548480.0,14.721911,1.4424207,0.10077,1.32,0.02,20.0
2026-03-09 11:00:00+09:00,6964,サンコー,6964.T,スタンダード,intraday_5m,685.0,0.0,1.4000000000000001,0.012119562462235315,,-0.04195804195804198,6078199296.0,11.541702,0.37619606,0.03006,2.8,0.01,20.0
2026-03-09 11:25:00+09:00,6969,松尾電機,6969.T,スタンダード,intraday_5m,1005.0,0.0,0.0,0.015261649049547767,18.75,-0.10746003552397865,3223019008.0,5.3832555,1.1329931,-0.15672,,0.01,20.0
2026-03-09 10:35:00+09:00,6977,日本抵抗器製作所,6977.T,スタンダード,intraday_5m,947.0,0.01067235859124871,3.0,0.007022979154706092,50.909090909090914,-0.0031578947368421373,1171631232.0,,1.0013937,-0.19155,3.16,0.0,20.0
2026-03-09 11:30:00+09:00,6982,リード,6982.T,スタンダード,intraday_5m,620.0,0.008130081300812941,0.0,0.017040732138752023,41.66666666666667,-0.05343511450381677,1605623936.0,,0.63239044,-0.08801,1.53,-0.030000000000000006,20.0
2026-03-09 11:25:00+09:00,6989,北陸電気工業,6989.T,スタンダード,intraday_5m,2778.0,0.005792903692976026,0.0,0.00295946304945055,54.285714285714285,-0.03441084462982269,21796866048.0,8.982152,0.89655244,0.08939,3.13,0.02,20.0
2026-03-09 11:30:00+09:00,6993,大黒屋ホールディングス,6993.T,スタンダード,intraday_5m,121.0,-0.008196721311475419,0.0,0.005543929225102067,39.99999999999999,-0.06201550387596899,85645049856.0,,7.3360014,-0.26137,,0.0,20.0
2026-03-09 11:30:00+09:00,6994,指月電機製作所,6994.T,スタンダード,intraday_5m,962.0,-0.0010384215991692258,0.0,0.00517752530600471,41.269841269841265,-0.11418047882136284,24295350272.0,13.381556,0.9832701,0.08168,2.03,0.0,20.0
2026-03-09 11:30:00+09:00,6998,日本タングステン,6998.T,スタンダード,intraday_5m,2035.0,0.0,0.0,0.004788606029486082,31.632653061224488,-0.10745614035087714,9884363776.0,15.7972355,0.7527449,0.05277,2.19,0.01,20.0
2026-03-09 11:30:00+09:00,7014,名村造船所,7014.T,スタンダード,intraday_5m,4485.0,-0.00111358574610243,0.0,0.00406463716498606,48.07692307692308,-0.09576612903225812,311554211840.0,15.617383,2.4804099,0.16931999,0.81,0.0,20.0
2026-03-09 11:25:00+09:00,7018,内海造船,7018.T,スタンダード,intraday_5m,14050.0,0.0042887776983560055,0.0,0.004913015950051867,52.38095238095237,-0.08766233766233766,23811772416.0,13.65775,1.9083925,0.14825,0.65,0.01,20.0
2026-03-09 11:10:00+09:00,7021,ニッチツ,7021.T,スタンダード,intraday_5m,2166.0,0.002777777777777768,0.14814814814814814,0.009983087011431403,35.06493506493507,-0.02168021680216803,4255579136.0,33.85433,0.355717,0.009190001,1.58,0.01,20.0
2026-03-09 11:20:00+09:00,7022,サノヤスホールディングス,7022.T,スタンダード,intraday_5m,371.0,0.005420054200542035,0.07588075880758807,0.006576689266221007,52.0,-0.07940446650124067,12424366080.0,9.461872,1.1091114,0.17322999,1.86,0.01,20.0
2026-03-09 11:10:00+09:00,7030,スプリックス,7030.T,スタンダード,intraday_5m,1182.0,0.0025445292620864812,0.20689655172413793,0.006613156131468444,51.020408163265316,-0.02796052631578949,20853628928.0,19.172749,1.9663557,0.12748,3.13,0.04,20.0
2026-03-09 11:30:00+09:00,7035,ａｎｄ　ｆａｃｔｏｒｙ,7035.T,スタンダード,intraday_5m,214.0,0.0,0.0,0.00422618644421895,30.0,-0.01834862385321101,2410002176.0,,2.914142,-0.33551997,,0.021052631578947368,19.0
2026-03-09 11:15:00+09:00,7037,テノ．ホールディングス,7037.T,スタンダード,intraday_5m,812.0,0.0024691358024691024,0.0,0.013610325835857546,42.47787610619469,-0.024038461538461564,3709683712.0,,2.0563679,0.06216,2.4,0.03529411764705883,17.0
2026-03-09 11:25:00+09:00,7040,サン・ライフホールディング,7040.T,スタンダード,intraday_5m,1081.0,0.007455731593662529,0.5714285714285714,0.01288376655661017,46.0,-0.013686131386861367,6619130368.0,7.85896,0.97311556,0.123509996,3.01,0.06999999999999999,20.0
2026-03-09 11:10:00+09:00,7042,アクセスグループ・ホールディングス,7042.T,スタンダード,intraday_5m,660.0,-0.004524886877828038,0.0,0.005853036150737576,,-0.02941176470588236,2273706496.0,11.909059,1.7094903,0.15336001,2.5,0.02,20.0
2026-03-09 11:15:00+09:00,7044,ピアラ,7044.T,スタンダード,intraday_5m,477.0,-0.0020920502092049986,0.12121212121212122,0.007393732014454365,45.45454545454546,-0.04600000000000004,3419803904.0,15.362319,5.9787173,0.39685002,,0.042105263157894736,19.0
2026-03-09 09:00:00+09:00,7057,エヌ・シー・エヌ,7057.T,スタンダード,intraday_5m,1048.0,0.0,0.0,0.0018279327925889693,,0.0,3124560640.0,31.95122,1.5638475,0.06419,2.96,0.0,20.0
2026-03-09 10:00:00+09:00,7058,共栄セキュリティーサービス,7058.T,スタンダード,intraday_5m,2999.0,-0.005306799336650125,,0.0,,-0.011861614497528872,4339984896.0,19.962725,0.87889403,0.053189997,3.95,0.030000000000000006,20.0
2026-03-09 11:30:00+09:00,7060,ギークス,7060.T,スタンダード,intraday_5m,593.0,0.0,0.0,0.008400660856652902,47.61904761904762,-0.04200323101777059,6024446464.0,26.68767,2.09763,0.044889998,4.85,0.05,20.0
2026-03-09 09:20:00+09:00,7064,ハウテレビジョン,7064.T,スタンダード,intraday_5m,1201.0,0.0,0.0,0.022223999728002857,32.986111111111114,-0.04758128469468681,3267678464.0,13.9651165,2.252607,,,0.02,20.0
2026-03-09 11:20:00+09:00,7065,ユーピーアール,7065.T,スタンダード,intraday_5m,901.0,-0.0033185840707964376,2.625,0.009490310923377585,37.2093023255814,-0.050579557428872546,6901206016.0,20.552008,0.749642,0.06595,3.69,0.05,20.0
2026-03-09 11:10:00+09:00,7081,コーユーレンティア,7081.T,スタンダード,intraday_5m,1280.0,-0.002338269680436489,0.0,0.007327742177897792,69.04761904761905,-0.028831562974203306,14164426752.0,8.09307,1.1229577,0.16354999,4.1,0.01,20.0
2026-03-09 09:50:00+09:00,7087,ウイルテック,7087.T,スタンダード,intraday_5m,1312.0,-0.010558069381598756,1.0,0.004305147407131683,49.056603773584904,-0.0037965072133636646,8390275584.0,13.300892,1.006741,0.07078,3.04,0.021052631578947368,19.0
2026-03-09 11:25:00+09:00,7105,三菱ロジスネクスト,7105.T,スタンダード,intraday_5m,1526.0,0.0006557377049181135,0.11483253588516745,0.0005174901042798043,50.0,0.0,163203022848.0,,1.2591746,-0.00139,1.57,0.01,20.0
2026-03-09 11:30:00+09:00,7111,ＩＮＥＳＴ,7111.T,スタンダード,intraday_5m,464.0,0.0043290043290042934,0.0,0.011882999952338703,27.41935483870968,-0.05498981670061098,3390184448.0,,0.7421697,-0.051090002,,0.01,20.0
2026-03-09 11:30:00+09:00,7115,アルファパーチェス,7115.T,スタンダード,intraday_5m,1739.0,0.002305475504322807,0.0,0.010301189041441268,35.82089552238806,-0.03656509695290855,16855172096.0,19.743414,2.518961,0.16094999,2.05,0.030000000000000006,20.0
2026-03-09 09:40:00+09:00,7116,ダイワ通信,7116.T,スタンダード,intraday_5m,1163.0,0.0,1.5384615384615385,0.0005150214592274715,,-0.0017167381974249052,3148190976.0,,1.3936222,0.08285,1.29,0.0,20.0
2026-03-09 10:55:00+09:00,7120,ＳＨＩＮＫＯ,7120.T,スタンダード,intraday_5m,908.0,-0.003293084522502765,0.4444444444444444,0.005551810975872995,18.181818181818173,-0.03301384451544198,4271139328.0,9.139406,2.2408853,0.36783,3.73,0.02,20.0
2026-03-09 11:25:00+09:00,7122,近畿車輛,7122.T,スタンダード,intraday_5m,2234.0,0.008122743682310363,0.0,0.01107503895486587,42.36111111111111,-0.056986070071760264,15370221568.0,18.562527,0.44581446,0.01041,2.11,0.0,20.0
2026-03-09 11:00:00+09:00,7126,グローバルスタイル,7126.T,スタンダード,intraday_5m,1508.0,0.0,1.5,0.005424587824146575,46.15384615384615,-0.002645502645502673,5089508864.0,10.125563,1.920569,0.20844,2.18,0.02,20.0
2026-03-09 11:00:00+09:00,7127,一家ホールディングス,7127.T,スタンダード,intraday_5m,705.0,-0.007042253521126751,0.0,0.0034692396562836006,48.14814814814815,-0.008438818565400852,5113082880.0,,4.7775235,0.05745,,0.030000000000000006,20.0
2026-03-09 10:15:00+09:00,7129,ミアヘルサホールディングス,7129.T,スタンダード,intraday_5m,1150.0,0.0,1.263157894736842,0.0043655645162290115,,-0.017094017094017144,3215605760.0,9.598531,0.8757108,0.013780001,2.56,0.06000000000000001,20.0
2026-03-09 11:30:00+09:00,7131,のむら産業,7131.T,スタンダード,intraday_5m,3900.0,0.0,0.0,0.015135813333846162,33.65384615384616,-0.03105590062111796,5156845056.0,10.145946,2.220863,0.24365999,2.39,0.02,20.0
2026-03-09 11:30:00+09:00,7134,アップガレージグループ,7134.T,スタンダード,intraday_5m,1015.0,0.0,0.0,0.0060430284108444424,29.411764705882362,-0.024038461538461564,8029417472.0,11.375097,1.6493471,0.17042999,3.51,0.021052631578947368,19.0
2026-03-09 11:25:00+09:00,7135,ジャパンクラフトホールディングス,7135.T,スタンダード,intraday_5m,218.0,0.0,0.0,0.006021641375703386,46.15384615384615,-0.009090909090909038,8135904768.0,,0.71144414,-0.16896999,1.36,0.06,20.0
2026-03-09 11:25:00+09:00,7150,島根銀行,7150.T,スタンダード,intraday_5m,552.0,0.0,0.0,0.0096124555023078,30.0,-0.04332755632582319,4538256384.0,29.346094,0.34203666,0.02908,1.73,0.0,20.0
2026-03-09 11:25:00+09:00,7161,じもとホールディングス,7161.T,スタンダード,intraday_5m,483.0,0.006250000000000089,1.7777777777777777,0.0028383329120425143,38.46153846153846,-0.07999999999999996,12922006528.0,70.82111,0.1494803,0.02525,0.95,0.02,20.0
2026-03-09 11:30:00+09:00,7162,アストマックス,7162.T,スタンダード,intraday_5m,207.0,-0.004807692307692291,0.0,0.009999475481715484,31.818181818181827,-0.04166666666666663,2721216000.0,,0.5476379,-0.11798,3.24,0.01,20.0
2026-03-09 11:10:00+09:00,7175,今村証券,7175.T,スタンダード,intraday_5m,1290.0,0.0,0.15584415584415584,0.00901596010388973,36.92307692307693,-0.04160475482912329,6600496640.0,9.819593,0.5156638,0.07229,3.71,0.030000000000000006,20.0
2026-03-09 11:30:00+09:00,7177,ＧＭＯフィナンシャルホールディングス,7177.T,スタンダード,intraday_5m,895.0,0.0,0.0,0.001478109356835688,66.66666666666666,-0.03659849300322926,105600442368.0,10.109568,1.998303,0.2021,4.53,0.030000000000000006,20.0
2026-03-09 11:05:00+09:00,7183,あんしん保証,7183.T,スタンダード,intraday_5m,168.0,-0.00591715976331364,1.4042553191489362,0.008177740850139463,36.36363636363636,-0.06666666666666665,2918381312.0,27.272728,1.2039559,0.04422,1.67,0.05,20.0
2026-03-09 11:25:00+09:00,7185,ヒロセ通商,7185.T,スタンダード,intraday_5m,3695.0,-0.0013513513513513375,0.0,0.003916713966539138,48.38709677419355,-0.013351134846461998,22675220480.0,13.760614,1.088489,0.09155,1.04,0.030000000000000006,20.0
2026-03-09 11:25:00+09:00,7191,イントラスト,7191.T,スタンダード,intraday_5m,1131.0,0.0026595744680850686,0.11764705882352941,0.002466436876690408,47.368421052631575,-0.032506415739948724,25303889920.0,16.017561,3.3210595,0.23228,2.99,0.030000000000000006,20.0
2026-03-09 11:30:00+09:00,7192,日本モーゲージサービス,7192.T,スタンダード,intraday_5m,665.0,0.0,0.0,0.003278235638865299,54.166666666666664,-0.04040404040404044,9776817152.0,9.270877,1.0522884,0.12302,4.33,0.07,20.0
2026-03-09 11:20:00+09:00,7196,Ｃａｓａ,7196.T,スタンダード,intraday_5m,713.0,0.0,0.24,0.0023929463331581803,33.33333333333333,-0.012465373961218829,6832142848.0,6.3181214,1.0067735,0.14953,2.08,0.0,20.0
2026-03-09 11:00:00+09:00,7208,カネミツ,7208.T,スタンダード,intraday_5m,1178.0,0.004262574595055524,0.0,0.006980720450117855,46.835443037974684,-0.005907172995780585,6005658624.0,9.567901,0.5001365,0.05878,2.7,0.05,20.0
2026-03-09 11:30:00+09:00,7212,エフテック,7212.T,スタンダード,intraday_5m,729.0,0.0,0.0,0.002943655490824002,52.38095238095237,-0.0725190839694656,13539837952.0,,0.25486222,-0.071279995,2.54,0.02,20.0
2026-03-09 11:30:00+09:00,7213,レシップホールディングス,7213.T,スタンダード,intraday_5m,470.0,-0.002123142250530785,0.0,0.0037236756349104654,33.33333333333333,-0.01673640167364021,7271393792.0,5.3089347,0.6769876,0.19396,2.82,0.01,20.0
2026-03-09 10:45:00+09:00,7214,ＧＭＢ,7214.T,スタンダード,intraday_5m,910.0,0.0,0.20512820512820512,0.00762392079186427,29.702970297029694,-0.04210526315789476,4847481856.0,,0.20845063,0.02605,4.21,0.02,20.0
2026-03-09 10:55:00+09:00,7215,ファルテック,7215.T,スタンダード,intraday_5m,364.0,-0.005464480874316946,0.27906976744186046,0.0064162898866464415,25.80645161290323,-0.03703703703703709,3413545472.0,10.772418,0.18637975,0.0016699999,,-0.010000000000000004,20.0
2026-03-09 09:55:00+09:00,7217,テイン,7217.T,スタンダード,intraday_5m,393.0,0.0,1.6923076923076923,0.006012195469892185,,-0.007575757575757569,3868380672.0,22.756224,0.6009781,0.03382,8.33,0.021052631578947368,19.0
2026-03-09 11:30:00+09:00,7218,田中精密工業,7218.T,スタンダード,intraday_5m,1107.0,0.005449591280654031,0.0,0.010897893111061112,22.047244094488192,-0.05060034305317329,10754807808.0,5.9711957,0.41280064,0.06445,2.74,0.01,20.0
2026-03-09 09:00:00+09:00,7219,エッチ・ケー・エス,7219.T,スタンダード,intraday_5m,2261.0,-0.03499786598378152,0.0,0.013142932541509509,,-0.03499786598378152,3199088896.0,8.853127,0.30041215,0.02942,2.77,0.0,20.0
2026-03-09 11:30:00+09:00,7222,日産車体,7222.T,スタンダード,intraday_5m,992.0,0.0010090817356205317,0.0,0.002197506986948441,50.0,-0.04798464491362764,134369083392.0,16.38586,0.7473414,0.038399998,1.25,0.030000000000000006,20.0
2026-03-09 11:20:00+09:00,7228,デイトナ,7228.T,スタンダード,intraday_5m,3785.0,-0.0026350461133070047,0.0,0.0015301541359432136,,-0.01815823605706879,9006248960.0,7.5701513,0.95780253,0.12817,3.89,0.030000000000000006,20.0
2026-03-09 11:25:00+09:00,7229,ユタカ技研,7229.T,スタンダード,intraday_5m,3040.0,0.0,8.634146341463413,0.0010025047771794963,0.0,-0.0016420361247947435,45046874112.0,8.636364,0.41743982,0.04208,2.36,0.0,20.0
2026-03-09 11:30:00+09:00,7235,東京ラヂエーター製造,7235.T,スタンダード,intraday_5m,1542.0,0.0,0.0,0.0036418807245281776,42.59259259259259,-0.05224339274738787,14685719552.0,7.6678267,0.6387818,0.0848,3.69,0.02,20.0
2026-03-09 11:25:00+09:00,7247,ミクニ,7247.T,スタンダード,intraday_5m,389.0,0.002577319587628857,0.0,0.003491425389703485,64.28571428571428,-0.041871921182266014,13080018944.0,4.6243463,0.33041313,0.08535,3.94,0.10000000000000002,20.0
2026-03-09 11:30:00+09:00,7254,ユニバンス,7254.T,スタンダード,intraday_5m,847.0,0.0035545023696681444,0.0,0.010787659830043017,27.272727272727266,-0.07330415754923414,17675581440.0,8.32596,0.5849173,0.09348,1.75,0.030000000000000006,20.0
2026-03-09 10:40:00+09:00,7255,桜井製作所,7255.T,スタンダード,intraday_5m,630.0,0.0031847133757962887,1.2857142857142856,0.015889013896743617,,-0.045454545454545414,2092584704.0,5.6214867,0.42578816,0.06925,0.76,0.05,20.0
2026-03-09 11:30:00+09:00,7256,河西工業,7256.T,スタンダード,intraday_5m,257.0,-0.003875968992248069,0.0,0.005757862102840768,69.23076923076923,-0.0688405797101449,9944088576.0,,1.0312215,-0.21406001,,0.05,20.0
2026-03-09 11:00:00+09:00,7264,ムロコーポレーション,7264.T,スタンダード,intraday_5m,1340.0,0.0007468259895444529,0.2926829268292683,0.00726132276353677,,-0.043540328336902245,8096274432.0,39.528023,0.36478445,0.01418,3.28,-0.04,20.0
2026-03-09 11:15:00+09:00,7265,エイケン工業,7265.T,スタンダード,intraday_5m,3500.0,-0.005681818181818232,0.8181818181818181,0.01428363332379165,,-0.015471167369901506,3585672960.0,10.963539,1.1144301,0.07047,3.09,-0.02,20.0
2026-03-09 11:25:00+09:00,7266,今仙電機製作所,7266.T,スタンダード,intraday_5m,909.0,0.0022050716648291946,0.0,0.0026363857300403075,40.74074074074074,-0.06288659793814433,19308933120.0,15.669713,0.36136457,0.03924,3.09,0.030000000000000006,20.0
2026-03-09 11:25:00+09:00,7271,安永,7271.T,スタンダード,intraday_5m,961.0,0.0,0.5309734513274337,0.004445827914817128,40.0,-0.0838894184938036,9901500416.0,13.334258,0.82608896,0.10439,1.33,0.01,20.0
2026-03-09 11:25:00+09:00,7273,イクヨ,7273.T,スタンダード,intraday_5m,650.0,0.0015408320493066618,0.0,0.004649571312274369,50.0,-0.035608308605341255,19091423232.0,5.823851,1.4361246,0.32813,0.45,0.030000000000000006,20.0
2026-03-09 11:30:00+09:00,7277,ＴＢＫ,7277.T,スタンダード,intraday_5m,382.0,0.0,0.0,0.005188069302351159,50.0,-0.030456852791878153,12134941696.0,35.142593,0.35453457,0.0269,2.03,0.04,20.0
2026-03-09 11:25:00+09:00,7279,ハイレックスコーポレーション,7279.T,スタンダード,intraday_5m,3035.0,0.004966887417218624,0.5034965034965034,0.0041158498495096375,44.44444444444444,-0.09267563527653211,112188956672.0,13.502091,0.5236601,0.19784,1.58,0.05,20.0
2026-03-09 11:20:00+09:00,7284,盟和産業,7284.T,スタンダード,intraday_5m,1165.0,0.0,0.6923076923076923,0.00881427298406021,,-0.029166666666666674,4076185856.0,6.7046504,0.34815425,0.04502,4.17,0.030000000000000006,20.0
2026-03-09 11:30:00+09:00,7287,日本精機,7287.T,スタンダード,intraday_5m,2304.0,-0.0008673026886383273,0.0,0.0028173946521527072,34.28571428571429,-0.08607695358984535,132425056256.0,14.669553,0.57740104,0.04632,3.17,0.04,20.0
2026-03-09 11:20:00+09:00,7291,日本プラスト,7291.T,スタンダード,intraday_5m,416.0,0.0,0.0,0.004569618178710681,33.33333333333333,-0.07964601769911506,7864697856.0,21.010101,0.225088,0.00934,4.42,0.02,20.0
2026-03-09 11:30:00+09:00,7292,村上開明堂,7292.T,スタンダード,intraday_5m,6320.0,0.0,0.0,0.00497865728571808,29.729729729729726,-0.0453172205438066,73218801664.0,10.93558,0.80262834,0.08432999,3.17,0.05,20.0
2026-03-09 10:15:00+09:00,7297,カーメイト,7297.T,スタンダード,intraday_5m,872.0,-0.0113378684807256,1.5,0.007457118311010098,,-0.0321864594894562,6151086080.0,,0.41048953,-0.028959999,3.33,0.02,20.0
2026-03-09 11:25:00+09:00,7299,フジオーゼックス,7299.T,スタンダード,intraday_5m,1990.0,0.012722646310432628,0.0,0.00682609966111805,46.666666666666664,-0.024987751102400813,19568312320.0,8.674425,0.6363575,0.074039996,2.55,0.030000000000000006,20.0
2026-03-09 11:30:00+09:00,7305,新家工業,7305.T,スタンダード,intraday_5m,5400.0,0.0018552875695732052,0.0,0.0022692440923334028,42.857142857142854,-0.030520646319569078,25742096384.0,13.770943,0.7869601,0.05998,5.39,0.04,20.0
2026-03-09 11:20:00+09:00,7314,小田原機器,7314.T,スタンダード,intraday_5m,1142.0,0.0,0.75,0.0022746121307641192,,0.0,3653881600.0,131.56682,0.8786778,0.02315,3.5,0.010526315789473684,19.0
2026-03-09 11:30:00+09:00,7354,ダイレクトマーケティングミックス,7354.T,スタンダード,intraday_5m,289.0,0.0,0.0,0.002977186210209227,50.0,-0.07073954983922826,13419488256.0,12.748125,0.90176105,0.0939,3.05,0.030000000000000006,20.0
2026-03-09 11:05:00+09:00,7357,ジオコード,7357.T,スタンダード,intraday_5m,1390.0,0.0036101083032491488,3.2432432432432434,0.007372660206355384,24.74226804123711,-0.033379694019471495,3882402048.0,386.1111,3.4447892,0.04348,1.74,0.030000000000000006,20.0
2026-03-09 11:15:00+09:00,7358,ポピンズ,7358.T,スタンダード,intraday_5m,1372.0,0.0007293946024800047,1.1428571428571428,0.006547253148590931,42.857142857142854,-0.035839775122979645,13375241216.0,14.78767,1.4461926,0.12855,3.3,0.030000000000000006,20.0
2026-03-09 11:15:00+09:00,7367,セルム,7367.T,スタンダード,intraday_5m,325.0,0.0,0.6792452830188679,0.005753744421457725,28.57142857142857,-0.041297935103244865,7030250496.0,10.920699,2.1822038,0.22631,4.42,0.05,20.0
2026-03-09 11:20:00+09:00,7368,表示灯,7368.T,スタンダード,intraday_5m,1652.0,0.0,0.6666666666666666,0.006327505191960303,,-0.025368731563421787,7797714432.0,10.291553,0.9465541,0.100159995,3.66,0.04,20.0
2026-03-09 11:30:00+09:00,7377,ＤＮホールディングス,7377.T,スタンダード,intraday_5m,1890.0,-0.0015847860538826808,0.0,0.0032543825808342,28.070175438596493,-0.013569937369519836,15518261248.0,11.660189,1.0165253,0.10889,3.91,0.01,20.0
2026-03-09 11:30:00+09:00,7399,ナンシン,7399.T,スタンダード,intraday_5m,595.0,-0.009983361064891838,0.0,0.0077436838077490884,,-0.029363784665579096,3966290176.0,15.913346,0.33215544,0.033940002,3.26,0.02,20.0
2026-03-09 11:30:00+09:00,7412,アトム,7412.T,スタンダード,intraday_5m,627.0,0.0015974440894568342,0.0,0.0017812056971956314,54.54545454545455,-0.004761904761904745,121096445952.0,177.62039,11.659476,0.03081,,-0.020000000000000004,20.0
2026-03-09 10:05:00+09:00,7413,創健社,7413.T,スタンダード,intraday_5m,2800.0,-0.000357015351660106,,0.0,,-0.0024937655860348684,1959314048.0,53.06045,1.6408535,0.03338,0.71,-0.030000000000000006,20.0
2026-03-09 10:45:00+09:00,7416,はるやまホールディングス,7416.T,スタンダード,intraday_5m,781.0,-0.007623888182973326,0.75,0.003713809944048742,39.285714285714285,-0.006361323155216314,12246168576.0,,0.57516384,-0.03407,1.97,-0.020000000000000004,20.0
2026-03-09 11:20:00+09:00,7417,南陽,7417.T,スタンダード,intraday_5m,1509.0,-0.001323626737260053,1.3714285714285714,0.004693477624468767,33.33333333333333,-0.03516624040920713,18603474944.0,10.082181,0.7022714,0.078449994,3.71,0.04,20.0
2026-03-09 10:10:00+09:00,7422,東邦レマック,7422.T,スタンダード,intraday_5m,427.0,-0.0339366515837104,3.142857142857143,0.016255197210565262,,-0.02733485193621865,2172661504.0,34.743694,0.4117401,0.109969996,2.6,0.01,20.0
2026-03-09 10:35:00+09:00,7425,初穂商事,7425.T,スタンダード,intraday_5m,2340.0,0.0,9.777777777777779,0.010753359546775473,,0.009926629261976627,7721997824.0,8.501053,0.7647809,0.08528,3.45,0.06,20.0
2026-03-09 11:30:00+09:00,7426,山大,7426.T,スタンダード,intraday_5m,1123.0,0.0,0.0,0.01597636538136478,40.243902439024396,-0.07190082644628104,1247472256.0,,0.65651935,,2.48,-0.04,20.0
2026-03-09 11:30:00+09:00,7427,エコートレーディング,7427.T,スタンダード,intraday_5m,884.0,0.010285714285714231,0.0,0.010138566495682497,54.21686746987952,-0.023204419889502725,5369611264.0,7.1457443,0.44899878,0.058280002,3.31,-0.01,20.0
2026-03-09 11:30:00+09:00,7434,オータケ,7434.T,スタンダード,intraday_5m,1856.0,0.0,0.0,0.004626313395677319,32.58426966292136,-0.022643496577145816,7279963136.0,7.7079616,0.44544843,,1.95,0.06,20.0
2026-03-09 11:25:00+09:00,7435,ナ・デックス,7435.T,スタンダード,intraday_5m,960.0,-0.014373716632443578,4.8,0.0038431391716827247,13.461538461538453,-0.03420523138832998,7731949568.0,10.755097,0.41524863,0.04506,3.12,0.02,20.0
2026-03-09 11:20:00+09:00,7442,中山福,7442.T,スタンダード,intraday_5m,450.0,0.0,0.0,0.005483796217717024,7.142857142857139,-0.04862579281183932,8735599616.0,11.758557,0.37993023,0.02303,2.11,0.04,20.0
2026-03-09 11:30:00+09:00,7443,横浜魚類,7443.T,スタンダード,intraday_5m,696.0,0.0,0.0,0.011838001616391404,46.05263157894737,-0.008547008547008517,4355116544.0,22.130365,2.6005177,-0.02678,1.14,0.08,20.0
2026-03-09 11:30:00+09:00,7444,ハリマ共和物産,7444.T,スタンダード,intraday_5m,2015.0,0.0,0.0,0.004407223532968964,14.444444444444443,-0.02515723270440251,10846992384.0,7.178482,0.41780406,0.054190002,2.66,0.04,20.0
2026-03-09 10:20:00+09:00,7446,東北化学薬品,7446.T,スタンダード,intraday_5m,4300.0,-0.0337078651685393,,0.0,,-0.09282700421940926,3874119424.0,9.035512,0.4796483,0.06865,2.22,0.05,20.0
2026-03-09 09:35:00+09:00,7450,サンデー,7450.T,スタンダード,intraday_5m,1266.0,-0.0007892659826361781,0.28915662650602414,0.0006303205826428689,44.444444444444436,-0.001577287066246047,13651550208.0,,1.3639066,0.07926,0.39,0.01,20.0
2026-03-09 11:15:00+09:00,7455,パリミキホールディングス,7455.T,スタンダード,intraday_5m,577.0,0.0,0.25,0.0009053464762158551,66.66666666666666,0.0,33454067712.0,32.252655,0.9646007,0.03275,1.39,0.04,20.0
2026-03-09 11:20:00+09:00,7460,ヤギ,7460.T,スタンダード,intraday_5m,4220.0,-0.005889281507656108,0.0,0.009007635842789064,22.58064516129032,-0.0506186726659168,34272532480.0,9.868806,0.74724853,0.096190006,3.31,0.05,20.0
2026-03-09 10:40:00+09:00,7461,キムラ,7461.T,スタンダード,intraday_5m,492.0,-0.008064516129032251,0.5454545454545454,0.01210686198840597,33.33333333333333,-0.021868787276341894,7297656320.0,5.7909603,0.4290468,0.06302,2.78,-0.010000000000000004,20.0
2026-03-09 11:00:00+09:00,7462,ＣＡＰＩＴＡ,7462.T,スタンダード,intraday_5m,597.0,-0.00830564784053156,6.514285714285714,0.004785147120057986,41.17647058823529,-0.016474464579901205,2454266880.0,21.291012,1.2235612,0.060089998,2.64,0.02,20.0
2026-03-09 11:30:00+09:00,7463,アドヴァングループ,7463.T,スタンダード,intraday_5m,924.0,0.0,0.0,0.006388394109745732,38.888888888888886,-0.035490605427975,31209619456.0,4.3624005,0.5390197,0.09725001,4.18,0.04,20.0
2026-03-09 11:25:00+09:00,7464,セフテック,7464.T,スタンダード,intraday_5m,1682.0,-0.0005941770647652778,0.0,0.007456984735746472,,-0.02209302325581397,2986108416.0,13.232633,0.40811017,0.03042,6.98,-2.7755575615628915e-18,20.0
2026-03-09 10:45:00+09:00,7472,鳥羽洋行,7472.T,スタンダード,intraday_5m,3940.0,-0.0025316455696202667,0.8571428571428571,0.002065883028576384,29.411764705882362,-0.005050505050505083,15413548032.0,12.016225,0.724214,0.0573,3.28,-0.010000000000000004,20.0
2026-03-06 00:00:00+09:00,7477,ムラキ,7477.T,スタンダード,daily_fallback,1824.0,0.0,0.0,0.014719389916091721,41.02564102564102,0.0,2589388800.0,40.318302,0.9369683,0.02369,1.64,0.0,20.0
2026-03-09 11:25:00+09:00,7480,スズデン,7480.T,スタンダード,intraday_5m,1728.0,0.0017391304347826875,0.20338983050847456,0.002137775636506939,41.860465116279066,-0.023728813559321993,24242225152.0,14.528334,1.3533199,0.09177,4.63,0.030000000000000006,20.0
2026-03-09 11:30:00+09:00,7481,尾家産業,7481.T,スタンダード,intraday_5m,2680.0,0.019011406844106515,0.0,0.014317524288699054,50.116550116550115,0.0,22212429824.0,7.8925667,1.4075468,,3.51,0.05,20.0
2026-03-09 10:05:00+09:00,7486,サンリン,7486.T,スタンダード,intraday_5m,926.0,-0.0032292787944026013,2.270916334661355,0.026266394733299836,84.97409326424871,0.18870346598202814,11328876544.0,19.049578,0.52613485,0.03006,3.08,0.01,20.0
2026-03-09 11:10:00+09:00,7487,小津産業,7487.T,スタンダード,intraday_5m,1834.0,0.007692307692307665,1.6363636363636362,0.006032204338597228,52.5,-0.0027188689505165398,15434873856.0,33.467155,0.7918976,0.02545,1.36,0.030000000000000006,20.0
2026-03-09 11:30:00+09:00,7490,日新商事,7490.T,スタンダード,intraday_5m,1252.0,0.0,0.0,0.0063181121585092264,,-0.01649646504320501,8358907904.0,26.508575,0.31690136,0.18368,1.65,-0.010000000000000004,20.0
2026-03-09 11:25:00+09:00,7494,コナカ,7494.T,スタンダード,intraday_5m,244.0,0.0,0.0,0.0025371584246701466,39.99999999999999,-0.008130081300813052,8214476800.0,17.15893,0.50562614,0.107080005,4.07,0.02,20.0
2026-03-09 09:00:00+09:00,7500,西川計測,7500.T,スタンダード,intraday_5m,11300.0,0.0,0.0,0.016752179408265858,,0.0,38326661120.0,14.285714,9.828626,0.057210002,2.12,0.02,20.0
2026-03-09 10:30:00+09:00,7501,ティムコ,7501.T,スタンダード,intraday_5m,1751.0,0.0,0.4,0.009045348974331546,,0.004013761467889898,4336375808.0,,0.99240935,-0.028789999,0.69,0.02,20.0
2026-03-09 11:05:00+09:00,7502,プラザホールディングス,7502.T,スタンダード,intraday_5m,1795.0,0.008426966292134797,1.1428571428571428,0.0029567748768789827,,0.0039149888143177325,4178424320.0,11.824769,1.9095968,0.14477,2.8,0.030000000000000006,20.0
2026-03-09 11:00:00+09:00,7505,扶桑電通,7505.T,スタンダード,intraday_5m,1998.0,-0.0010000000000000009,0.0,0.011388187660759667,24.663677130044846,-0.051732320835310874,23276400640.0,9.215443,1.4258362,0.20476,4.13,0.030000000000000006,20.0
2026-03-09 11:10:00+09:00,7506,ハウス　オブ　ローゼ,7506.T,スタンダード,intraday_5m,1420.0,-0.0042075736325385416,4.8,0.0014940460556888532,41.379310344827594,-0.0035087719298245723,6677450752.0,107.169815,1.2427613,0.06078,1.75,0.01,20.0
2026-03-09 10:10:00+09:00,7509,アイエーグループ,7509.T,スタンダード,intraday_5m,4670.0,0.0,1.1666666666666667,0.01537948931860432,,-0.025052192066805867,6809635328.0,5.2501407,0.41354376,0.09024999,3.13,0.04,20.0
2026-03-09 11:30:00+09:00,7512,イオン北海道,7512.T,スタンダード,intraday_5m,863.0,-0.0011574074074074403,0.0,0.0012022881386844506,46.15384615384615,-0.0069044879171461515,120066203648.0,37.76805,1.5755277,0.13736,1.84,0.02,20.0
2026-03-09 10:55:00+09:00,7514,ヒマラヤ,7514.T,スタンダード,intraday_5m,847.0,0.0011820330969267712,0.0,0.001042939719102752,66.66666666666666,-0.001179245283018826,10368329728.0,910.7527,0.65495884,-0.0027,3.07,0.02,20.0
2026-03-09 11:05:00+09:00,7515,マルヨシセンター,7515.T,スタンダード,intraday_5m,4390.0,-0.030905077262693204,1.0,0.016856497662858395,,-0.030905077262693204,4103982592.0,60.194706,1.3128544,0.06315,0.66,0.05,20.0
2026-03-09 11:15:00+09:00,7521,ムサシ,7521.T,スタンダード,intraday_5m,2769.0,-0.005030542579949726,0.2181818181818182,0.0053783325729664724,51.0204081632653,-0.008237822349570156,18868682752.0,5.8963823,0.5386008,0.047519997,1.29,0.04,20.0
2026-03-09 11:30:00+09:00,7523,アールビバン,7523.T,スタンダード,intraday_5m,1517.0,0.0,0.0,0.011714410247447567,,-0.0052459016393442415,13815424000.0,10.150552,0.8552367,0.090129994,1.97,0.04,20.0
2026-03-09 11:00:00+09:00,7524,マルシェ,7524.T,スタンダード,intraday_5m,178.0,0.005649717514124353,0.5274725274725275,0.005790184457720867,36.36363636363636,-0.03260869565217395,1785077760.0,62.456142,0.30986485,0.04933,,0.01,20.0
2026-03-09 11:30:00+09:00,7527,システムソフト,7527.T,スタンダード,intraday_5m,54.0,0.0,0.0,0.014790267372240705,50.0,-0.0357142857142857,4579312128.0,,1.069434,-0.096820004,,0.02,20.0
2026-03-09 10:35:00+09:00,7531,清和中央ホールディングス,7531.T,スタンダード,intraday_5m,1436.0,-0.0096551724137931,1.0,0.01775540388656747,,-0.002777777777777768,5650216448.0,,0.3535838,0.02179,1.39,0.04,20.0
2026-03-09 11:20:00+09:00,7538,大水,7538.T,スタンダード,intraday_5m,418.0,0.0,0.0,0.005772278201408195,41.379310344827594,-0.011820330969267157,5694099456.0,4.790282,0.4513917,0.103190005,1.42,0.06,20.0
2026-03-09 11:30:00+09:00,7539,アイナボホールディングス,7539.T,スタンダード,intraday_5m,774.0,0.0,0.0,0.0030896867247067424,28.57142857142857,-0.02149178255372941,17981124608.0,10.6935625,0.6791994,0.06532,3.29,-0.01,20.0
2026-03-09 10:40:00+09:00,7544,スリーエフ,7544.T,スタンダード,intraday_5m,560.0,0.012658227848101333,0.7272727272727273,0.012208451351184422,47.61904761904762,-0.01754385964912286,4241642752.0,11.126564,1.0398736,0.19797,3.86,0.04,20.0
2026-03-09 11:25:00+09:00,7551,ウェッズ,7551.T,スタンダード,intraday_5m,692.0,-0.00717360114777621,0.0,0.003995671331640486,35.71428571428572,-0.005747126436781658,11098384384.0,8.076564,0.6167481,0.07176,3.88,-0.010000000000000004,20.0
2026-03-09 11:10:00+09:00,7555,大田花き,7555.T,スタンダード,intraday_5m,750.0,-0.0013315579227696217,,0.002000892446031022,,0.0,3815755520.0,30.02402,0.7348417,0.02226,1.6,-0.020000000000000004,20.0
2026-03-09 11:20:00+09:00,7561,ハークスレイ,7561.T,スタンダード,intraday_5m,734.0,0.002732240437158362,0.3503649635036496,0.006305393400691169,64.70588235294119,-0.025232403718459473,13572492288.0,12.261945,0.53527725,0.047399998,3.72,0.06000000000000001,20.0
2026-03-09 11:30:00+09:00,7562,安楽亭,7562.T,スタンダード,intraday_5m,3805.0,-0.002621231979030192,0.0,0.0029982591655375837,50.0,-0.005228758169934622,17572159488.0,47.144096,2.2070036,0.060739998,0.78,0.01,20.0
2026-03-09 11:30:00+09:00,7564,ワークマン,7564.T,スタンダード,intraday_5m,6740.0,0.0,0.0,0.0031187096948810645,27.77777777777777,-0.030215827338129442,550072680448.0,29.56659,3.7096133,0.14140001,1.05,0.04,20.0
2026-03-09 10:55:00+09:00,7565,萬世電機,7565.T,スタンダード,intraday_5m,5800.0,-0.008547008547008517,5.0,0.014594888815286006,,-0.04761904761904767,9417692160.0,10.4198475,0.73785883,0.09255999,2.3,0.04,20.0
2026-03-09 11:00:00+09:00,7567,栄電子,7567.T,スタンダード,intraday_5m,497.0,-0.004008016032064132,0.8,0.005169993400574695,47.05882352941176,-0.025490196078431393,2524131840.0,43.71152,0.53330475,0.014520001,0.39,0.02,20.0
2026-03-09 11:30:00+09:00,7570,橋本総業ホールディングス,7570.T,スタンダード,intraday_5m,1389.0,0.0,0.0,0.006095006858538386,23.80952380952381,-0.03675450762829402,27028451328.0,9.279798,0.7586669,0.09004,3.47,0.0,20.0
2026-03-09 11:30:00+09:00,7571,ヤマノホールディングス,7571.T,スタンダード,intraday_5m,105.0,0.0,0.0,0.009386000747933412,50.0,-0.03669724770642202,3661936640.0,30.701754,2.7066042,0.27446,1.38,0.030000000000000006,20.0
2026-03-09 11:25:00+09:00,7578,ニチリョク,7578.T,スタンダード,intraday_5m,114.0,0.0,0.14516129032258066,0.007027326719003703,50.0,-0.03389830508474578,1981757696.0,3.764861,0.21302836,-0.10455,,0.04,20.0
2026-03-09 11:20:00+09:00,7585,かんなん丸,7585.T,スタンダード,intraday_5m,403.0,0.0024875621890547706,0.0,0.003629591871763749,39.99999999999999,-0.009828009828009798,1536024832.0,,1.3128661,-0.00682,,0.0,20.0
2026-03-09 11:30:00+09:00,7590,タカショー,7590.T,スタンダード,intraday_5m,381.0,0.0,0.0,0.002855382616441808,39.99999999999999,-0.012953367875647714,6423070208.0,,0.50479954,0.015759999,1.3,-0.01,20.0
2026-03-09 10:55:00+09:00,7601,ポプラ,7601.T,スタンダード,intraday_5m,172.0,0.0,0.64,0.004652196813408041,42.857142857142854,-0.005780346820809301,2397199872.0,9.953703,2.191725,0.25537002,,0.0,20.0
2026-03-09 11:30:00+09:00,7602,レダックス,7602.T,スタンダード,intraday_5m,197.0,0.0,0.0,0.005197764897582047,39.99999999999999,-0.07943925233644855,4083635968.0,,0.92079735,-0.05386,2.8,0.02,20.0
2026-03-09 11:30:00+09:00,7603,ジーイエット,7603.T,スタンダード,intraday_5m,132.0,0.007633587786259444,0.0,0.006955119154323444,42.857142857142854,-0.05035971223021585,3380689408.0,,0.92730486,-0.66076,,0.0,20.0
2026-03-09 11:30:00+09:00,7604,梅の花グループ,7604.T,スタンダード,intraday_5m,860.0,0.0,0.0,0.0013139667891250795,25.0,-0.005780346820809301,7625482240.0,,4.7304473,-0.16343,1.16,0.0,20.0
2026-03-09 11:30:00+09:00,7608,エスケイジャパン,7608.T,スタンダード,intraday_5m,846.0,0.0023696682464455776,0.0,0.0039049709398118666,54.285714285714285,-0.0703296703296703,14194199552.0,11.577939,2.2369945,0.21445,5.05,0.05,20.0
2026-03-09 11:25:00+09:00,7610,テイツー,7610.T,スタンダード,intraday_5m,141.0,0.0,0.0035450516986706058,0.00541974256588587,50.0,-0.07236842105263153,8972734464.0,13.428572,1.3695703,0.13475999,2.63,0.02,20.0
2026-03-09 11:30:00+09:00,7614,オーエムツーネットワーク,7614.T,スタンダード,intraday_5m,1549.0,-0.007051282051282026,0.0,0.00500635203791931,32.53012048192771,-0.020859671302149163,10315162624.0,10.460562,0.5839322,0.0553,2.15,-0.010000000000000004,20.0
2026-03-09 11:25:00+09:00,7615,京都きもの友禅ホールディングス,7615.T,スタンダード,intraday_5m,136.0,0.0,0.0,0.011964751639547478,39.99999999999999,-0.06206896551724139,2371454208.0,,0.863229,-0.09033,,0.02,20.0
2026-03-09 11:20:00+09:00,7619,田中商事,7619.T,スタンダード,intraday_5m,868.0,-0.00572737686139746,0.0,0.006843100391524377,36.170212765957444,-0.03982300884955747,7057860608.0,7.9816093,0.4597426,0.05862,3.43,0.04,20.0
2026-03-09 11:20:00+09:00,7621,うかい,7621.T,スタンダード,intraday_5m,3310.0,-0.006006006006005982,2.5,0.006061824357246469,,-0.01341281669150518,18587295744.0,,3.8486226,-0.16137,0.45,0.02,20.0
2026-03-09 11:30:00+09:00,7624,ＮａＩＴＯ,7624.T,スタンダード,intraday_5m,135.0,0.0,0.0,0.005672602864841679,28.57142857142857,-0.02877697841726623,7392766464.0,19.45245,0.57459766,0.025220001,2.16,-0.04,20.0
2026-03-09 10:50:00+09:00,7625,グローバルダイニング,7625.T,スタンダード,intraday_5m,469.0,-0.0021276595744680327,4.105263157894736,0.005051734591192579,48.275862068965516,-0.030991735537190035,4887021568.0,107.5688,0.8678836,0.055999998,1.03,0.06,20.0
2026-03-09 11:00:00+09:00,7634,星医療酸器,7634.T,スタンダード,intraday_5m,5120.0,0.02605210420841675,1.7142857142857142,0.02029237598414132,,-0.013487475915221592,15990784000.0,10.924764,0.8287495,0.07665,1.73,0.0,20.0
2026-03-09 10:10:00+09:00,7635,杉田エース,7635.T,スタンダード,intraday_5m,1698.0,0.0,1.3749999999999998,0.00039311191096927026,,-0.0005885815185403542,9109886976.0,15.258807,0.78158224,0.05106,2.35,0.030000000000000006,20.0
2026-03-09 11:05:00+09:00,7636,ハンズマン,7636.T,スタンダード,intraday_5m,799.0,-0.0012499999999999734,0.5333333333333333,0.003344436618594761,28.0,-0.013580246913580285,10993920000.0,11.941413,0.60639364,0.05159,3.7,-2.7755575615628915e-18,20.0
2026-03-09 11:20:00+09:00,7638,ＮＥＷ　ＡＲＴ　ＨＯＬＤＩＮＧＳ,7638.T,スタンダード,intraday_5m,1598.0,0.0012531328320801727,0.47368421052631576,0.002209290674642336,60.869565217391305,-0.012970969734403925,27414892544.0,10.313669,2.511931,0.25618,2.78,0.06,20.0
2026-03-09 11:25:00+09:00,7640,トップカルチャー,7640.T,スタンダード,intraday_5m,191.0,0.0,0.0,0.005931293915464629,54.54545454545455,-0.00520833333333337,2981685760.0,,4.051245,-0.60352004,,0.030000000000000006,20.0
2026-03-09 10:35:00+09:00,7643,ダイイチ,7643.T,スタンダード,intraday_5m,1699.0,0.0,0.2608695652173913,0.006446925039296148,49.473684210526315,-0.012209302325581373,19083032576.0,19.560211,2.0498059,0.094519995,2.33,0.042105263157894736,19.0
2026-03-09 11:10:00+09:00,7646,ＰＬＡＮＴ,7646.T,スタンダード,intraday_5m,1933.0,-0.001033591731266159,0.6666666666666666,0.0023438723522818837,16.326530612244895,-0.015282730514518561,13345368064.0,9.916381,0.87568015,0.082679994,4.84,0.0,20.0
2026-03-09 11:10:00+09:00,7670,オーウエル,7670.T,スタンダード,intraday_5m,1106.0,0.0009049773755656076,1.0285714285714285,0.013006675932123459,,-0.04655172413793107,11126716416.0,6.293388,0.50152177,0.08427,3.45,0.05,20.0
2026-03-09 10:40:00+09:00,7673,ダイコー通産,7673.T,スタンダード,intraday_5m,1766.0,-0.003386004514672636,1.170731707317073,0.007310526742087167,,-0.030203185063152116,9417205760.0,10.908642,1.0998839,0.10413,3.46,0.030000000000000006,20.0
2026-03-09 09:00:00+09:00,7677,ヤシマキザイ,7677.T,スタンダード,intraday_5m,2541.0,0.004744958481613271,0.0,0.0014123813169623078,,-0.0019638648860957897,7300636160.0,,0.7204852,0.00625,0.98,0.04,20.0
2026-03-09 11:20:00+09:00,7678,あさくま,7678.T,スタンダード,intraday_5m,4595.0,-0.0010869565217391797,0.0,0.005556831979135866,20.0,-0.022340425531914843,24418754560.0,72.41923,8.537131,,,0.05,20.0
2026-03-09 10:25:00+09:00,7681,レオクラン,7681.T,スタンダード,intraday_5m,895.0,-0.0011160714285713969,10.0,0.006608257733207232,,0.011299435028248483,5299977728.0,34.757282,0.9705137,0.04585,1.92,0.04,20.0
2026-03-09 10:30:00+09:00,7682,浜木綿,7682.T,スタンダード,intraday_5m,4040.0,0.008739076154806513,2.0,0.004369538077403257,,0.0,8739130368.0,107.53261,5.4859548,0.05863,0.42,0.04,20.0
2026-03-09 11:30:00+09:00,7686,ひとまいる,7686.T,スタンダード,intraday_5m,430.0,0.0,0.0,0.004622278840500835,50.0,-0.013761467889908285,12428570624.0,20.131086,2.7441144,0.14625,4.59,0.030000000000000006,20.0
2026-03-09 11:25:00+09:00,7692,アースインフィニティ,7692.T,スタンダード,intraday_5m,100.0,0.0,0.06479481641468682,0.009696255345209005,50.0,-0.04761904761904767,11013019648.0,23.866348,9.6264925,0.63185,2.48,0.04,20.0
2026-03-09 11:30:00+09:00,7698,アイスコ,7698.T,スタンダード,intraday_5m,2460.0,0.0,0.0,0.0025799321944111574,50.0,-0.0060606060606061,9638536192.0,18.203344,2.291896,0.14021,0.81,0.04,20.0
2026-03-09 11:30:00+09:00,7702,ＪＭＳ,7702.T,スタンダード,intraday_5m,427.0,0.0,0.0,0.0026315689622012375,50.0,-0.01385681293302543,10474711040.0,66.61467,0.2507047,-0.0075700004,3.93,-0.020000000000000004,20.0
2026-03-09 11:25:00+09:00,7709,クボテック,7709.T,スタンダード,intraday_5m,167.0,0.006024096385542244,0.1518987341772152,0.007277665608032,30.769230769230774,-0.005952380952380931,2299220736.0,,12.633331,-0.86917,,0.030000000000000006,20.0
2026-03-09 11:30:00+09:00,7711,助川電気工業,7711.T,スタンダード,intraday_5m,6620.0,-0.0015082956259426794,0.0,0.005613090352848586,25.641025641025635,-0.06364922206506363,36508434432.0,45.898914,12.448897,0.031689998,0.71,0.0,20.0
2026-03-09 11:25:00+09:00,7713,シグマ光機,7713.T,スタンダード,intraday_5m,1875.0,0.0037473233404710093,0.489795918367347,0.004505630834802035,39.80582524271844,-0.08402540302882266,13279083520.0,13.773599,0.740153,0.05515,2.05,-0.01,20.0
2026-03-09 11:30:00+09:00,7716,ナカニシ,7716.T,スタンダード,intraday_5m,2633.0,0.0003799392097263432,0.0,0.002251615116790978,44.285714285714285,-0.057960644007155615,218656915456.0,,1.916791,-0.02039,2.15,0.04,20.0
2026-03-09 11:30:00+09:00,7719,東京衡機,7719.T,スタンダード,intraday_5m,740.0,0.0013531799729364913,0.0,0.02001654238828068,35.036496350364956,-0.06329113924050633,5276855808.0,65.02636,3.2019107,0.056929998,,0.01,20.0
2026-03-09 11:20:00+09:00,7722,国際計測器,7722.T,スタンダード,intraday_5m,839.0,0.0011933174224343368,0.3088235294117647,0.003019878994671552,55.99999999999999,-0.06777777777777783,11304824832.0,7.1875267,0.9302305,0.11214,3.89,0.06000000000000001,20.0
2026-03-09 11:25:00+09:00,7726,黒田精工,7726.T,スタンダード,intraday_5m,934.0,0.0021459227467810482,4.0,0.003016456036101415,22.85714285714286,-0.017875920084121977,5223989248.0,63.75427,0.4616659,-0.00035,1.05,0.0,20.0
2026-03-09 11:25:00+09:00,7727,オーバル,7727.T,スタンダード,intraday_5m,809.0,-0.0012345679012345512,1.8916256157635467,0.0032538707942689027,51.85185185185185,-0.09507829977628635,16514343936.0,14.956553,1.1129148,0.07875,2.24,0.030000000000000006,20.0
2026-03-09 11:30:00+09:00,7746,岡本硝子,7746.T,スタンダード,intraday_5m,938.0,0.0010672358591248265,0.0,0.0036019849462105174,37.2093023255814,-0.08666017526777026,27287988224.0,,10.584041,-0.02656,,-0.01,20.0
2026-03-09 11:25:00+09:00,7749,メディキット,7749.T,スタンダード,intraday_5m,2996.0,-0.0046511627906976605,0.0,0.00383678991949305,48.4375,-0.0046511627906976605,43376349184.0,14.21927,0.95515245,0.06894,3.32,0.02,20.0
2026-03-09 11:30:00+09:00,7760,ＩＭＶ,7760.T,スタンダード,intraday_5m,3235.0,-0.0015432098765432167,0.0,0.0053709250039297406,43.58974358974359,-0.11369863013698633,51475922944.0,26.614561,4.2890058,0.18284,0.82,0.02,20.0
2026-03-09 11:25:00+09:00,7771,日本精密,7771.T,スタンダード,intraday_5m,405.0,0.00746268656716409,0.1799217731421121,0.008676659311903949,47.5,0.009975062344139696,8921545728.0,42.99363,4.9843087,0.059359998,,0.02,20.0
2026-03-09 11:25:00+09:00,7775,大研医器,7775.T,スタンダード,intraday_5m,465.0,-0.0021459227467811592,0.0,0.0026950293188501223,60.0,-0.010638297872340385,13358723072.0,13.350559,1.7357935,0.13011,4.26,0.02,20.0
2026-03-09 11:25:00+09:00,7781,平山ホールディングス,7781.T,スタンダード,intraday_5m,1465.0,-0.010135135135135087,0.0,0.008442341986631926,43.10344827586207,-0.038713910761154824,11227213824.0,10.788718,2.0691504,0.20639,4.59,0.05,20.0
2026-03-09 11:05:00+09:00,7782,シンシア,7782.T,スタンダード,intraday_5m,456.0,-0.004366812227074246,0.34285714285714286,0.004272199350683577,47.61904761904762,-0.01935483870967747,2979257344.0,7.80154,1.0572982,0.095740005,3.44,0.05,20.0
2026-03-09 10:30:00+09:00,7791,ドリームベッド,7791.T,スタンダード,intraday_5m,839.0,0.0011933174224343368,0.38709677419354843,0.001851126805269944,38.888888888888886,-0.005924170616113722,3457883904.0,7.623115,0.73242867,0.07654,4.03,0.04,20.0
2026-03-09 11:05:00+09:00,7795,ＫＹＯＲＩＴＳＵ,7795.T,スタンダード,intraday_5m,233.0,0.004310344827586299,0.35294117647058826,0.004157898765436467,36.36363636363636,-0.048979591836734726,9944078336.0,8.559883,0.56110775,0.07309,3.27,0.030000000000000006,20.0
2026-03-09 11:25:00+09:00,7800,アミファ,7800.T,スタンダード,intraday_5m,1427.0,0.0007012622720896644,0.0,0.01115505632997843,90.12345679012346,-0.06609947643979053,4307486720.0,22.130892,1.8439574,0.16935,1.7,0.030000000000000006,20.0
2026-03-09 11:30:00+09:00,7804,ビーアンドピー,7804.T,スタンダード,intraday_5m,2527.0,-0.009796238244514144,0.0,0.01851312715296103,,-0.039528696313188894,5865902592.0,11.9310665,1.5384128,,3.31,0.02,20.0
2026-03-09 11:25:00+09:00,7805,プリントネット,7805.T,スタンダード,intraday_5m,681.0,-0.0014662756598240456,0.0,0.0018752680488180217,4.347826086956516,-0.03813559322033899,3292802560.0,7.6038413,0.75766253,0.11299,1.84,0.05,20.0
2026-03-09 09:40:00+09:00,7807,幸和製作所,7807.T,スタンダード,intraday_5m,842.0,0.0011890606420927874,2.8125,0.007108207074746173,,-0.02546296296296291,3493319936.0,8.027457,1.0849383,0.14509,1.5,0.0,20.0
2026-03-09 11:20:00+09:00,7808,シー・エス・ランバー,7808.T,スタンダード,intraday_5m,3100.0,-0.0064102564102563875,0.0,0.010852014264363347,,-0.015873015873015928,5734289920.0,5.8893933,0.4960459,0.08737001,2.54,0.0,19.0
2026-03-09 11:20:00+09:00,7809,壽屋,7809.T,スタンダード,intraday_5m,1381.0,0.0,0.9230769230769231,0.003011422462820966,26.31578947368422,-0.012866333095067906,11159141376.0,8.239857,1.3644681,0.17678,3.22,0.02,20.0
2026-03-09 11:30:00+09:00,7810,クロスフォー,7810.T,スタンダード,intraday_5m,188.0,0.0,0.0,0.00829536949816515,42.857142857142854,-0.045685279187817285,3204820992.0,144.61539,1.7706116,0.01164,0.36,0.0,20.0
2026-03-09 11:20:00+09:00,7811,中本パックス,7811.T,スタンダード,intraday_5m,1893.0,0.0,0.0,0.005543740185160359,51.72413793103448,-0.023219814241486114,16750560256.0,9.258534,0.83857614,0.10601,3.51,0.01,20.0
2026-03-09 10:15:00+09:00,7812,クレステック,7812.T,スタンダード,intraday_5m,1965.0,0.003575076608784533,0.5789473684210527,0.009677964837452561,,-0.028189910979228516,5808133120.0,7.0016036,0.6466038,0.09277,4.06,0.06,20.0
2026-03-09 10:35:00+09:00,7813,プラッツ,7813.T,スタンダード,intraday_5m,778.0,0.007772020725388629,0.15789473684210525,0.009025751548500315,50.561797752808985,-0.01643489254108721,2630780672.0,14.701437,0.81875086,0.05657,3.03,0.0,20.0
2026-03-09 11:25:00+09:00,7814,日本創発グループ,7814.T,スタンダード,intraday_5m,610.0,-0.0032679738562091387,0.0,0.003056774336934896,50.0,-0.009740259740259716,28889487360.0,9.873746,1.3928658,0.35125,2.44,0.030000000000000006,20.0
2026-03-09 10:15:00+09:00,7815,東京ボード工業,7815.T,スタンダード,intraday_5m,382.0,0.002624671916010568,1.6666666666666667,0.011692085288287205,,0.002624671916010568,990097792.0,,0.8527966,-0.16982001,,0.010526315789473684,19.0
2026-03-09 11:25:00+09:00,7819,粧美堂,7819.T,スタンダード,intraday_5m,1185.0,0.0008445945945945166,0.0,0.011337366445706888,65.06024096385542,-0.030278232405892003,15629881344.0,16.0027,1.9943417,0.16219,2.45,0.04,20.0
2026-03-09 11:30:00+09:00,7822,永大産業,7822.T,スタンダード,intraday_5m,241.0,0.0,0.0,0.004097802108290956,16.666666666666657,-0.05859375,10651087872.0,33.7535,0.23870534,-0.00492,3.91,0.0,20.0
2026-03-09 11:30:00+09:00,7823,アートネイチャー,7823.T,スタンダード,intraday_5m,805.0,0.0012437810945273853,0.0,0.00213331618570685,63.63636363636363,-0.003712871287128716,26223486976.0,25.418377,0.9547371,0.04536,3.47,0.07,20.0
2026-03-09 11:05:00+09:00,7827,オービス,7827.T,スタンダード,intraday_5m,1750.0,0.0,1.0285714285714285,0.00773221605194152,25.641025641025635,-0.02885682574916759,3104730880.0,7.3461504,0.54354525,0.075729996,3.44,0.01,20.0
2026-03-09 11:25:00+09:00,7831,ウイルコホールディングス,7831.T,スタンダード,intraday_5m,89.0,0.0,0.0,0.01231671137971377,,-0.02197802197802201,1381480192.0,,0.97562045,-0.38026002,2.2,0.03157894736842106,19.0
2026-03-09 11:30:00+09:00,7833,アイフィスジャパン,7833.T,スタンダード,intraday_5m,673.0,0.0,0.0,0.005107915132836834,32.25806451612904,-0.011747430249632873,6484149760.0,14.510565,1.0906893,0.095740005,4.41,0.030000000000000006,20.0
2026-03-09 11:25:00+09:00,7836,アビックス,7836.T,スタンダード,intraday_5m,85.0,0.0,0.0,0.006753635747760665,33.33333333333333,-0.05555555555555558,2986013184.0,14.834206,1.6966069,0.06427,,-0.01,20.0
2026-03-09 10:25:00+09:00,7837,アールシーコア,7837.T,スタンダード,intraday_5m,324.0,-0.003076923076923088,2.625,0.010052238095995888,,-0.032835820895522394,1341046400.0,,0.6407379,-0.24844,,-0.020000000000000004,20.0
2026-03-09 11:25:00+09:00,7841,遠藤製作所,7841.T,スタンダード,intraday_5m,1185.0,0.004237288135593209,0.0,0.00802410819108841,50.76923076923077,-0.03422982885085579,10416856064.0,11.011988,0.44671082,0.02638,3.26,0.01,20.0
2026-03-09 11:15:00+09:00,7847,グラファイトデザイン,7847.T,スタンダード,intraday_5m,641.0,0.0015624999999999112,1.875,0.006104754296989466,,-0.012326656394452962,4157175296.0,21.38092,1.9946665,0.34506,4.62,-0.05,20.0
2026-03-09 10:40:00+09:00,7849,スターツ出版,7849.T,スタンダード,intraday_5m,3810.0,-0.005221932114882533,0.6153846153846154,0.012101786562228798,,-0.037878787878787845,14628810752.0,9.621212,1.3580316,0.13409,4.04,0.02,20.0
2026-03-06 09:00:00+09:00,7850,総合商研,7850.T,スタンダード,intraday_5m,881.0,,,,,0.02285714285714291,2684452352.0,8.396661,0.8470975,0.114989996,2.23,0.05,20.0
2026-03-09 11:30:00+09:00,7851,カワセコンピュータサプライ,7851.T,スタンダード,intraday_5m,218.0,0.0,0.0,0.014220970448693174,52.17391304347826,-0.04385964912280704,1022592000.0,10.954774,0.41706446,0.03017,1.32,0.01,20.0
2026-03-09 11:15:00+09:00,7857,セキ,7857.T,スタンダード,intraday_5m,1346.0,0.0029806259314455463,0.5294117647058824,0.00568569707392972,,-0.010294117647058787,5606686208.0,49.981434,0.34882638,0.0067299996,1.91,-0.010000000000000004,20.0
2026-03-09 11:30:00+09:00,7859,アルメディオ,7859.T,スタンダード,intraday_5m,256.0,-0.0038910505836575737,0.0,0.006897522993957403,10.526315789473685,-0.10175438596491226,5129108480.0,,0.687455,-0.06092,,-0.01,20.0
2026-03-09 11:00:00+09:00,7863,平賀,7863.T,スタンダード,intraday_5m,992.0,0.0,0.6428571428571429,0.0028900939412705162,,-0.004016064257028162,2851970304.0,14.799344,2.6459613,0.21535,4.02,0.0,20.0
2026-03-09 11:30:00+09:00,7865,ピープル,7865.T,スタンダード,intraday_5m,414.0,0.0,0.0,0.007046659376143646,,-0.007194244604316502,1584025216.0,20.81448,0.80700815,0.15435,,-0.02,20.0
2026-03-09 11:30:00+09:00,7871,フクビ化学工業,7871.T,スタンダード,intraday_5m,891.0,-0.002239641657334812,0.0,0.0065709462288064254,26.08695652173914,-0.02729257641921401,17636268032.0,11.053219,0.46102524,0.04575,2.95,0.03333333333333334,18.0
2026-03-09 09:55:00+09:00,7872,エステールホールディングス,7872.T,スタンダード,intraday_5m,628.0,0.0,0.46153846153846156,0.0032400398908455394,38.888888888888886,-0.009463722397476393,6579913728.0,,0.60645396,-0.045900002,4.26,-0.020000000000000004,20.0
2026-03-09 11:15:00+09:00,7875,竹田ｉＰホールディングス,7875.T,スタンダード,intraday_5m,1255.0,-0.004758128469468659,0.42857142857142855,0.011628659940124764,41.66666666666667,-0.029389017788089666,10494848000.0,7.553416,0.5469384,0.07181,3.56,0.0,20.0
2026-03-09 10:25:00+09:00,7877,永大化工,7877.T,スタンダード,intraday_5m,2060.0,-0.01670644391408116,0.8275862068965517,0.011407802016974127,,-0.0803571428571429,2533977088.0,9.087299,0.35033372,0.04354,3.13,0.06,20.0
2026-03-09 11:20:00+09:00,7878,光・彩,7878.T,スタンダード,intraday_5m,1250.0,0.0,0.0,0.028329630709325728,,-0.08290535583272196,1870504960.0,27.460457,1.6556423,-0.15696,2.2,-0.02,20.0
2026-03-09 11:25:00+09:00,7879,ノダ,7879.T,スタンダード,intraday_5m,674.0,-0.001481481481481528,0.0,0.00533474052230522,30.0,-0.021770682148040676,10551883776.0,,0.3098392,-0.01748,4.35,0.030000000000000006,20.0
2026-03-09 11:20:00+09:00,7883,サンメッセ,7883.T,スタンダード,intraday_5m,371.0,0.0,0.0,0.0017573752747719559,50.0,0.0,5695698944.0,16.36524,0.41884887,0.0128999995,2.16,0.04,20.0
2026-03-09 11:25:00+09:00,7885,タカノ,7885.T,スタンダード,intraday_5m,1122.0,0.002680965147453085,0.056603773584905655,0.004385230517346871,39.655172413793096,-0.06030150753768848,17078612992.0,22.698767,0.53050697,0.01938,1.68,-0.01,20.0
2026-03-09 11:10:00+09:00,7886,ヤマト　モビリティ　＆　Ｍｆｇ．,7886.T,スタンダード,intraday_5m,710.0,0.0,0.28037383177570097,0.01478247974732309,26.4957264957265,-0.07672301690507155,1142643456.0,,1.3492328,-0.65042996,,0.0,20.0
2026-03-09 11:30:00+09:00,7887,南海プライウッド,7887.T,スタンダード,intraday_5m,10910.0,0.0,0.0,0.018093049461710562,32.94797687861272,-0.06592465753424659,10574528512.0,7.146694,0.41637072,0.046669997,1.71,0.06,20.0
2026-03-09 11:25:00+09:00,7896,セブン工業,7896.T,スタンダード,intraday_5m,547.0,0.0,0.0,0.004706542408657481,,0.0,2441603328.0,21.552404,0.50616187,-0.00125,3.66,-0.04,20.0
2026-03-09 11:30:00+09:00,7897,ホクシン,7897.T,スタンダード,intraday_5m,105.0,0.0,0.0,0.009221418513032627,39.99999999999999,-0.03669724770642202,2976971264.0,,0.5453384,,1.83,0.0,20.0
2026-03-09 11:20:00+09:00,7898,ウッドワン,7898.T,スタンダード,intraday_5m,1037.0,-0.0009633911368015502,2.6666666666666665,0.007916754973750812,27.272727272727266,-0.05898366606170602,9653058560.0,4.0509396,0.20605674,0.05435,2.18,0.06,20.0
2026-03-09 11:25:00+09:00,7901,マツモト,7901.T,スタンダード,intraday_5m,1060.0,0.0,0.0,0.00989642035547492,15.44715447154472,-0.09090909090909094,1199982592.0,,2.2941837,-0.57757,,0.02,20.0
2026-03-09 11:30:00+09:00,7902,ソノコム,7902.T,スタンダード,intraday_5m,1035.0,0.004854368932038833,0.0,0.010398520245826784,,-0.037209302325581395,3765897216.0,15.835373,0.40702474,0.02849,1.21,0.030000000000000006,20.0
2026-03-09 11:30:00+09:00,7906,ヨネックス,7906.T,スタンダード,intraday_5m,3310.0,0.001512859304084735,0.0,0.0029668694285147857,38.46153846153846,-0.06760563380281692,283175780352.0,24.536695,3.7037742,0.15293999,0.68,0.02,20.0
2026-03-09 11:25:00+09:00,7908,きもと,7908.T,スタンダード,intraday_5m,272.0,-0.00366300366300365,0.14007782101167315,0.003040295367724857,33.33333333333333,-0.06206896551724139,11877126144.0,12.3748865,0.627842,0.04092,2.41,0.04,20.0
2026-03-09 10:25:00+09:00,7916,光村印刷,7916.T,スタンダード,intraday_5m,1814.0,-0.011444141689373244,1.2000000000000002,0.011636840482757094,,-0.031500266951414835,5556764672.0,10.227209,0.30195206,0.015700001,2.67,0.030000000000000006,20.0
2026-03-09 11:30:00+09:00,7918,ヴィア・ホールディングス,7918.T,スタンダード,intraday_5m,120.0,0.008403361344537785,0.0,0.006142348392078379,44.444444444444436,0.05263157894736836,5475082240.0,,3.5715349,-0.23806,,-0.01,20.0
2026-03-09 11:15:00+09:00,7919,野崎印刷紙業,7919.T,スタンダード,intraday_5m,210.0,0.004784688995215225,0.37795275590551186,0.0032044204380793943,33.33333333333333,-0.009433962264150941,3390337536.0,7.835821,0.75529784,0.072069995,3.54,-0.020000000000000004,20.0
2026-03-09 11:15:00+09:00,7922,三光産業,7922.T,スタンダード,intraday_5m,724.0,0.0,0.08144796380090498,0.0020565362282878286,23.529411764705884,-0.010928961748633892,5604535296.0,430.9524,0.6344699,0.0028400002,1.37,0.06,20.0
2026-03-09 11:25:00+09:00,7923,トーイン,7923.T,スタンダード,intraday_5m,1178.0,0.0,0.0,0.0004239085881291941,,-0.0008481764206954567,5929164800.0,8.643334,0.53133476,0.06127,1.48,0.04,20.0
2026-03-09 11:25:00+09:00,7927,ムトー精工,7927.T,スタンダード,intraday_5m,2176.0,0.0,0.0,0.0026041021481361163,48.97959183673469,-0.061664510564898634,15105489920.0,8.794051,0.74485654,0.088520005,6.12,0.030000000000000006,20.0
2026-03-09 11:30:00+09:00,7928,旭化学工業,7928.T,スタンダード,intraday_5m,590.0,0.0,0.0,0.00655608305689288,,-0.01830282861896837,1786384896.0,39.09874,0.34104323,0.01648,1.66,0.05,20.0
2026-03-09 11:25:00+09:00,7932,ニッピ,7932.T,スタンダード,intraday_5m,13520.0,0.001481481481481417,0.0,0.002723577221969265,32.432432432432435,-0.04452296819787982,38099779584.0,14.389714,0.95619,0.063039996,4.47,0.02,20.0
2026-03-09 11:30:00+09:00,7937,ツツミ,7937.T,スタンダード,intraday_5m,3195.0,-0.004672897196261627,0.0,0.010266426959086519,70.96774193548387,-0.03474320241691842,49927180288.0,29.162104,0.72762185,0.03867,2.72,0.04,20.0
2026-03-09 10:40:00+09:00,7938,リーガルコーポレーション,7938.T,スタンダード,intraday_5m,2407.0,0.0,0.41379310344827586,0.001249165909594013,39.285714285714285,-0.0037251655629139124,7262544896.0,17.44835,0.51032573,0.041100003,3.1,0.01,20.0
2026-03-09 10:50:00+09:00,7939,研創,7939.T,スタンダード,intraday_5m,620.0,-0.0016103059581320522,2.1176470588235294,0.004845783807392131,47.368421052631575,-0.008000000000000007,2352679936.0,10.865755,2.8096633,0.21935,3.52,0.030000000000000006,20.0
2026-03-09 11:30:00+09:00,7940,ウェーブロックホールディングス,7940.T,スタンダード,intraday_5m,1181.0,-0.0033755274261603185,0.0,0.003712292594667803,42.857142857142854,-0.04987932421560737,9973751808.0,21.943516,0.6001425,0.0344,2.41,0.04,20.0
2026-03-09 11:15:00+09:00,7946,光陽社,7946.T,スタンダード,intraday_5m,589.0,-0.010084033613445342,1.5384615384615385,0.006266095675635247,7.5,-0.050000000000000044,1526593792.0,37.2549,0.8620715,0.0312,1.16,0.0,20.0
2026-03-09 11:05:00+09:00,7953,菊水化学工業,7953.T,スタンダード,intraday_5m,393.0,0.0025510204081633514,0.22429906542056074,0.003942207272957579,38.888888888888886,-0.02481389578163773,4927652352.0,57.03919,0.48916495,0.02681,4.96,0.02,20.0
2026-03-09 11:30:00+09:00,7957,フジコピアン,7957.T,スタンダード,intraday_5m,1426.0,0.009200283085633476,0.0,0.006643066258020341,31.914893617021278,-0.015873015873015928,2182752512.0,5.1877184,0.27397186,-0.2915,2.76,0.03157894736842106,19.0
2026-03-09 11:10:00+09:00,7963,興研,7963.T,スタンダード,intraday_5m,2018.0,0.003980099502487455,1.5272727272727273,0.013114463081250555,37.151702786377705,-0.034911525585844094,9922774016.0,12.816768,0.7192637,0.06597,1.67,0.0,20.0
2026-03-09 11:30:00+09:00,7971,東リ,7971.T,スタンダード,intraday_5m,720.0,0.0,0.0,0.00258362703183421,50.0,-0.04127829560585883,41936957440.0,12.074459,0.8366762,0.09086,4.26,0.05,20.0
2026-03-09 11:05:00+09:00,7975,リヒトラブ,7975.T,スタンダード,intraday_5m,1175.0,0.0017050298380221207,4.137931034482759,0.003508819026423593,26.31578947368422,-0.01755852842809369,3986763264.0,9.923986,0.3703105,0.01969,2.09,-0.05,20.0
2026-03-09 11:30:00+09:00,7980,重松製作所,7980.T,スタンダード,intraday_5m,1019.0,0.0,0.0,0.0063816221651247,61.038961038961034,-0.06341911764705888,7246479872.0,12.742278,0.8066808,0.07961,1.38,0.0,20.0
2026-03-09 10:50:00+09:00,7983,ミロク,7983.T,スタンダード,intraday_5m,1134.0,-0.01903114186851207,2.0,0.011070910048105011,,-0.01476976542137276,3344840704.0,,0.31097028,-0.20984,0.87,-0.030000000000000006,20.0
2026-03-09 10:55:00+09:00,7985,ネポン,7985.T,スタンダード,intraday_5m,1560.0,-0.002557544757033292,4.0,0.00613946627568796,56.41025641025641,0.0,1493693696.0,,0.61735797,-0.08043,0.77,0.01,20.0
2026-03-09 11:30:00+09:00,7986,日本アイ・エス・ケイ,7986.T,スタンダード,intraday_5m,1924.0,0.0,0.0,0.004935968260322545,,-0.009778692743180661,2950704128.0,7.7907352,0.6379266,0.09449001,1.54,0.04,20.0
2026-03-09 11:30:00+09:00,7987,ナカバヤシ,7987.T,スタンダード,intraday_5m,618.0,0.0,0.0,0.002505902231977146,73.33333333333333,-0.02982731554160123,16985270272.0,9.084228,0.5787546,0.053839996,3.45,0.04,20.0
2026-03-09 11:30:00+09:00,7991,マミヤ・オーピー,7991.T,スタンダード,intraday_5m,1408.0,0.0,0.0,0.002022505050424214,45.945945945945944,-0.028295376121463045,14542150656.0,6.2369876,0.5544702,0.07782,3.45,0.0,20.0
2026-03-09 11:00:00+09:00,7992,セーラー万年筆,7992.T,スタンダード,intraday_5m,108.0,0.0,0.010610079575596816,0.008927916871182991,37.5,-0.04424778761061943,3201471744.0,,3.0813124,-0.18834,,0.030000000000000006,20.0
2026-03-09 11:20:00+09:00,7997,くろがね工作所,7997.T,スタンダード,intraday_5m,955.0,-0.002089864158829724,2.5,0.0018590517635139663,,-0.010362694300518172,1594123264.0,4.016318,0.3288744,0.08527,2.07,0.0,20.0
2026-03-09 11:30:00+09:00,7999,ＭＵＴＯＨホールディングス,7999.T,スタンダード,intraday_5m,7620.0,0.0,0.0,0.0007061198288623873,33.33333333333333,0.0,34974322688.0,64.51613,1.4557809,0.02081,1.04,0.0,20.0
2026-03-09 10:00:00+09:00,8006,ユアサ・フナショク,8006.T,スタンダード,intraday_5m,1700.0,0.0,0.35294117647058826,0.022413990933076097,,-0.017341040462427793,30026467328.0,12.878788,0.7140166,0.0616,1.73,0.05,20.0
2026-03-09 11:20:00+09:00,8013,ナイガイ,8013.T,スタンダード,intraday_5m,288.0,0.0,2.2978723404255317,0.0035713768854511068,30.0,-0.010309278350515427,2250562816.0,,0.36629292,0.0036700002,,-0.020000000000000004,20.0
2026-03-09 11:30:00+09:00,8018,三共生興,8018.T,スタンダード,intraday_5m,850.0,0.0,0.0,0.002851129552289751,61.53846153846153,-0.030786773090079822,32196775936.0,73.40242,0.58926296,0.0257,3.08,0.02,20.0
2026-03-09 11:15:00+09:00,8023,ＤＡＩＫＯ　ＸＴＥＣＨ,8023.T,スタンダード,intraday_5m,1062.0,0.0,0.38095238095238093,0.005025218871255804,52.777777777777786,-0.017576318223866738,13455959040.0,8.771785,1.0228248,0.12118,3.33,0.0,20.0
2026-03-09 10:30:00+09:00,8025,ツカモトコーポレーション,8025.T,スタンダード,intraday_5m,1351.0,0.0,1.0,0.0055572967087959375,,-0.00880410858400582,5451270144.0,,0.35276988,-0.01509,2.2,0.02,20.0
2026-03-09 11:25:00+09:00,8029,ルックホールディングス,8029.T,スタンダード,intraday_5m,2430.0,0.0012360939431397266,0.0,0.004610547074316371,56.666666666666664,-0.015795868772782495,18151665664.0,0.47800115,0.449254,0.03768,4.05,-0.030000000000000006,20.0
2026-03-09 10:50:00+09:00,8030,中央魚類,8030.T,スタンダード,intraday_5m,4200.0,0.0023866348448686736,0.46153846153846156,0.005823816148065455,36.36363636363636,-0.010600706713780883,16775866368.0,6.265945,0.46872467,0.08866999,2.83,0.0,20.0
2026-03-09 11:30:00+09:00,8039,築地魚市場,8039.T,スタンダード,intraday_5m,3925.0,0.0,0.0,0.008727040040842049,36.25,-0.023631840796019876,8727374848.0,20.341003,1.1869732,0.052010003,0.87,0.05,20.0
2026-03-09 11:10:00+09:00,8040,東京ソワール,8040.T,スタンダード,intraday_5m,1057.0,-0.000945179584120992,0.375,0.004352982012340347,33.33333333333333,-0.013071895424836555,3656621824.0,7.1207223,0.34867963,0.02286,4.2,0.02,20.0
2026-03-09 10:40:00+09:00,8041,ＯＵＧホールディングス,8041.T,スタンダード,intraday_5m,4285.0,-0.002328288707799775,2.3529411764705883,0.013371872151874648,40.17857142857142,-0.06236323851203496,23130220544.0,4.725981,0.58303165,0.13518,2.39,0.05,20.0
2026-03-09 10:30:00+09:00,8045,横浜丸魚,8045.T,スタンダード,intraday_5m,1620.0,-0.012195121951219523,14.999999999999998,0.01927230202041899,,-0.05813953488372092,9763429376.0,20.298208,0.50011855,0.03464,1.98,0.02,20.0
2026-03-09 11:25:00+09:00,8046,丸藤シートパイル,8046.T,スタンダード,intraday_5m,5280.0,0.0,1.2000000000000002,0.010106658570066979,45.45454545454546,-0.04693140794223827,18896744448.0,10.967327,0.5814607,0.06427,2.35,0.07,20.0
2026-03-09 11:20:00+09:00,8066,三谷商事,8066.T,スタンダード,intraday_5m,2482.0,0.0024232633279483995,0.1791044776119403,0.007319602073079081,47.826086956521735,-0.05949223190602504,207561179136.0,10.508489,1.1796618,0.11675,3.03,0.05,20.0
2026-03-09 11:30:00+09:00,8076,カノークス,8076.T,スタンダード,intraday_5m,2077.0,0.0,0.0,0.006383767883201363,50.0,-0.034851301115241595,19878516736.0,9.6130705,0.602834,0.06219,4.83,0.05,20.0
2026-03-09 11:30:00+09:00,8077,トルク,8077.T,スタンダード,intraday_5m,223.0,0.0,0.0,0.005137788687539925,12.5,-0.03463203463203468,5033182208.0,5.593178,0.35221723,0.06561,2.6,0.030000000000000006,20.0
2026-03-09 11:30:00+09:00,8085,ナラサキ産業,8085.T,スタンダード,intraday_5m,4300.0,0.0,0.0,0.011511196050365805,14.285714285714292,-0.05494505494505497,22033909760.0,9.793204,0.8075582,0.0877,2.86,0.030000000000000006,20.0
2026-03-09 11:30:00+09:00,8089,ナイス,8089.T,スタンダード,intraday_5m,2265.0,0.003989361702127603,0.0,0.00916357320574221,34.848484848484844,-0.03575989782886335,26305642496.0,7.8076525,0.46161467,0.07001,3.75,0.04,20.0
2026-03-09 10:55:00+09:00,8104,クワザワホールディングス,8104.T,スタンダード,intraday_5m,612.0,0.0,0.75,0.0029568529501733426,38.46153846153846,-0.00649350649350644,9167071232.0,13.934427,0.54502124,0.0301,2.92,0.01,20.0
2026-03-09 11:25:00+09:00,8105,Ｂｉｔｃｏｉｎ　Ｊａｐａｎ,8105.T,スタンダード,intraday_5m,182.0,0.005524861878453136,0.2913453299057412,0.004916818921352783,25.0,-0.0714285714285714,11319361536.0,,3.788273,-0.20061001,,0.0,20.0
2026-03-09 11:30:00+09:00,8107,キムラタン,8107.T,スタンダード,intraday_5m,32.0,0.0,0.0,0.012565698734537173,,-0.05882352941176472,8812312576.0,,7.606371,-0.06329,,0.0,20.0
2026-03-09 11:25:00+09:00,8115,ムーンバット,8115.T,スタンダード,intraday_5m,1400.0,0.008645533141210304,0.0,0.01238414417307197,43.02325581395349,-0.022346368715083775,6310520832.0,8.674639,1.084209,0.09810001,2.93,0.030000000000000006,20.0
2026-03-09 11:30:00+09:00,8117,中央自動車工業,8117.T,スタンダード,intraday_5m,1989.0,0.0005030181086518315,0.0,0.001594643387399442,37.2093023255814,-0.05957446808510636,109921853440.0,11.903765,1.8194758,0.16554001,2.93,0.04,20.0
2026-03-09 10:45:00+09:00,8118,キング,8118.T,スタンダード,intraday_5m,1092.0,0.026315789473684292,2.1639344262295084,0.022300468616788967,42.508710801393725,-0.03703703703703709,17409806336.0,26.896553,0.7608828,0.027309999,1.59,0.06999999999999999,20.0
2026-03-09 10:00:00+09:00,8119,三栄コーポレーション,8119.T,スタンダード,intraday_5m,855.0,0.0,2.769230769230769,0.005137635353712404,,-0.02508551881413912,8127240192.0,19.8146,0.5652553,0.02735,3.53,0.02,20.0
2026-03-09 11:25:00+09:00,8123,川辺,8123.T,スタンダード,intraday_5m,1483.0,-0.004697986577181235,0.6666666666666666,0.005036485988629577,,-0.015272244355909681,2706145792.0,5.6659284,0.37177396,0.0496,3.32,0.05,20.0
2026-03-09 11:20:00+09:00,8127,ヤマトインターナショナル,8127.T,スタンダード,intraday_5m,606.0,0.0016528925619834212,1.2972972972972974,0.006757149636077408,39.2156862745098,-0.011419249592169667,12406027264.0,86.69528,0.6999129,0.0086199995,2.28,0.04,20.0
2026-03-09 11:30:00+09:00,8131,ミツウロコグループホールディングス,8131.T,スタンダード,intraday_5m,2137.0,0.0018752930145335966,0.0,0.0025685978418010782,67.9245283018868,-0.014753342554172377,116979621888.0,9.08048,1.1328144,0.116960004,2.81,0.030000000000000006,20.0
2026-03-09 11:30:00+09:00,8135,ゼット,8135.T,スタンダード,intraday_5m,510.0,0.0019646365422396617,0.0,0.0040892051043251365,44.444444444444436,-0.06593406593406592,9983161344.0,3.4301858,0.6691245,0.066,3.3,0.0,20.0
2026-03-09 11:30:00+09:00,8138,三京化成,8138.T,スタンダード,intraday_5m,4315.0,0.005827505827505908,0.0,0.011467358810076307,,-0.05476451259583792,3873670400.0,4.6632013,0.4295333,0.09854,2.19,0.06,20.0
2026-03-09 11:25:00+09:00,8139,ナガホリ,8139.T,スタンダード,intraday_5m,1968.0,0.0,0.0,0.008277763012814498,38.70967741935485,-0.016983016983016963,30179364864.0,63.01633,2.2112658,0.07137,0.75,0.04,20.0
2026-03-09 11:25:00+09:00,8143,ラピーヌ,8143.T,スタンダード,intraday_5m,191.0,0.0052631578947368585,0.0,0.01658994967529199,38.888888888888886,-0.04500000000000004,451482368.0,,0.64313227,-0.37467,,-0.01,20.0
2026-03-09 10:30:00+09:00,8144,デンキョーグループホールディングス,8144.T,スタンダード,intraday_5m,1355.0,0.002218934911242698,0.2127659574468085,0.007542842800972848,,-0.010226442658875068,8515508224.0,20.661787,0.31203568,0.01395,2.92,0.02,20.0
2026-03-09 11:20:00+09:00,8147,トミタ,8147.T,スタンダード,intraday_5m,1337.0,0.00905660377358486,0.38709677419354843,0.0037383927850906883,29.508196721311478,-0.031159420289855078,6879064064.0,9.926497,0.5475561,0.05421,1.52,0.01,20.0
2026-03-09 11:30:00+09:00,8152,ソマール,8152.T,スタンダード,intraday_5m,6040.0,0.0,0.0,0.009014435701079467,17.85714285714286,-0.06356589147286817,11705580544.0,5.2139983,0.5436858,0.09273,1.55,0.0,20.0
2026-03-09 11:30:00+09:00,8165,千趣会,8165.T,スタンダード,intraday_5m,129.0,0.0078125,0.0,0.00893769151820107,37.5,-0.022727272727272707,6034131968.0,,0.35417765,0.25852,,0.030000000000000006,20.0
2026-03-09 11:30:00+09:00,8166,タカキュー,8166.T,スタンダード,intraday_5m,78.0,0.01298701298701288,0.0,0.008667480391746652,50.0,-0.025000000000000022,2625863680.0,,0.31804022,0.099580005,,0.01,20.0
2026-03-09 11:30:00+09:00,8181,東天紅,8181.T,スタンダード,intraday_5m,990.0,0.0,0.0,0.006242367006520239,36.666666666666664,-0.0508149568552253,2542496256.0,6.011294,0.27196884,-0.01365,1.44,-0.010000000000000004,20.0
2026-03-09 11:30:00+09:00,8198,マックスバリュ東海,8198.T,スタンダード,intraday_5m,3565.0,-0.0014005602240896309,0.0,0.002773208665256435,76.47058823529412,-0.01109570041608876,113665236992.0,10.311813,1.2136203,0.123830006,2.36,0.01,20.0
2026-03-09 11:30:00+09:00,8202,ラオックスホールディングス,8202.T,スタンダード,intraday_5m,143.0,0.0,0.0,0.004016468905614459,33.33333333333333,-0.020547945205479423,13072529408.0,,0.57626206,-0.00433,2.74,0.030000000000000006,20.0
2026-03-09 11:10:00+09:00,8207,テンアライド,8207.T,スタンダード,intraday_5m,297.0,0.0,0.0,0.0024736379939033918,55.55555555555556,0.0,11889855488.0,989.99994,3.7644491,-0.02836,,-0.04,20.0
2026-03-09 10:25:00+09:00,8209,フレンドリー,8209.T,スタンダード,intraday_5m,307.0,-0.0032467532467532756,0.7346938775510204,0.002081216831787711,,-0.0032467532467532756,875503232.0,,0.14204513,-0.49045,,-0.020000000000000004,20.0
2026-03-09 10:50:00+09:00,8225,タカチホ,8225.T,スタンダード,intraday_5m,3625.0,-0.014945652173913082,0.0,0.004480506134257801,,-0.029451137884872858,2535100160.0,6.2615514,0.9502482,0.15783,2.68,0.06999999999999999,20.0
2026-03-09 11:25:00+09:00,8226,理経,8226.T,スタンダード,intraday_5m,501.0,-0.0019920318725099584,0.04755614266842801,0.003858001909946583,44.444444444444436,-0.07734806629834257,7574806016.0,10.753381,1.3978951,0.11368,1.29,0.02,20.0
2026-03-09 11:25:00+09:00,8230,はせがわ,8230.T,スタンダード,intraday_5m,333.0,0.0,0.0,0.0041130534006731,20.0,-0.014792899408283988,6057423360.0,10.189718,0.4867603,,4.44,-0.010000000000000004,20.0
2026-03-09 11:25:00+09:00,8244,近鉄百貨店,8244.T,スタンダード,intraday_5m,1719.0,0.0017482517482516613,0.5925925925925926,0.0022172937943674563,43.24324324324324,-0.013769363166953541,68758061056.0,11.98327,1.519683,0.15807,1.15,0.04,20.0
2026-03-09 11:25:00+09:00,8247,大和,8247.T,スタンダード,intraday_5m,378.0,-0.0026385224274406704,0.0,0.005382470537519935,38.888888888888886,-0.0052631578947368585,2120239744.0,9.492718,0.35442406,0.03965,,0.05,20.0
2026-03-09 11:30:00+09:00,8254,さいか屋,8254.T,スタンダード,intraday_5m,340.0,0.0,0.0,0.005786647607593408,13.043478260869563,-0.07103825136612019,2024362752.0,20.420422,2.1566763,0.08862001,1.37,0.01,20.0
2026-03-09 11:30:00+09:00,8260,井筒屋,8260.T,スタンダード,intraday_5m,445.0,-0.0022421524663677195,0.0,0.012858151795064774,28.846153846153854,-0.05117270788912576,4944767488.0,5.3153367,0.42169103,0.070939995,1.28,-0.01,20.0
2026-03-09 11:25:00+09:00,8275,フォーバル,8275.T,スタンダード,intraday_5m,1117.0,0.008122743682310363,3.111111111111111,0.004142483736242639,62.06896551724138,0.009033423667569984,29170051072.0,14.927168,1.6649773,0.07616,2.8,-0.01,20.0
2026-03-09 11:30:00+09:00,8285,三谷産業,8285.T,スタンダード,intraday_5m,687.0,0.001457725947521915,0.0,0.002267802422652855,52.94117647058823,-0.037815126050420145,42298847232.0,14.0663395,0.72877485,0.06532,1.82,0.07,20.0
2026-03-09 10:15:00+09:00,8289,Ｏｌｙｍｐｉｃグループ,8289.T,スタンダード,intraday_5m,433.0,0.0023148148148148806,3.0697674418604652,0.0047955590446420275,38.46153846153846,-0.006880733944954143,9946249216.0,,0.4468215,-0.09557,4.35,-0.04,20.0
2026-03-09 11:30:00+09:00,8291,日産東京販売ホールディングス,8291.T,スタンダード,intraday_5m,522.0,0.0019193857965451588,0.0,0.001916276255333065,55.55555555555556,-0.016949152542372836,31038650368.0,9.309792,0.53715473,0.04863,5.65,0.01,20.0
2026-03-09 11:15:00+09:00,8349,東北銀行,8349.T,スタンダード,intraday_5m,1451.0,-0.003434065934065922,1.0,0.003955328048250243,50.0,-0.062055591467356175,13727979520.0,15.580372,0.38559988,0.042969998,3.23,0.06,20.0
2026-03-09 11:20:00+09:00,8365,富山銀行,8365.T,スタンダード,intraday_5m,2257.0,-0.0026513477684489972,0.0,0.010260597218198235,46.7741935483871,-0.046472327841149186,12042405888.0,11.488343,0.38627958,0.036849998,2.11,0.06,20.0
2026-03-09 11:25:00+09:00,8383,鳥取銀行,8383.T,スタンダード,intraday_5m,1696.0,0.0005899705014749124,0.0,0.0021685509276915013,45.65217391304348,-0.055679287305122505,15873498112.0,11.432423,0.31355438,0.03541,2.78,0.02,20.0
2026-03-09 11:25:00+09:00,8416,高知銀行,8416.T,スタンダード,intraday_5m,1045.0,0.003842459173871271,0.0,0.004072501118096094,47.916666666666664,-0.06779661016949157,10595597312.0,933.0357,0.2133767,0.0017299999,2.23,-0.030000000000000006,20.0
2026-03-09 11:30:00+09:00,8508,Ｊトラスト,8508.T,スタンダード,intraday_5m,517.0,-0.0019305019305019266,0.0,0.0030417860672313076,45.45454545454546,-0.07347670250896055,68809211904.0,7.154719,0.42536843,0.05806,3.05,0.030000000000000006,20.0
2026-03-09 11:30:00+09:00,8518,日本アジア投資,8518.T,スタンダード,intraday_5m,172.0,-0.005780346820809301,0.0,0.0050583734387322846,33.33333333333333,-0.05494505494505497,4055482112.0,12.769116,0.5770456,-0.08343001,,0.02,20.0
2026-03-09 11:30:00+09:00,8537,大光銀行,8537.T,スタンダード,intraday_5m,2426.0,0.0,0.0,0.0035841897793091387,52.5,-0.07931688804554082,23119734784.0,10.680637,0.28528154,0.03246,2.66,0.02,20.0
2026-03-09 11:25:00+09:00,8542,トマト銀行,8542.T,スタンダード,intraday_5m,1560.0,0.0,0.22641509433962262,0.002530037258911101,50.0,-0.059107358262967424,18007754752.0,17.169271,0.31513736,0.03641,3.02,0.02,20.0
2026-03-09 11:30:00+09:00,8562,福島銀行,8562.T,スタンダード,intraday_5m,357.0,-0.005571030640668551,0.0,0.005560419519368561,41.66666666666667,-0.0703125,12449478656.0,,0.51659995,0.0077,1.3,0.02,20.0
2026-03-09 11:25:00+09:00,8563,大東銀行,8563.T,スタンダード,intraday_5m,1020.0,0.00591715976331364,0.2903225806451613,0.0033546487927199873,60.0,-0.06507791017415221,12926915584.0,9.349221,0.4217947,0.043720003,2.93,0.08,20.0
2026-03-09 11:30:00+09:00,8572,アコム,8572.T,スタンダード,intraday_5m,477.1000061035156,0.00041940073304891357,0.0,0.0015710315863649914,59.03609141983116,-0.032447778953466844,747431526400.0,14.044745,1.0765693,0.080240004,4.06,0.02,20.0
2026-03-09 11:30:00+09:00,8596,九州リースサービス,8596.T,スタンダード,intraday_5m,1412.0,0.0,0.0,0.002632623074499019,45.45454545454545,-0.034859876965140146,31923947520.0,8.822243,0.7208444,0.083179995,4.1,0.02,20.0
2026-03-09 11:10:00+09:00,8617,光世証券,8617.T,スタンダード,intraday_5m,530.0,-0.014869888475836479,1.5867768595041323,0.008283793041071316,36.95652173913044,-0.03985507246376807,5008362496.0,,0.3125704,-0.00491,0.91,0.01,20.0
2026-03-09 11:20:00+09:00,8699,ＨＳホールディングス,8699.T,スタンダード,intraday_5m,1217.0,0.000822368421052655,1.8333333333333333,0.0032517332189418062,55.0,-0.03489294210943694,36626890752.0,2.6261275,0.39370805,0.15496999,0.79,0.04,20.0
2026-03-09 11:25:00+09:00,8700,丸八証券,8700.T,スタンダード,intraday_5m,1700.0,-0.005847953216374324,0.0,0.007126725404262668,35.77235772357723,-0.02298850574712641,6784836096.0,12.906164,0.83079696,0.08019,3.45,0.030000000000000006,20.0
2026-03-09 11:30:00+09:00,8704,トレイダーズホールディングス,8704.T,スタンダード,intraday_5m,1010.0,0.0,0.0,0.0031537656139679054,51.85185185185185,-0.07339449541284404,26606737408.0,8.178138,1.4500701,0.19684,3.67,0.01,20.0
2026-03-09 11:30:00+09:00,8705,日産証券グループ,8705.T,スタンダード,intraday_5m,281.0,0.0,0.0,0.004659441403993227,38.46153846153846,-0.0474576271186441,13818451968.0,40.902473,1.1417474,0.05913,8.14,0.030000000000000006,20.0
2026-03-09 11:30:00+09:00,8737,あかつき本社,8737.T,スタンダード,intraday_5m,695.0,0.005788712011577379,0.22535211267605634,0.0028602764192577706,55.0,-0.04005524861878451,21036285952.0,6.916111,1.0794506,0.19758,4.83,0.07,20.0
2026-03-09 11:25:00+09:00,8742,小林洋行,8742.T,スタンダード,intraday_5m,538.0,0.005607476635514086,0.4724409448818898,0.008003866371467622,16.666666666666657,-0.0740103270223752,6478204416.0,35.348225,0.65371627,0.018960001,2.07,0.02,20.0
2026-03-09 11:30:00+09:00,8746,ｕｎｂａｎｋｅｄ,8746.T,スタンダード,intraday_5m,296.0,-0.010033444816053505,0.4633204633204633,0.005201602348073156,38.46153846153846,-0.02310231023102305,4014362624.0,,0.880913,-0.44044998,,0.02,20.0
2026-03-09 11:25:00+09:00,8747,豊トラスティ証券,8747.T,スタンダード,intraday_5m,3200.0,0.0,0.0,0.011074394915777004,39.473684210526315,-0.06569343065693434,18188322816.0,8.167015,1.0798571,0.2647,2.51,0.044444444444444446,18.0
2026-03-09 11:20:00+09:00,8769,アドバンテッジリスクマネジメント,8769.T,スタンダード,intraday_5m,475.0,0.0042283298097252064,0.0,0.006483769688291255,33.33333333333333,-0.04233870967741937,7459184128.0,7.2386465,1.7900616,0.26402,3.43,0.030000000000000006,20.0
2026-03-09 11:30:00+09:00,8772,アサックス,8772.T,スタンダード,intraday_5m,868.0,-0.0022988505747126853,0.0,0.007131951903454655,19.23076923076924,-0.05446623093681913,28623167488.0,7.4512835,0.55454046,0.0738,2.18,0.04,20.0
2026-03-09 11:25:00+09:00,8783,ａｂｃ,8783.T,スタンダード,intraday_5m,219.0,0.0,0.0,0.002645437702964423,66.66666666666666,-0.03947368421052633,8148711424.0,,0.7232329,,,0.03157894736842106,19.0
2026-03-09 11:30:00+09:00,8789,フィンテック　グローバル,8789.T,スタンダード,intraday_5m,136.0,0.0,0.0,0.005535004690774327,42.857142857142854,-0.04895104895104896,26092331008.0,12.55771,2.2698066,0.20818001,3.5,0.044444444444444446,18.0
2026-03-09 11:30:00+09:00,8835,太平洋興発,8835.T,スタンダード,intraday_5m,875.0,0.002290950744558984,0.0,0.003989989098013521,55.88235294117647,-0.02015677491601342,6806870016.0,12.642682,0.43008342,0.02493,4.48,0.030000000000000006,20.0
2026-03-09 10:45:00+09:00,8836,ＲＩＳＥ,8836.T,スタンダード,intraday_5m,30.0,0.0,15.789473684210526,0.019590255290453593,39.99999999999999,-0.032258064516129004,2880396288.0,9.146341,1.7155602,0.01605,,0.030000000000000006,20.0
2026-03-09 11:30:00+09:00,8841,テーオーシー,8841.T,スタンダード,intraday_5m,826.0,0.0,0.0,0.002476626751909,36.0,-0.06242905788876274,72867831808.0,49.34289,0.70734316,0.01765,1.14,0.030000000000000006,20.0
2026-03-09 11:25:00+09:00,8844,コスモスイニシア,8844.T,スタンダード,intraday_5m,1149.0,0.007894736842105177,1.915966386554622,0.003529821661912642,61.36363636363637,-0.04726368159203975,38946070528.0,8.25609,0.7436282,0.102110006,2.24,0.02,20.0
2026-03-09 11:30:00+09:00,8864,空港施設,8864.T,スタンダード,intraday_5m,969.0,0.0,0.0,0.002469751062990143,59.09090909090909,-0.03486055776892427,48729526272.0,18.925781,0.8081802,0.04753,3.69,0.042105263157894736,19.0
2026-03-09 11:30:00+09:00,8869,明和地所,8869.T,スタンダード,intraday_5m,1052.0,0.0028598665395613843,0.0,0.0016082115997617236,50.0,-0.03397612488521584,24666963968.0,4.055513,0.65548193,0.15001,3.67,0.04,20.0
2026-03-09 11:30:00+09:00,8871,ゴールドクレスト,8871.T,スタンダード,intraday_5m,3290.0,0.0015220700152207556,0.0,0.0030678690934830633,56.25,-0.009036144578313254,109343350784.0,17.855206,0.81079155,0.03848,3.01,0.06,20.0
2026-03-09 11:25:00+09:00,8887,シーラホールディングス,8887.T,スタンダード,intraday_5m,387.0,0.0,0.02702702702702703,0.00387134841139428,25.0,-0.0491400491400491,14554509312.0,4.52367,0.010693847,0.10428,1.23,0.044444444444444446,18.0
2026-03-09 11:10:00+09:00,8891,ＡＭＧホールディングス,8891.T,スタンダード,intraday_5m,2643.0,0.004561003420752607,0.38095238095238093,0.014454188782880496,41.239316239316246,-0.04100145137880984,7403439616.0,7.2486424,0.6279954,0.12255,2.54,0.06999999999999999,20.0
2026-03-09 11:30:00+09:00,8894,ＲＥＶＯＬＵＴＩＯＮ,8894.T,スタンダード,intraday_5m,50.0,-0.019607843137254943,1.1365979381443299,0.01619291246090689,50.0,-0.07407407407407407,7332434432.0,,4.985045,-1.69528,,0.030000000000000006,20.0
2026-03-09 11:25:00+09:00,8898,センチュリー２１・ジャパン,8898.T,スタンダード,intraday_5m,1137.0,0.0053050397877985045,0.0,0.0032923364220134197,37.5,-0.004378283712784592,11667692544.0,15.222921,1.7168406,0.11687,4.38,0.04,20.0
2026-03-09 11:30:00+09:00,8904,ＡＶＡＮＴＩＡ,8904.T,スタンダード,intraday_5m,830.0,0.0012062726176116367,0.0,0.0019035345475449895,53.33333333333333,-0.02007083825265643,11978928128.0,18.702118,0.42933172,0.04104,4.49,0.02,20.0
2026-03-09 11:25:00+09:00,8908,毎日コムネット,8908.T,スタンダード,intraday_5m,850.0,-0.003516998827667095,2.076923076923077,0.005279659437461951,36.95652173913044,-0.027459954233409634,14969865216.0,8.45687,1.150049,0.14179,5.03,0.04,20.0
2026-03-09 11:30:00+09:00,8912,エリアクエスト,8912.T,スタンダード,intraday_5m,167.0,0.006024096385542244,0.0,0.0040604570360921865,60.0,-0.051136363636363646,2676308480.0,14.6619835,1.7792835,0.13098,4.55,0.02,20.0
2026-03-09 11:25:00+09:00,8914,エリアリンク,8914.T,スタンダード,intraday_5m,1295.0,0.004654771140419012,2.9238578680203045,0.0019061745351904764,47.05882352941176,-0.017450682852807264,65827786752.0,18.33239,2.2521505,0.13232,2.05,0.05,20.0
2026-03-09 11:30:00+09:00,8917,ファースト住建,8917.T,スタンダード,intraday_5m,1184.0,0.0,0.14457831325301207,0.002257349971038974,31.818181818181827,-0.0373983739837398,16473681920.0,11.542211,0.4042026,0.03777,3.5,0.02,20.0
2026-03-09 11:30:00+09:00,8918,ランド,8918.T,スタンダード,intraday_5m,9.0,-0.09999999999999998,0.0,0.05283257389336177,50.0,0.0,13840946176.0,128.57143,1.6019936,0.00253,1.11,-0.030000000000000006,20.0
2026-03-09 11:25:00+09:00,8920,東祥,8920.T,スタンダード,intraday_5m,859.0,0.0,0.5333333333333333,0.002965622087984284,48.14814814814815,-0.06630434782608696,31725453312.0,20.65897,0.84749943,0.07016,1.09,0.05,20.0
2026-03-09 11:25:00+09:00,8927,明豊エンタープライズ,8927.T,スタンダード,intraday_5m,438.0,0.0,0.30508474576271183,0.002704625727347626,50.0,-0.04575163398692805,12917820416.0,6.8213673,1.3469671,0.17926,2.83,0.03157894736842106,19.0
2026-03-09 11:25:00+09:00,8928,穴吹興産,8928.T,スタンダード,intraday_5m,2647.0,0.0,0.0,0.007498261209872107,46.57534246575342,-0.03989844033369605,28235022336.0,5.240754,0.58195806,0.1166,2.61,0.04,20.0
2026-03-09 11:30:00+09:00,8929,青山財産ネットワークス,8929.T,スタンダード,intraday_5m,1289.0,0.0,0.0,0.0012161018065663788,29.411764705882362,-0.029367469879518104,30890379264.0,11.246837,2.6456547,0.25699,5.27,0.02,20.0
2026-03-09 11:00:00+09:00,8931,和田興産,8931.T,スタンダード,intraday_5m,1695.0,0.0,0.7142857142857143,0.006946300096007421,38.46153846153846,-0.0319817247287264,18569267200.0,5.266756,0.5277563,0.100810006,4.0,0.030000000000000006,20.0
2026-03-09 11:30:00+09:00,8944,ランドビジネス,8944.T,スタンダード,intraday_5m,276.0,0.0,0.09032258064516129,0.012690296532257419,36.36363636363636,-0.15076923076923077,5477528064.0,,0.34906486,-0.01603,1.85,0.0,20.0
2026-03-09 11:25:00+09:00,8945,サンネクスタグループ,8945.T,スタンダード,intraday_5m,1183.0,0.003392705682782049,0.0,0.005298550884758942,62.66666666666667,-0.005046257359125339,10926855168.0,33.277077,1.3711077,0.04246,3.53,0.042105263157894736,19.0
2026-03-09 11:25:00+09:00,8946,ＡＳＩＡＮ　ＳＴＡＲ,8946.T,スタンダード,intraday_5m,88.0,0.0,4.047138047138047,0.015006383908626849,50.0,-0.0736842105263158,2087800064.0,60.68965,0.8895628,0.052199997,,0.02,20.0
2026-03-09 11:10:00+09:00,8995,誠建設工業,8995.T,スタンダード,intraday_5m,1074.0,0.0,3.3488372093023258,0.009903546379382268,4.918032786885249,-0.04448398576512458,2160593664.0,329.44785,0.5378625,-0.00301,2.22,-0.01,20.0
2026-03-09 11:10:00+09:00,8996,ハウスフリーダム,8996.T,スタンダード,intraday_5m,1037.0,0.004844961240310086,0.32,0.006711346079823463,54.54545454545455,-0.020774315391879128,3974966272.0,8.405609,1.0303173,0.18207,5.19,0.05,20.0
2026-03-09 09:00:00+09:00,9012,秩父鉄道,9012.T,スタンダード,intraday_5m,2117.0,-0.00047214353163360645,0.0,0.0069729258210392405,,-0.00047214353163360645,3144096512.0,9.638499,0.59323037,0.04417,,0.030000000000000006,20.0
2026-03-09 11:25:00+09:00,9017,新潟交通,9017.T,スタンダード,intraday_5m,2093.0,-0.008996212121212155,0.0,0.005912755660857011,,-0.024242424242424288,8039280128.0,7.0963583,0.4033778,0.05673,0.47,0.04,20.0
2026-03-09 11:30:00+09:00,9028,ゼロ,9028.T,スタンダード,intraday_5m,3525.0,-0.0014164305949008194,0.0,0.003934591119114479,53.33333333333333,-0.05114401076716013,59231498240.0,8.901066,1.3320178,0.15629,4.54,0.0,20.0
2026-03-09 11:30:00+09:00,9029,ヒガシホールディングス,9029.T,スタンダード,intraday_5m,1898.0,0.0015831134564643357,0.0,0.004111464314667086,73.21428571428572,-0.056190949776230736,24816302080.0,10.640206,1.6169086,0.17948,2.49,0.02,20.0
2026-03-09 11:00:00+09:00,9033,広島電鉄,9033.T,スタンダード,intraday_5m,642.0,0.0031250000000000444,0.09022556390977444,0.003383374506501268,20.689655172413794,-0.024316109422492405,19509753856.0,11.532244,0.4588805,0.04487,1.22,0.02,20.0
2026-03-09 11:30:00+09:00,9034,南総通運,9034.T,スタンダード,intraday_5m,1604.0,0.0,0.0,0.01078494054539314,65.9090909090909,-0.029055690072639195,15159507968.0,12.106573,0.66904396,0.058179997,4.84,-0.01,20.0
2026-03-09 11:30:00+09:00,9036,東部ネットワーク,9036.T,スタンダード,intraday_5m,1126.0,-0.0008873114463177068,0.0,0.008211572767606338,33.33333333333333,-0.038428693424423566,6251994624.0,17.201345,0.29978168,0.013250001,1.28,0.030000000000000006,20.0
2026-03-06 12:30:00+09:00,9049,京福電気鉄道,9049.T,スタンダード,intraday_5m,7450.0,0.0,,0.0,,0.016371077762619368,14804885504.0,8.189963,1.0662442,0.1437,0.27,0.06,20.0
2026-03-09 11:20:00+09:00,9051,センコン物流,9051.T,スタンダード,intraday_5m,1450.0,0.013986013986013957,0.3055555555555556,0.00923751902910033,,-0.022252191503708718,7163981824.0,19.953213,1.1776593,0.04241,1.01,0.030000000000000006,20.0
2026-03-09 11:30:00+09:00,9057,遠州トラック,9057.T,スタンダード,intraday_5m,3520.0,0.0,0.0,0.014645049651480066,,-0.031636863823933936,26306828288.0,11.365837,1.0896267,0.095410004,2.64,0.0,20.0
2026-03-09 11:20:00+09:00,9059,カンダホールディングス,9059.T,スタンダード,intraday_5m,875.0,-0.0022805017103763037,0.0,0.004152249670029696,57.14285714285714,-0.022346368715083775,18747418624.0,8.046717,0.6772912,0.09033,2.57,0.04,20.0
2026-03-09 10:45:00+09:00,9060,日本ロジテム,9060.T,スタンダード,intraday_5m,4650.0,-0.010638297872340385,0.875,0.012298499213262626,,-0.016913319238900604,6297150976.0,7.7469015,0.40530246,0.04765,1.69,0.07,20.0
2026-03-09 11:30:00+09:00,9063,岡山県貨物運送,9063.T,スタンダード,intraday_5m,4265.0,-0.027366020524515422,0.0,0.018696165866574712,,-0.07282608695652171,8643730432.0,7.5502763,0.33344057,0.097950004,1.52,0.05,20.0
2026-03-09 10:50:00+09:00,9067,丸運,9067.T,スタンダード,intraday_5m,941.0,0.0,0.1875,0.00063144974824695,60.0,0.0010638297872340718,27180638208.0,24.005102,1.0327846,0.03983,1.7,0.030000000000000006,20.0
2026-03-09 11:30:00+09:00,9073,京極運輸商事,9073.T,スタンダード,intraday_5m,1293.0,0.0,0.0,0.002634997940817495,33.33333333333333,-0.014481707317073211,3716988416.0,19.867855,0.801939,0.04328,0.91,0.06000000000000001,20.0
2026-03-09 11:30:00+09:00,9074,日本石油輸送,9074.T,スタンダード,intraday_5m,4960.0,0.0,0.0,0.009009475013822075,48.275862068965516,-0.04980842911877392,16402834432.0,11.365979,0.5834572,0.0543,2.68,0.06,20.0
2026-03-09 09:35:00+09:00,9082,大和自動車交通,9082.T,スタンダード,intraday_5m,1210.0,-0.005751848808545623,2.6666666666666665,0.016505064519857185,,-0.02497985495568089,5396914688.0,17.72634,0.56746984,0.02625,0.64,0.02,20.0
2026-03-09 11:30:00+09:00,9083,神姫バス,9083.T,スタンダード,intraday_5m,1998.0,0.004020100502512669,0.0,0.004892789373754036,48.484848484848484,-0.009910802775024763,24126404608.0,8.182488,0.4692271,0.0617,1.98,0.08,20.0
2026-03-09 10:15:00+09:00,9087,タカセ,9087.T,スタンダード,intraday_5m,1790.0,0.00901916572717032,3.0,0.023627702434132702,,0.0011185682326622093,3484306688.0,18.64195,0.4729374,0.025969999,1.96,0.06,20.0
2026-03-09 11:25:00+09:00,9115,明海グループ,9115.T,スタンダード,intraday_5m,770.0,-0.0051679586563307955,0.47334754797441364,0.011401088366434754,49.25373134328358,-0.020356234096692072,26223384576.0,5.3797245,0.5045584,0.13999,0.64,0.01,20.0
2026-03-09 10:35:00+09:00,9127,玉井商船,9127.T,スタンダード,intraday_5m,4245.0,0.015550239234449759,5.428571428571429,0.006912287883101182,31.14754098360656,-0.026376146788990806,8193384960.0,4.730912,0.85990256,0.029240001,1.83,0.01,20.0
2026-03-09 11:30:00+09:00,9130,共栄タンカー,9130.T,スタンダード,intraday_5m,1701.0,0.0005882352941175562,0.0,0.01246951088577289,60.51502145922747,0.1796116504854368,13008692224.0,19.89241,0.5189154,0.02655,2.77,0.01,20.0
2026-03-09 11:30:00+09:00,9145,ビーイングホールディングス,9145.T,スタンダード,intraday_5m,685.0,0.0014619883040936088,0.0,0.0032826481528581263,36.36363636363636,-0.03927068723702665,16507993088.0,11.773806,2.0282595,0.19544001,2.52,0.042105263157894736,19.0
2026-03-09 11:25:00+09:00,9160,ノバレーゼ,9160.T,スタンダード,intraday_5m,298.0,-0.0033444816053511683,0.18461538461538463,0.001996252071991063,25.0,-0.02931596091205213,7471781888.0,8.275479,0.73917526,0.13254,,0.06,20.0
2026-03-09 11:10:00+09:00,9171,栗林商船,9171.T,スタンダード,intraday_5m,1836.0,0.0,0.46153846153846156,0.006528569354756848,48.10126582278482,-0.03723125327739907,22680190976.0,8.069975,0.66611713,0.11833,1.31,0.01,20.0
2026-03-09 09:30:00+09:00,9173,東海汽船,9173.T,スタンダード,intraday_5m,3035.0,0.0,0.0,0.0020393875274009026,,0.0,6660680704.0,21.459381,1.2626867,0.06461,0.33,0.01,20.0
2026-03-09 11:25:00+09:00,9193,東京汽船,9193.T,スタンダード,intraday_5m,1170.0,0.0,0.3582089552238806,0.0036094162112073453,46.875,-0.048006509357200966,11645214720.0,6.2839036,0.5011052,0.01737,1.63,0.0,20.0
2026-03-09 11:25:00+09:00,9206,スターフライヤー,9206.T,スタンダード,intraday_5m,1991.0,-0.0025050100200401104,0.0,0.003997057607522858,24.19354838709677,-0.016790123456790096,7533213184.0,6.498466,1.5920143,-0.03936,,-0.01,20.0
2026-03-09 11:05:00+09:00,9213,セイファート,9213.T,スタンダード,intraday_5m,685.0,-0.001457725947521915,0.34285714285714286,0.009897057778038508,24.285714285714278,-0.021428571428571463,904719232.0,,1.0618739,-0.18624,1.71,-0.020000000000000004,20.0
2026-03-09 11:00:00+09:00,9220,エフビー介護サービス,9220.T,スタンダード,intraday_5m,1206.0,-0.007407407407407418,1.3333333333333333,0.00796469716507177,,-0.02269043760129663,2938660096.0,6.740066,0.76324815,0.13018,3.08,0.05,20.0
2026-03-09 11:30:00+09:00,9221,フルハシＥＰＯ,9221.T,スタンダード,intraday_5m,1260.0,0.0,0.0,0.0034881376462196885,66.66666666666666,-0.01098901098901095,14607169536.0,15.380859,2.4901433,0.16677,2.35,0.01,20.0
2026-03-09 11:25:00+09:00,9233,アジア航測,9233.T,スタンダード,intraday_5m,1251.0,-0.0007987220447284171,0.0,0.0025633129701978,37.83783783783784,-0.03098373353989159,22768199680.0,12.617247,1.0659845,0.095819995,3.41,0.04,20.0
2026-03-09 11:30:00+09:00,9248,人・夢・技術グループ,9248.T,スタンダード,intraday_5m,1491.0,0.0,8.823529411764707,0.0018843960686624832,43.99999999999999,-0.03495145631067964,13031549952.0,8.435643,0.6204633,0.12982,3.88,0.03157894736842106,19.0
2026-03-09 11:25:00+09:00,9249,日本エコシステム,9249.T,スタンダード,intraday_5m,1620.0,0.0,0.0,0.0016070772994164254,57.14285714285714,0.003095975232198178,14114795520.0,47.313084,2.482907,0.029849999,1.11,0.030000000000000006,20.0
2026-03-09 11:25:00+09:00,9262,シルバーライフ,9262.T,スタンダード,intraday_5m,778.0,0.002577319587628857,0.0,0.0076387451479347675,35.616438356164394,-0.028714107365792718,8485784576.0,12.110835,1.222736,0.10706,2.25,0.04,20.0
2026-03-09 11:25:00+09:00,9264,ポエック,9264.T,スタンダード,intraday_5m,1649.0,0.0012143290831816422,0.0,0.002587754579537532,67.74193548387098,-0.0317087492660012,7461164544.0,17.832811,1.8251387,0.14323,4.4,0.04,20.0
2026-03-09 09:00:00+09:00,9265,ヤマシタヘルスケアホールディングス,9265.T,スタンダード,intraday_5m,3730.0,-0.013227513227513255,0.0,0.006860300463489333,,-0.013227513227513255,9295730688.0,22.426647,1.0430579,0.04654,1.85,-0.02,20.0
2026-03-09 11:30:00+09:00,9268,オプティマスグループ,9268.T,スタンダード,intraday_5m,459.0,0.0,0.012345679012345678,0.004976739726535232,43.47826086956522,-0.07459677419354838,31333013504.0,,1.2273909,-0.03155,3.63,0.02,20.0
2026-03-09 11:25:00+09:00,9306,東陽倉庫,9306.T,スタンダード,intraday_5m,2063.0,0.0,0.21428571428571427,0.006200528250525281,52.5,-0.02320075757575757,15487016960.0,9.163187,0.5533838,0.05862,2.84,0.07,20.0
2026-03-09 11:25:00+09:00,9307,杉村倉庫,9307.T,スタンダード,intraday_5m,966.0,0.004158004158004047,0.0,0.009310058214719415,56.25,-0.03880597014925369,15795843072.0,17.380352,0.9071853,0.05682,1.19,0.0,20.0
2026-03-09 11:25:00+09:00,9308,乾汽船,9308.T,スタンダード,intraday_5m,1595.0,0.0037759597230961894,1.7142857142857142,0.003435665890671179,55.102040816326536,-0.02684563758389258,40164458496.0,22.896927,1.0986589,0.03592,0.62,0.01,20.0
2026-03-09 09:05:00+09:00,9311,アサガミ,9311.T,スタンダード,intraday_5m,8560.0,-0.049944506104328545,0.0,0.038227382288277184,,-0.06652126499454747,12108385280.0,7.727445,0.5219807,0.07244,1.31,0.06999999999999999,20.0
2026-03-09 11:30:00+09:00,9312,ケイヒン,9312.T,スタンダード,intraday_5m,3125.0,-0.006359300476947549,0.0,0.006761041798794897,24.39024390243904,-0.03993855606758834,20401680384.0,8.312275,0.62371224,0.07975,3.07,0.04,20.0
2026-03-09 10:05:00+09:00,9313,丸八倉庫,9313.T,スタンダード,intraday_5m,1011.0,0.005970149253731405,0.35,0.009355422682076247,,-0.04622641509433967,5986326016.0,19.227842,0.4672802,0.02498,2.45,-2.7755575615628915e-18,20.0
2026-03-09 10:40:00+09:00,9322,川西倉庫,9322.T,スタンダード,intraday_5m,2863.0,0.017774617845716323,0.5,0.008453661966454633,41.70616113744075,-0.007625649913344912,22002862080.0,29.711498,1.0195891,0.0279,1.04,0.0,20.0
2026-03-09 11:25:00+09:00,9325,ファイズホールディングス,9325.T,スタンダード,intraday_5m,1149.0,0.002617801047120505,0.0,0.005770228386869219,41.66666666666667,-0.036073825503355694,12338582528.0,14.583069,2.8621178,0.21624,2.52,0.0,20.0
2026-03-09 11:30:00+09:00,9327,イー・ロジット,9327.T,スタンダード,intraday_5m,187.0,0.0,0.0,0.019783995932137498,22.222222222222214,-0.06499999999999995,2728890880.0,,-0.65607584,-32.88,,-0.020000000000000004,20.0
2026-03-09 11:30:00+09:00,9339,コーチ・エィ,9339.T,スタンダード,intraday_5m,1208.0,-0.006578947368421018,0.0,0.006975732668070806,,-0.013071895424836555,2858965248.0,59.44882,0.89836705,0.031400003,1.63,0.06,20.0
2026-03-09 11:05:00+09:00,9340,アソインターナショナル,9340.T,スタンダード,intraday_5m,687.0,-0.0014534883720930258,3.724137931034483,0.0057869390656257805,41.17647058823529,-0.018571428571428572,6732977664.0,14.4753475,2.284935,0.16773,3.71,0.05,20.0
2026-03-09 11:25:00+09:00,9351,東洋埠頭,9351.T,スタンダード,intraday_5m,1984.0,-0.0005037783375314575,0.10434782608695652,0.008585739694484798,74.68354430379748,-0.03219512195121954,14380368896.0,10.997783,0.48584726,0.05207,3.9,0.02,20.0
2026-03-09 11:15:00+09:00,9353,櫻島埠頭,9353.T,スタンダード,intraday_5m,2300.0,-0.009047824213700983,0.923076923076923,0.011879197122760442,22.222222222222214,-0.07070707070707072,3500128512.0,9.781822,0.4369153,0.04163,1.82,0.01,20.0
2026-03-09 11:25:00+09:00,9355,リンコーコーポレーション,9355.T,スタンダード,intraday_5m,2149.0,0.00797373358348974,0.0,0.0074923403316269725,,-0.009677419354838679,5605976064.0,7.513723,0.29664236,0.03812,2.53,0.04,20.0
2026-03-09 10:35:00+09:00,9360,鈴与シンワート,9360.T,スタンダード,intraday_5m,2986.0,-0.0013377926421405117,2.6470588235294117,0.010755421765002243,,-0.004666666666666708,8494996992.0,7.7277436,1.802843,0.22219999,3.67,0.0,20.0
2026-03-09 10:20:00+09:00,9361,伏木海陸運送,9361.T,スタンダード,intraday_5m,2211.0,-0.006292134831460627,1.1666666666666667,0.010464361479667093,,-0.03702090592334495,5724051456.0,7.4189653,0.46083662,0.06604,2.18,0.06,20.0
2026-03-09 09:00:00+09:00,9362,兵機海運,9362.T,スタンダード,intraday_5m,3600.0,0.0,0.0,0.0036920020804969093,,0.0,4319434752.0,14.144271,0.92046654,0.08988,3.06,-0.030000000000000006,20.0
2026-03-09 11:30:00+09:00,9363,大運,9363.T,スタンダード,intraday_5m,515.0,0.0,0.0,0.009235920152878106,60.869565217391305,-0.03738317757009346,2497720064.0,9.5885315,1.8457724,0.046469998,2.62,0.030000000000000006,20.0
2026-03-09 09:45:00+09:00,9365,トレーディア,9365.T,スタンダード,intraday_5m,1601.0,-0.006823821339950409,1.25,0.007755528972073773,,-0.014769230769230757,2347224576.0,5.9893007,0.42879924,0.07446,3.08,0.05,20.0
2026-03-09 11:30:00+09:00,9366,サンリツ,9366.T,スタンダード,intraday_5m,900.0,0.0,0.0,0.005841257501123032,33.33333333333333,-0.032258064516129004,5074451968.0,10.328208,0.43352082,0.037750002,2.9,0.030000000000000006,20.0
2026-03-09 11:25:00+09:00,9367,大東港運,9367.T,スタンダード,intraday_5m,2334.0,0.003870967741935516,0.5070422535211268,0.006039251308808476,47.142857142857146,-0.0446172738436349,20176277504.0,28.435673,2.0230772,0.078150004,0.98,0.030000000000000006,20.0
2026-03-09 11:25:00+09:00,9368,キムラユニティー,9368.T,スタンダード,intraday_5m,932.0,-0.001071811361200381,0.4,0.006464403572818438,56.75675675675676,-0.017913593256059013,38329507840.0,11.406193,0.91497326,0.09,3.58,0.04,20.0
2026-03-09 11:30:00+09:00,9369,キユーソー流通システム,9369.T,スタンダード,intraday_5m,2829.0,-0.00035335689045934426,0.0,0.0021336317890242565,23.750000000000014,-0.06324503311258278,70319046656.0,26.535973,1.552605,0.05722,0.79,-0.01,20.0
2026-03-09 10:25:00+09:00,9376,ユーラシア旅行社,9376.T,スタンダード,intraday_5m,887.0,-0.006718924972004436,1.6363636363636362,0.011151753414322261,,-0.016629711751662946,3273006848.0,28.752026,1.8692219,0.07482,5.54,0.030000000000000006,20.0
2026-03-09 11:30:00+09:00,9380,東海運,9380.T,スタンダード,intraday_5m,431.0,0.0,0.0,0.003549771094902296,35.294117647058826,-0.020454545454545503,12120201216.0,24.364046,0.6762333,0.02829,1.59,-0.01,20.0
2026-03-09 11:25:00+09:00,9385,ショーエイコーポレーション,9385.T,スタンダード,intraday_5m,806.0,0.0,0.3485477178423237,0.004559577152416842,62.85714285714286,-0.033573141486810565,6228174848.0,4.7233944,1.2689836,0.17343001,4.2,0.01,20.0
2026-03-09 11:30:00+09:00,9399,ビート・ホールディングス・リミテッド,9399.T,スタンダード,intraday_5m,28.0,0.0,0.0,0.020638312810334312,39.99999999999999,-0.09677419354838712,5096996352.0,,2.4310138,-0.70045996,,0.01,20.0
2026-03-06 13:00:00+09:00,9408,ＢＳＮメディアホールディングス,9408.T,スタンダード,intraday_5m,2600.0,,,,,0.0,15472976896.0,13.5685215,0.6009817,0.05894,0.62,0.030000000000000006,20.0
2026-03-09 11:30:00+09:00,9414,日本ＢＳ放送,9414.T,スタンダード,intraday_5m,930.0,0.0,0.0,0.0018900665689371864,22.222222222222214,-0.02617801047120416,16569527296.0,12.342402,0.6867467,0.05211,3.14,0.01,20.0
2026-03-09 10:50:00+09:00,9417,スマートバリュー,9417.T,スタンダード,intraday_5m,333.0,-0.017699115044247815,9.333333333333334,0.01196561697825412,41.17647058823529,-0.029154518950437303,3346353664.0,7.411529,2.0090134,0.16413,2.92,0.02,20.0
2026-03-09 11:30:00+09:00,9419,ワイヤレスゲート,9419.T,スタンダード,intraday_5m,291.0,0.0,0.09599999999999999,0.008032132003617532,36.8421052631579,-0.06730769230769229,3166246912.0,18.324938,1.9865923,,,0.02,20.0
2026-03-09 09:15:00+09:00,9421,エヌジェイホールディングス,9421.T,スタンダード,intraday_5m,616.0,0.0,2.769230769230769,0.01431263507484722,,-0.025316455696202556,3260355072.0,53.846157,2.0212958,0.044699997,,0.04,20.0
2026-03-09 11:30:00+09:00,9423,フォーバル・リアルストレート,9423.T,スタンダード,intraday_5m,110.0,0.0,0.0,0.007535680912591361,42.857142857142854,-0.03508771929824561,2667887616.0,42.635662,4.003785,0.15722,2.46,-0.020000000000000004,20.0
2026-03-09 11:25:00+09:00,9425,ＲｅＹｕｕ　Ｊａｐａｎ,9425.T,スタンダード,intraday_5m,313.0,0.0,0.0,0.003924749838520779,13.333333333333329,-0.1031518624641834,2112211584.0,,1.328788,0.02533,,0.021052631578947368,19.0
2026-03-09 10:50:00+09:00,9428,クロップス,9428.T,スタンダード,intraday_5m,1546.0,0.0,0.0,0.011581733951025797,,0.0,14619140096.0,16.949896,1.1414329,0.13095,1.62,0.05,20.0
2026-03-09 11:30:00+09:00,9436,沖縄セルラー電話,9436.T,スタンダード,intraday_5m,3250.0,0.0015408320493066618,0.0,0.003042502928179592,27.77777777777777,-0.03988183161004433,299911118848.0,23.823486,3.1158953,0.13567,1.89,0.02,20.0
2026-03-09 11:20:00+09:00,9439,エム・エイチ・グループ,9439.T,スタンダード,intraday_5m,230.0,0.0,0.366412213740458,0.004311599779139918,39.99999999999999,0.0,2654671872.0,,5.1248913,-0.052529998,0.22,-2.7755575615628915e-18,20.0
2026-03-09 11:25:00+09:00,9441,ベルパーク,9441.T,スタンダード,intraday_5m,2704.0,0.002223869532987477,0.37113402061855666,0.006305361420736369,40.94488188976378,-0.025234318673395872,33098885120.0,13.885894,1.2243527,0.13509,3.68,0.030000000000000006,20.0
2026-03-09 10:50:00+09:00,9444,トーシンホールディングス,9444.T,スタンダード,intraday_5m,352.0,0.0,1.2000000000000002,0.0046706121937753475,42.857142857142854,-0.008450704225352101,2275581184.0,9.4168005,0.8983923,-0.06013,3.45,0.030000000000000006,20.0
2026-03-09 10:25:00+09:00,9445,フォーバルテレコム,9445.T,スタンダード,intraday_5m,559.0,-0.005338078291814985,13.588235294117649,0.004709689086447136,,-0.021015761821365997,9366581248.0,10.1877165,2.5425038,0.27481002,4.55,0.05,20.0
2026-03-09 11:30:00+09:00,9446,サカイホールディングス,9446.T,スタンダード,intraday_5m,684.0,0.0,0.4,0.007047293444429699,53.57142857142857,-0.046025104602510414,5140568576.0,6.4370413,1.1051188,0.21665001,5.02,0.04,20.0
2026-03-09 11:25:00+09:00,9450,ファイバーゲート,9450.T,スタンダード,intraday_5m,665.0,0.0,0.19199999999999998,0.001613269289644515,30.0,-0.029197080291970767,13380703232.0,10.437922,1.9683291,0.19338,3.94,0.01,20.0
2026-03-09 11:15:00+09:00,9466,アイドママーケティングコミュニケーション,9466.T,スタンダード,intraday_5m,238.0,0.0,0.42105263157894735,0.003383045537530225,25.0,-0.020576131687242816,3114708224.0,6.7042255,0.93647325,0.1116,4.12,0.0,20.0
2026-03-09 11:20:00+09:00,9475,昭文社ホールディングス,9475.T,スタンダード,intraday_5m,536.0,0.0018691588785046953,0.5714285714285714,0.00423844182795741,42.857142857142854,-0.0018621973929237035,9659563008.0,42.845722,0.74051666,0.01887,0.93,0.030000000000000006,20.0
2026-03-09 09:00:00+09:00,9476,中央経済社ホールディングス,9476.T,スタンダード,intraday_5m,980.0,,,,,0.02083333333333326,3794928384.0,15.467172,0.8806978,0.06604,1.35,0.030000000000000006,20.0
2026-03-09 11:15:00+09:00,9478,ＳＥホールディングス・アンド・インキュベーションズ,9478.T,スタンダード,intraday_5m,455.0,0.006637168141592875,0.6642066420664207,0.011834061816188714,60.714285714285715,-0.044117647058823484,7082037248.0,18.10585,0.65150684,0.055910002,0.84,0.06,20.0
2026-03-09 11:30:00+09:00,9514,エフオン,9514.T,スタンダード,intraday_5m,328.0,0.003058103975535076,0.0,0.0036708999983268644,50.0,-0.05747126436781613,6939031552.0,12.067697,0.36951002,0.03095,2.3,-0.02,20.0
2026-03-09 10:50:00+09:00,9537,北陸瓦斯,9537.T,スタンダード,intraday_5m,4500.0,0.0,0.41379310344827586,0.005968766270183889,39.285714285714285,-0.013157894736842146,20974391296.0,7.156261,0.4191116,0.06021,1.75,0.030000000000000006,20.0
2026-03-09 11:25:00+09:00,9539,京葉瓦斯,9539.T,スタンダード,intraday_5m,1338.0,-0.0029806259314456574,0.5217391304347826,0.006983909113276193,,-0.031136857349746583,43022368768.0,12.816092,0.4255594,0.03341,1.88,0.05,20.0
2026-03-09 11:30:00+09:00,9564,ＦＣＥ,9564.T,スタンダード,intraday_5m,520.0,0.0,0.0,0.004218617865032812,57.89473684210526,-0.020715630885122405,11456813056.0,18.40708,2.953119,0.19768,1.88,0.06,20.0
2026-03-09 11:25:00+09:00,9610,ウィルソン・ラーニング　ワールドワイド,9610.T,スタンダード,intraday_5m,141.0,0.0,0.09012875536480687,0.009268319875765993,20.0,-0.10191082802547768,1511938432.0,,1.8548727,-0.21466999,,0.02,20.0
2026-03-09 11:05:00+09:00,9625,セレスポ,9625.T,スタンダード,intraday_5m,1082.0,0.0,0.4363636363636364,0.00834190917445228,33.33333333333333,-0.024346257889991008,5931277312.0,,0.58621347,-0.0129700005,3.61,0.04,20.0
2026-03-09 11:10:00+09:00,9632,スバル興業,9632.T,スタンダード,intraday_5m,3500.0,-0.0014265335235378318,1.4634146341463414,0.006605043114208862,40.0,-0.038461538461538436,45167611904.0,13.208046,1.2536297,0.06662,2.2,0.0,20.0
2026-03-09 11:20:00+09:00,9633,東京テアトル,9633.T,スタンダード,intraday_5m,1602.0,0.0,0.8421052631578947,0.0038548992482675326,52.83018867924528,-0.014760147601476037,10891201536.0,8.189765,0.65488684,0.08191,0.62,0.04,20.0
2026-03-09 10:05:00+09:00,9635,武蔵野興業,9635.T,スタンダード,intraday_5m,2618.0,0.006923076923077032,1.5,0.010372922105863396,,-0.009084027252081794,2738760448.0,7.361998,0.6947655,0.09283,,0.030000000000000006,20.0
2026-03-09 11:10:00+09:00,9636,きんえい,9636.T,スタンダード,intraday_5m,4060.0,0.0,1.1666666666666665,0.003007905231169557,,-0.004901960784313708,11319264256.0,68.15511,5.963467,0.03912,0.25,0.04,20.0
2026-03-09 11:30:00+09:00,9639,三協フロンテア,9639.T,スタンダード,intraday_5m,2231.0,0.002246181491464494,0.0,0.00468346941484603,29.670329670329664,-0.015880017644464006,49584091136.0,9.011957,0.98217905,0.10864,3.97,0.02,20.0
2026-03-09 11:25:00+09:00,9640,セゾンテクノロジー,9640.T,スタンダード,intraday_5m,2277.0,0.0013192612137202797,0.0,0.00994344289470931,27.41935483870968,-0.0351694915254237,36885983232.0,23.9407,2.7500167,0.07961,3.81,0.01,20.0
2026-03-09 09:00:00+09:00,9647,協和コンサルタンツ,9647.T,スタンダード,intraday_5m,8200.0,-0.0060606060606061,0.0,0.007337362975893622,,-0.004854368932038833,4795007488.0,8.462157,1.0855801,0.1402,0.36,0.030000000000000006,20.0
2026-03-09 11:05:00+09:00,9651,日本プロセス,9651.T,スタンダード,intraday_5m,1770.0,0.0028328611898016387,1.1111111111111112,0.004502229506489167,,-0.014476614699331813,17159149568.0,10.9017,1.513686,0.14124,3.23,0.02,20.0
2026-03-09 11:20:00+09:00,9656,グリーンランドリゾート,9656.T,スタンダード,intraday_5m,606.0,0.004975124378109541,1.7142857142857142,0.0034061231383192073,61.11111111111111,0.0,6264478208.0,11.534069,0.59424,0.04701,2.48,0.04,20.0
2026-03-09 10:45:00+09:00,9661,歌舞伎座,9661.T,スタンダード,intraday_5m,4470.0,-0.0022321428571429047,4.421052631578947,0.0013940937003741507,,-0.0044543429844098315,54175031296.0,155.53236,4.523257,0.03342,0.11,0.05,20.0
2026-03-09 09:10:00+09:00,9679,ホウライ,9679.T,スタンダード,intraday_5m,2102.0,-0.018215787015413376,3.0,0.008009978274628163,,-0.020959478341872395,8803334144.0,17.672775,1.2610279,0.06545,1.12,0.030000000000000006,20.0
2026-03-09 11:25:00+09:00,9685,ＫＹＣＯＭホールディングス,9685.T,スタンダード,intraday_5m,626.0,0.0,0.0,0.009770387057137604,35.294117647058826,-0.026438569206842955,3179730688.0,6.5474324,0.625439,0.10582,1.56,0.05,20.0
2026-03-09 11:25:00+09:00,9686,東洋テック,9686.T,スタンダード,intraday_5m,1659.0,0.0018115942028984477,0.9504950495049506,0.006312160346051739,20.168067226890756,-0.041040462427745616,17271050240.0,8.175233,0.73883104,0.107480004,3.82,0.04,20.0
2026-03-09 11:00:00+09:00,9687,ＫＳＫ,9687.T,スタンダード,intraday_5m,4330.0,0.0011560693641619046,0.20338983050847456,0.0028658807083942204,22.222222222222214,-0.013667425968109326,26254608384.0,10.178894,1.4620066,0.13758999,3.71,0.030000000000000006,20.0
2026-03-09 10:45:00+09:00,9691,両毛システムズ,9691.T,スタンダード,intraday_5m,3930.0,0.001273885350318471,0.452054794520548,0.015541155784315483,,-0.06982248520710055,13749238784.0,7.014851,0.9238216,0.15145001,1.04,0.06,20.0
2026-03-09 11:20:00+09:00,9698,クレオ,9698.T,スタンダード,intraday_5m,1173.0,0.0,0.42857142857142855,0.006026069825036243,35.593220338983045,-0.019230769230769273,9081467904.0,11.648461,1.2286196,0.108430006,4.35,0.04,20.0
2026-03-09 11:30:00+09:00,9701,東京會舘,9701.T,スタンダード,intraday_5m,4540.0,0.0,0.0,0.001493981739430182,,-0.0011001100110010764,14978344960.0,16.816683,2.0231028,-0.04704,0.99,0.04,20.0
2026-03-09 11:30:00+09:00,9704,アゴーラ　ホスピタリティー　グループ,9704.T,スタンダード,intraday_5m,43.0,0.023809523809523725,0.0,0.0174327025245529,50.0,-0.0444444444444444,11468270592.0,8.995815,2.0215316,0.19904,,0.030000000000000006,20.0
2026-03-09 11:25:00+09:00,9708,帝国ホテル,9708.T,スタンダード,intraday_5m,1423.0,0.0014074595355384467,0.2926829268292683,0.0025581943079935727,47.368421052631575,-0.015905947441217205,168380776448.0,59.291668,3.563808,0.06631,0.41,0.07,20.0
2026-03-09 11:25:00+09:00,9709,ＮＣＳ＆Ａ,9709.T,スタンダード,intraday_5m,1661.0,0.003625377643504457,0.6857142857142857,0.0071545744850258506,46.0,-0.029789719626168276,25304932352.0,10.557427,1.8740071,0.20321,3.39,0.06,20.0
2026-03-09 11:25:00+09:00,9713,ロイヤルホテル,9713.T,スタンダード,intraday_5m,919.0,0.0010893246187364536,0.0,0.0023518497836411815,41.17647058823529,-0.00969827586206895,14035997696.0,6.380615,0.5727316,0.073920004,0.54,0.01,20.0
2026-03-09 11:10:00+09:00,9720,ホテル、ニューグランド,9720.T,スタンダード,intraday_5m,5500.0,-0.017857142857142905,12.0,0.0064294166122915875,,-0.03508771929824561,6493569536.0,32.271317,1.7446465,0.05539,0.44,0.04,20.0
2026-03-09 11:25:00+09:00,9723,京都ホテル,9723.T,スタンダード,intraday_5m,665.0,0.0,0.0,0.003672867114295777,33.33333333333333,-0.007462686567164201,8023330304.0,11.05202,3.5849638,-0.021710001,0.45,0.02,20.0
2026-03-09 11:30:00+09:00,9726,ＫＮＴ－ＣＴホールディングス,9726.T,スタンダード,intraday_5m,1530.0,0.0013089005235602524,0.0,0.0029144600650236703,43.39622641509434,-0.06650396583282492,41799012352.0,5.3464723,0.7129892,0.1532,,0.02,20.0
2026-03-09 11:25:00+09:00,9731,白洋舎,9731.T,スタンダード,intraday_5m,3540.0,-0.005617977528089901,0.0,0.01140434039798715,31.707317073170742,-0.034106412005457054,13425318912.0,6.5975847,1.052002,0.18496001,2.73,0.05,20.0
2026-03-09 11:30:00+09:00,9733,ナガセ,9733.T,スタンダード,intraday_5m,2742.0,0.00036483035388545915,0.0,0.0012520493407760754,45.45454545454545,-0.013669064748201398,72186126336.0,21.303705,2.0017917,0.108789995,3.6,0.04,20.0
2026-03-09 11:30:00+09:00,9753,アイエックス・ナレッジ,9753.T,スタンダード,intraday_5m,1404.0,0.0007127583749109156,0.0,0.007298330418152582,66.66666666666666,0.0021413276231263545,13427945472.0,9.060987,1.1941954,0.145,3.21,0.07,20.0
2026-03-09 10:50:00+09:00,9760,進学会ホールディングス,9760.T,スタンダード,intraday_5m,158.0,-0.0062893081761006275,3.864406779661017,0.0053283075064214395,39.99999999999999,-0.018633540372670843,2630458880.0,,0.3272258,-0.12769,1.55,0.01,20.0
2026-03-09 11:10:00+09:00,9761,東海リース,9761.T,スタンダード,intraday_5m,2548.0,0.0,0.96,0.006781707335879489,30.612244897959187,-0.043543543543543506,8825999360.0,7.022379,0.5158025,0.07632,4.5,0.06,20.0
2026-03-09 11:05:00+09:00,9763,丸建リース,9763.T,スタンダード,intraday_5m,4545.0,0.0044198895027625085,0.972972972972973,0.008628154041500073,25.000000000000014,-0.05509355509355507,14419594240.0,9.812176,0.81401503,0.07667,3.08,0.04,20.0
2026-03-09 10:45:00+09:00,9767,日建工学,9767.T,スタンダード,intraday_5m,1778.0,-0.022002200220021972,0.9523809523809523,0.014729707394414223,62.288135593220346,0.018911174785100293,3239441408.0,11.820237,0.6655457,0.06688,1.72,0.0,20.0
2026-03-09 11:25:00+09:00,9768,いであ,9768.T,スタンダード,intraday_5m,3960.0,0.0038022813688212143,0.2926829268292683,0.0032116091046318,48.38709677419355,-0.05714285714285716,28270538752.0,13.605442,0.9205577,0.08012,2.81,0.02,20.0
2026-03-09 11:00:00+09:00,9778,昴,9778.T,スタンダード,intraday_5m,5530.0,0.010968921389396646,1.0,0.010565661667313049,,-0.007181328545781018,3270685440.0,59.44958,0.95701236,0.041989997,2.15,-2.7755575615628915e-18,20.0
2026-03-09 11:20:00+09:00,9780,ハリマビステム,9780.T,スタンダード,intraday_5m,983.0,-0.00101626016260159,5.4,0.006718079786746402,,-0.017000000000000015,9065354240.0,11.007838,0.9297689,0.10323,3.0,0.04,20.0
2026-03-09 11:30:00+09:00,9782,ディーエムエス,9782.T,スタンダード,intraday_5m,3665.0,0.0,1.5789473684210524,0.0028952243012038393,58.33333333333333,-0.04057591623036649,19888242688.0,23.063368,1.4802488,0.07442,6.18,0.030000000000000006,20.0
2026-03-09 11:10:00+09:00,9791,ビケンテクノ,9791.T,スタンダード,intraday_5m,1310.0,0.0,1.0909090909090908,0.006416481156597196,19.117647058823522,-0.03321033210332103,9882319872.0,7.93747,0.4406242,0.059070002,2.66,0.05,20.0
2026-03-09 11:25:00+09:00,9799,旭情報サービス,9799.T,スタンダード,intraday_5m,1066.0,0.0009389671361501595,0.0,0.005911603119053508,23.07692307692308,-0.03963963963963968,16417342464.0,13.137787,1.3853241,0.10358,2.88,0.020000000000000004,20.0
2026-03-09 11:25:00+09:00,9812,テーオーホールディングス,9812.T,スタンダード,intraday_5m,248.0,0.004048582995951344,0.0,0.007738898606169113,36.36363636363636,-0.0461538461538461,1589332096.0,,3.9050198,-0.15257,0.19,-0.010000000000000004,20.0
2026-03-09 11:00:00+09:00,9816,ストライダーズ,9816.T,スタンダード,intraday_5m,316.0,0.0,0.2608695652173913,0.004114782210869305,,-0.009404388714733591,2811954432.0,17.381739,1.036419,0.053629998,1.57,0.02,20.0
2026-03-09 11:10:00+09:00,9818,大丸エナウィン,9818.T,スタンダード,intraday_5m,1803.0,-0.013136288998357948,,0.006841967062158116,,-0.013136288998357948,13837343744.0,16.231544,0.898576,0.06506,1.59,0.01,20.0
2026-03-09 09:45:00+09:00,9820,エムティジェネックス,9820.T,スタンダード,intraday_5m,3875.0,0.017060367454068137,,0.026251702714375824,,-0.01898734177215189,4170530816.0,16.082174,0.9717886,0.07402,1.01,0.030000000000000006,20.0
2026-03-09 11:30:00+09:00,9823,マミーマートホールディングス,9823.T,スタンダード,intraday_5m,1592.0,0.0,0.0,0.0032197485179301746,42.5531914893617,-0.05910165484633567,79621840896.0,15.176358,1.8285378,0.13215,1.32,0.042105263157894736,19.0
2026-03-09 11:20:00+09:00,9827,リリカラ,9827.T,スタンダード,intraday_5m,650.0,0.0030864197530864335,1.0212765957446808,0.00534157024238382,43.75,-0.02840059790732441,8006014976.0,66.53019,0.9858403,0.06336,10.76,0.04,20.0
2026-03-09 11:30:00+09:00,9828,Ｇｅｎｋｉ　Ｇｌｏｂａｌ　Ｄｉｎｉｎｇ　Ｃｏｎｃｅｐｔｓ,9828.T,スタンダード,intraday_5m,2912.0,0.00344589937973816,0.0,0.0023585704968395156,58.9041095890411,-0.015218126479540128,51424538624.0,11.437549,2.6770759,0.26961002,2.37,-0.020000000000000004,20.0
2026-03-09 11:10:00+09:00,9835,ジュンテンドー,9835.T,スタンダード,intraday_5m,507.0,-0.0019685039370078705,0.32432432432432434,0.004104735690975635,42.857142857142854,-0.011695906432748537,4111692032.0,24.647545,0.37030843,0.00885,1.95,0.04,20.0
2026-03-09 11:30:00+09:00,9845,パーカーコーポレーション,9845.T,スタンダード,intraday_5m,1583.0,0.0012650221378873727,0.10526315789473684,0.003058415570226003,73.6842105263158,-0.04924924924924923,39620046848.0,10.050156,0.8190419,0.08737001,1.98,0.02,20.0
2026-03-09 11:20:00+09:00,9846,天満屋ストア,9846.T,スタンダード,intraday_5m,962.0,0.0,0.36363636363636365,0.001680630195870781,22.222222222222214,-0.012320328542094416,11052288000.0,8.210293,0.40688765,0.05105,1.44,-0.01,20.0
2026-03-09 11:15:00+09:00,9849,共同紙販ホールディングス,9849.T,スタンダード,intraday_5m,4585.0,-0.0021762785636560977,,0.0,,-0.0021762785636560977,3099271936.0,237.56477,0.793872,0.0018000001,1.09,0.0,20.0
2026-03-09 11:30:00+09:00,9853,銀座ルノアール,9853.T,スタンダード,intraday_5m,945.0,0.010695187165775444,0.30000000000000004,0.005936722794558476,43.636363636363626,-0.004214963119072657,5772511744.0,242.93059,1.7777994,0.0171,0.32,0.05,20.0
2026-03-09 11:30:00+09:00,9854,愛眼,9854.T,スタンダード,intraday_5m,237.0,-0.004201680672268893,0.04633204633204633,0.004701361203392805,25.0,-0.04435483870967738,4599456768.0,20.413437,0.3720612,0.018760001,,0.01,20.0
2026-03-09 11:30:00+09:00,9856,ケーユーホールディングス,9856.T,スタンダード,intraday_5m,1242.0,0.0,0.0,0.002346575786226466,58.62068965517242,-0.028169014084507005,38944088064.0,7.1618037,0.5827123,0.085200004,5.95,0.0,20.0
2026-03-09 11:30:00+09:00,9857,英和,9857.T,スタンダード,intraday_5m,2534.0,0.0015810276679841806,0.25806451612903225,0.015515660299883023,,-0.05341800522973483,16036748288.0,8.209681,0.8913242,0.11726,2.99,0.04,20.0
2026-03-09 11:05:00+09:00,9867,ソレキア,9867.T,スタンダード,intraday_5m,11350.0,0.02714932126696823,0.7857142857142858,0.016766307958172424,,-0.017316017316017285,9805945856.0,7.4501953,0.80739194,0.14054,0.43,0.08,20.0
2026-03-09 11:30:00+09:00,9872,北恵,9872.T,スタンダード,intraday_5m,870.0,0.0,0.36363636363636365,0.0067185556849513346,34.0,-0.031180400890868598,8075712512.0,14.656334,0.66419715,0.06053,3.12,0.030000000000000006,20.0
2026-03-09 11:30:00+09:00,9876,コックス,9876.T,スタンダード,intraday_5m,260.0,0.019607843137254832,1.2485549132947977,0.008297232874140175,50.0,-0.03345724907063197,7182245376.0,6.482174,0.69219446,0.11418,,0.02,20.0
2026-03-09 11:25:00+09:00,9878,セキド,9878.T,スタンダード,intraday_5m,570.0,-0.01384083044982698,1.859154929577465,0.007618256257392022,18.604651162790702,-0.048414023372287174,1803258880.0,,1.6495538,-0.2789,,-0.020000000000000004,20.0
2026-03-09 11:30:00+09:00,9885,シャルレ,9885.T,スタンダード,intraday_5m,350.0,0.002865329512893977,0.2,0.006358496438845226,,-0.016853932584269704,5275322880.0,,0.3904028,-0.23035999,2.25,-0.030000000000000006,20.0
2026-03-09 11:25:00+09:00,9888,ＵＥＸ,9888.T,スタンダード,intraday_5m,827.0,0.00242424242424244,1.3333333333333333,0.0026751470079350633,50.0,-0.053775743707093815,9113049088.0,12.40066,0.49201208,0.03338,3.78,0.01,20.0
2026-03-09 11:05:00+09:00,9890,マキヤ,9890.T,スタンダード,intraday_5m,1200.0,0.0,0.5217391304347826,0.0029301144476287923,10.0,-0.018003273322422242,12006008832.0,7.7564473,0.5480173,0.06448,2.45,0.010526315789473684,19.0
2026-03-09 11:20:00+09:00,9895,コンセック,9895.T,スタンダード,intraday_5m,1283.0,-0.014592933947772613,0.7857142857142858,0.00706930586850964,,-0.01761102603369069,2256616192.0,,0.28001466,-0.01714,2.07,-0.05000000000000001,20.0
2026-03-09 11:30:00+09:00,9896,ＪＫホールディングス,9896.T,スタンダード,intraday_5m,1450.0,0.0,0.0,0.002495695362997011,37.5,-0.03074866310160429,39504207872.0,9.800609,0.6148072,0.05939,4.01,0.0,20.0
2026-03-09 10:55:00+09:00,9903,カンセキ,9903.T,スタンダード,intraday_5m,855.0,0.0,0.43478260869565216,0.008870990509478238,,-0.01041666666666663,6374946816.0,12.38592,0.56909025,-0.063140005,2.31,0.01,20.0
2026-03-09 11:30:00+09:00,9904,ベリテ,9904.T,スタンダード,intraday_5m,401.0,-0.0024875621890547706,0.0,0.005786726483329046,30.769230769230774,-0.04066985645933019,10880860160.0,22.953636,1.369138,-0.02575,5.02,0.01,20.0
2026-03-09 11:25:00+09:00,9906,藤井産業,9906.T,スタンダード,intraday_5m,4040.0,0.0,0.0,0.0126405074952264,41.1764705882353,-0.03579952267303099,34164518912.0,6.966718,0.85585296,0.13377,3.1,0.09,20.0
2026-03-09 11:30:00+09:00,9908,日本電計,9908.T,スタンダード,intraday_5m,2475.0,-0.0028203062046736616,0.2857142857142857,0.003000668278171217,71.60493827160494,-0.044032444959443806,27976669184.0,9.483849,0.91159785,0.109280005,3.48,0.02,20.0
2026-03-09 10:15:00+09:00,9913,日邦産業,9913.T,スタンダード,intraday_5m,3665.0,-0.009459459459459474,2.1875,0.012363850489354936,,-0.014784946236559127,33187616768.0,23.4575,1.9698412,0.09494001,2.1,0.07,20.0
2026-03-09 10:35:00+09:00,9914,植松商会,9914.T,スタンダード,intraday_5m,1130.0,-0.0017667844522968323,1.75,0.006972871349649753,,-0.0026478375992938785,2533620480.0,30.87432,0.79037446,0.03059,2.87,-0.01,20.0
2026-03-09 11:05:00+09:00,9927,ワットマン,9927.T,スタンダード,intraday_5m,968.0,0.0,0.5075528700906344,0.0006595878341463668,,0.0,8469050368.0,27.02401,2.3145878,0.13324,2.07,0.01,20.0
2026-03-09 10:40:00+09:00,9929,平和紙業,9929.T,スタンダード,intraday_5m,474.0,0.0,0.4,0.002332877249559754,,-0.012499999999999956,4384984576.0,57.108433,0.4362323,0.00764,2.5,-0.020000000000000004,20.0
2026-03-09 11:00:00+09:00,9930,北沢産業,9930.T,スタンダード,intraday_5m,350.0,-0.002849002849002802,3.230769230769231,0.0058189012507855005,,-0.011299435028248594,6506479616.0,12.722646,0.5787649,0.03273,2.82,-0.01,20.0
2026-03-09 11:25:00+09:00,9941,太洋物産,9941.T,スタンダード,intraday_5m,813.0,0.0012315270935960854,0.10810810810810811,0.013331646612808983,60.526315789473685,0.0683311432325886,1571688320.0,11.047697,1.5040069,0.16691999,,0.04,20.0
2026-03-09 11:20:00+09:00,9950,ハチバン,9950.T,スタンダード,intraday_5m,3470.0,0.0,1.7142857142857142,0.0024019454465303743,44.444444444444436,-0.002873563218390829,10201061376.0,101.75954,2.6760569,0.00954,0.57,-0.04,20.0
2026-03-09 11:30:00+09:00,9955,ヨンキュウ,9955.T,スタンダード,intraday_5m,3025.0,0.0,0.0,0.00853032596395437,34.61538461538461,-0.009819967266775809,37071482880.0,11.063564,0.92272276,0.09362,1.11,0.01,20.0
2026-03-09 11:25:00+09:00,9959,アシードホールディングス,9959.T,スタンダード,intraday_5m,1003.0,-0.0029821073558647937,0.0,0.013810518653392723,48.20143884892086,-0.018590998043052864,12373038080.0,14.892354,1.6087459,0.10876001,1.96,0.02,20.0
2026-03-09 11:25:00+09:00,9969,ショクブン,9969.T,スタンダード,intraday_5m,260.0,-0.003831417624521105,1.1830985915492958,0.0033475695271204847,45.45454545454546,-0.007633587786259555,3987794944.0,52.73834,1.6546913,0.03146,0.95,0.030000000000000006,20.0
2026-03-09 11:05:00+09:00,9972,アルテック,9972.T,スタンダード,intraday_5m,270.0,0.0,2.2647058823529416,0.0039271833145289505,,-0.018181818181818188,3717734912.0,,0.44306237,-0.20762,2.55,0.01,20.0
2026-03-09 11:30:00+09:00,9973,ＫＯＺＯホールディングス,9973.T,スタンダード,intraday_5m,24.0,0.0,0.0,0.02458293208856867,50.0,-0.040000000000000036,7070747136.0,,18.927444,-2.60571,,0.030000000000000006,20.0
2026-03-09 11:25:00+09:00,9976,セキチュー,9976.T,スタンダード,intraday_5m,1010.0,-0.0059055118110236116,3.7499999999999996,0.0027757491791557567,,-0.029779058597502406,5513183744.0,11.70336,0.5129669,-0.00037999998,1.92,-0.020000000000000004,20.0
2026-03-09 11:30:00+09:00,9978,文教堂グループホールディングス,9978.T,スタンダード,intraday_5m,47.0,-0.02083333333333337,0.1016949152542373,0.01024663990205432,25.0,-0.02083333333333337,2059631360.0,,1.863896,-0.12865,,-0.02,20.0
2026-03-09 11:30:00+09:00,9979,大庄,9979.T,スタンダード,intraday_5m,1095.0,0.0018298261665141702,0.0,0.001749729703742016,50.0,-0.0072529465095194645,22978656256.0,19.581545,2.0553343,0.10068,1.27,0.030000000000000006,20.0
2026-03-09 11:30:00+09:00,9980,ＭＲＫホールディングス,9980.T,スタンダード,intraday_5m,122.0,0.0,0.5627586206896551,0.012847332851572895,55.55555555555556,-0.06870229007633588,11796830208.0,25.469728,0.79119563,0.08796,0.76,0.02,20.0
2026-03-09 11:25:00+09:00,9982,タキヒヨー,9982.T,スタンダード,intraday_5m,2195.0,-0.0004553734061930603,1.2151898734177216,0.00744822320317195,42.52873563218391,-0.03643546971027212,18676672512.0,12.059777,0.5772183,0.0456,1.98,0.06,20.0
2026-03-09 11:10:00+09:00,9986,蔵王産業,9986.T,スタンダード,intraday_5m,2610.0,-0.0007656967840734552,0.5454545454545454,0.00306383807007734,,0.0,14193814528.0,19.455833,1.2645092,0.07355,3.83,0.05,20.0
2026-03-09 11:25:00+09:00,9993,ヤマザワ,9993.T,スタンダード,intraday_5m,1163.0,-0.0008591065292096189,0.5454545454545454,0.003437640767059198,,-0.0008591065292096189,11940406272.0,,0.47137767,-0.01509,2.32,0.030000000000000006,20.0
2026-03-09 11:30:00+09:00,9994,やまや,9994.T,スタンダード,intraday_5m,2201.0,0.0009095043201454711,0.2181818181818182,0.004445944331144074,43.18181818181818,-0.034649122807017596,23862018048.0,8.394355,0.6430947,0.09191,3.07,-0.030000000000000006,20.0
2026-03-09 09:00:00+09:00,9996,サトー商会,9996.T,スタンダード,intraday_5m,2409.0,-0.005367464905037145,0.0,0.012779359133943121,,-0.005367464905037145,20091576320.0,15.325402,0.7440329,0.04843,1.9,0.02,20.0
2026-03-09 11:30:00+09:00,1301,極洋,1301.T,プライム,intraday_5m,5090.0,0.0,0.0,0.0025501447214861628,60.0,-0.015473887814313358,60455657472.0,8.829754,0.81711924,,2.9,0.01,20.0
2026-03-09 11:30:00+09:00,1332,ニッスイ,1332.T,プライム,intraday_5m,1355.0,-0.0007374631268436405,0.0,0.002537920424863961,51.21951219512195,-0.05211612451906256,410934935552.0,15.438077,1.4470234,0.1066,2.52,0.030000000000000006,20.0
2026-03-09 11:30:00+09:00,1333,マルハニチロ,1333.T,プライム,intraday_5m,1463.0,0.0003418803418804295,0.11029411764705883,0.0016449246315073456,46.2962962962963,-0.03176704169424227,221172613120.0,10.096619,0.9238024,0.08513,2.69,0.030000000000000006,20.0
2026-03-09 11:30:00+09:00,1375,ユキグニファクトリー,1375.T,プライム,intraday_5m,1076.0,0.0,0.0,0.0011939904374138502,60.0,0.003731343283582156,42913918976.0,50.946968,2.9510336,0.1008,1.49,0.030000000000000006,20.0
2026-03-09 11:25:00+09:00,1377,サカタのタネ,1377.T,プライム,intraday_5m,4160.0,0.001203369434416457,0.3287671232876712,0.0017711107303429808,55.55555555555556,-0.018867924528301883,175800336384.0,15.549076,1.0583729,0.07039,1.89,0.05,20.0
2026-03-09 11:30:00+09:00,1379,ホクト,1379.T,プライム,intraday_5m,1944.0,0.0,0.0,0.0010091654669524227,45.00000000000001,-0.015197568389057725,60845379584.0,11.040436,0.98109823,0.107080005,2.79,0.04,20.0
2026-03-09 11:30:00+09:00,1414,ショーボンドホールディングス,1414.T,プライム,intraday_5m,1369.0,-0.0003650967506388936,0.03462204270051933,0.0016901668911803234,38.18181818181818,-0.02596940590537178,278028484608.0,18.987518,2.6607945,0.1387,3.24,0.01,20.0
2026-03-09 11:30:00+09:00,1417,ミライト・ワン,1417.T,プライム,intraday_5m,3496.0,0.0005724098454493731,0.0,0.003175929218136361,53.741496598639465,-0.060720042987641,309956476928.0,15.499889,1.1781414,0.08816,2.42,0.030000000000000006,20.0
2026-03-09 11:30:00+09:00,1419,タマホーム,1419.T,プライム,intraday_5m,3895.0,-0.002560819462227859,0.0,0.0016321548886731134,40.0,-0.007643312101910826,112908877824.0,46.590908,4.1016016,0.08319,4.99,0.02,20.0
2026-03-09 11:30:00+09:00,1429,日本アクア,1429.T,プライム,intraday_5m,764.0,0.002624671916010568,0.0,0.0019182783155068705,37.5,-0.046192259675405745,24609378304.0,12.027708,2.1153123,0.17096001,4.37,0.03333333333333334,18.0
2026-03-09 11:25:00+09:00,1433,ベステラ,1433.T,プライム,intraday_5m,1229.0,0.002446982055464897,0.46153846153846156,0.0023286451092477075,51.85185185185185,-0.039843749999999956,10890058752.0,21.721457,2.0574512,0.12037,2.34,0.030000000000000006,20.0
2026-03-09 11:30:00+09:00,1515,日鉄鉱業,1515.T,プライム,intraday_5m,2780.0,-0.0007189072609633529,0.0,0.007344239446311,41.5929203539823,-0.14064914992272026,218736508928.0,22.320353,1.4483919,0.07014,1.85,0.02,20.0
2026-03-09 11:30:00+09:00,1518,三井松島ホールディングス,1518.T,プライム,intraday_5m,1344.0,0.0,0.0,0.0023955688698229804,46.666666666666664,-0.05485232067510548,51643953152.0,6.6233,0.9745706,0.18361999,4.5,0.05,20.0
2026-03-09 11:30:00+09:00,1605,ＩＮＰＥＸ,1605.T,プライム,intraday_5m,4168.0,-0.0007192519779429807,0.0,0.005697973516852188,50.0,0.018821803959911954,4843954503680.0,12.609288,1.0232146,0.08457,2.64,-0.02,20.0
2026-03-09 11:30:00+09:00,1662,石油資源開発,1662.T,プライム,intraday_5m,2384.0,-0.00041928721174000483,0.0,0.0057888437771590655,61.53846153846153,-0.011198672749896277,610203860992.0,7.02768,1.0812179,0.084139995,1.66,0.02,20.0
2026-03-09 11:30:00+09:00,1663,Ｋ＆Ｏエナジーグループ,1663.T,プライム,intraday_5m,4995.0,0.0,0.0,0.004391982487792672,53.19148936170213,-0.0167322834645669,133309218816.0,15.962037,1.2644837,0.088690005,1.18,0.030000000000000006,20.0
2026-03-09 11:30:00+09:00,1719,安藤・間,1719.T,プライム,intraday_5m,1880.0,0.0007985094490283728,0.0,0.00226221668184961,52.77777777777778,-0.043743641912512676,294719684608.0,11.145365,1.5711654,,4.07,0.02,20.0
2026-03-09 11:30:00+09:00,1720,東急建設,1720.T,プライム,intraday_5m,1436.0,-0.0006958942240778976,0.08677685950413223,0.0035375368663554214,51.92307692307693,-0.07830551989730428,152142839808.0,22.869883,1.453128,0.11707,2.57,0.030000000000000006,20.0
2026-03-09 11:30:00+09:00,1721,コムシスホールディングス,1721.T,プライム,intraday_5m,5184.0,-0.0015408320493066618,0.15286624203821655,0.002331685019351469,56.86274509803922,-0.04212860310421285,602119667712.0,19.195734,1.5736883,0.08924,2.22,0.02,20.0
2026-03-09 11:30:00+09:00,1726,ビーアールホールディングス,1726.T,プライム,intraday_5m,529.0,0.0,0.0,0.0008595135607548023,50.0,0.0,23949219840.0,20.967104,1.5624492,0.080340005,3.02,0.02,20.0
2026-03-09 11:30:00+09:00,1762,高松コンストラクショングループ,1762.T,プライム,intraday_5m,3570.0,-0.0013986013986013734,0.0,0.0028774616444619656,47.368421052631575,-0.05555555555555558,124301934592.0,11.939799,0.8799638,0.07567,2.38,0.02,20.0
2026-03-09 11:25:00+09:00,1766,東建コーポレーション,1766.T,プライム,intraday_5m,14330.0,0.0,0.5294117647058824,0.006296654133219232,42.42424242424243,-0.021843003412969297,192646496256.0,11.453829,1.4036855,0.1283,2.46,0.06,20.0
2026-03-09 11:25:00+09:00,1773,ワイ・ティー・エル・コーポレーション・バーハッド,1773.T,プライム,intraday_5m,71.0,0.05970149253731338,2.181818181818182,0.028137343779369408,,-0.06578947368421051,824462802944.0,12.283736,1.1897124,0.13242,2.36,0.03333333333333334,18.0
2026-03-09 11:30:00+09:00,1780,ヤマウラ,1780.T,プライム,intraday_5m,1562.0,-0.000639795265515053,0.0,0.0017860502333602543,42.30769230769231,-0.02375000000000005,29564329984.0,8.415948,1.1560317,0.14836,1.88,0.05555555555555555,18.0
2026-03-09 11:30:00+09:00,1786,オリエンタル白石,1786.T,プライム,intraday_5m,385.0,0.0,0.0,0.0015801250662274252,0.0,-0.03990024937655856,49523572736.0,13.893902,0.9458646,0.06336,3.62,0.030000000000000006,20.0
2026-03-09 11:30:00+09:00,1801,大成建設,1801.T,プライム,intraday_5m,16485.0,-0.0012117540139351402,0.06012024048096193,0.00357475364160961,48.03149606299212,-0.0989341350095655,2687225561088.0,20.157988,3.1163502,,1.37,0.02,20.0
2026-03-09 11:30:00+09:00,1802,大林組,1802.T,プライム,intraday_5m,3764.0,0.0007976601967560892,0.05657041838538598,0.0030929039281464197,50.96774193548388,-0.057586379569354085,2587457224704.0,15.785942,2.1667886,0.15325,2.18,0.01,20.0
2026-03-09 11:30:00+09:00,1803,清水建設,1803.T,プライム,intraday_5m,2945.5,-0.0006785411365564098,0.0,0.004582643056409612,43.6426116838488,-0.10143380109823064,1992796798976.0,19.968138,2.2195413,0.11965,1.98,0.0,20.0
2026-03-09 11:30:00+09:00,1808,長谷工コーポレーション,1808.T,プライム,intraday_5m,3051.0,-0.0006550933508024936,0.0,0.0021375415301422645,39.02439024390244,-0.055417956656346745,807459422208.0,21.085005,1.5278804,0.10509,2.79,0.01,20.0
2026-03-09 11:30:00+09:00,1812,鹿島建設,1812.T,プライム,intraday_5m,5975.0,0.0,0.0,0.0033370116866830945,51.320754716981135,-0.07234901412824091,2784019611648.0,16.714222,2.0911615,,2.05,0.030000000000000006,20.0
2026-03-09 11:30:00+09:00,1813,不動テトラ,1813.T,プライム,intraday_5m,3345.0,0.0045045045045044585,0.0,0.0036074256143584864,50.0,-0.07340720221606645,50676322304.0,16.755999,1.3727244,0.10812,2.49,0.030000000000000006,20.0
2026-03-09 11:30:00+09:00,1814,大末建設,1814.T,プライム,intraday_5m,3710.0,0.0,4.397905759162303,0.003936893310607836,48.717948717948715,-0.08281829419035847,38543941632.0,13.028058,1.580635,0.16188999,4.3,0.04,20.0
2026-03-09 11:30:00+09:00,1815,鉄建建設,1815.T,プライム,intraday_5m,4290.0,0.0,0.0,0.0031790178487484362,50.0,-0.06739130434782614,59760865280.0,17.663044,0.7650515,0.04005,3.48,0.030000000000000006,20.0
2026-03-09 11:25:00+09:00,1820,西松建設,1820.T,プライム,intraday_5m,5911.0,0.0020342430920494703,0.14634146341463414,0.0021577957892346235,46.715328467153284,-0.05469374700143936,233394176000.0,12.967269,1.2772485,,3.52,0.030000000000000006,20.0
2026-03-09 11:30:00+09:00,1833,奥村組,1833.T,プライム,intraday_5m,6420.0,0.0015600624024960652,0.0,0.002402786199208451,55.0,-0.05169867060561295,230290440192.0,17.82541,1.2039312,0.029289998,4.55,0.04,20.0
2026-03-09 11:30:00+09:00,1835,東鉄工業,1835.T,プライム,intraday_5m,5150.0,-0.003868471953578312,0.0,0.002819763313071775,37.5,-0.06871609403254975,177375428608.0,13.837762,1.4033008,0.10741,2.89,0.04,20.0
2026-03-09 11:30:00+09:00,1852,淺沼組,1852.T,プライム,intraday_5m,1002.0,-0.0009970089730807485,0.0,0.0020530583677604314,48.14814814814815,-0.04933586337760909,80888414208.0,13.658669,1.6799594,0.13019,4.13,0.04,20.0
2026-03-09 11:30:00+09:00,1860,戸田建設,1860.T,プライム,intraday_5m,1478.0,-0.0013513513513513375,0.0,0.0031262071697378663,43.96551724137931,-0.06691919191919193,443702378496.0,14.422326,1.1785015,0.10925,3.16,0.02,20.0
2026-03-09 11:30:00+09:00,1861,熊谷組,1861.T,プライム,intraday_5m,1616.0,0.0,0.0,0.002695095289049423,47.99999999999999,-0.0744558991981672,279298310144.0,20.164711,1.4893185,0.11468001,2.58,0.02,20.0
2026-03-09 11:30:00+09:00,1870,矢作建設工業,1870.T,プライム,intraday_5m,2125.0,0.0009420631182288641,0.0,0.002433244999382442,52.38095238095238,-0.06056587091069854,91454521344.0,8.779903,1.2505399,0.1532,3.98,0.04,20.0
2026-03-09 11:25:00+09:00,1871,ピーエス・コンストラクション,1871.T,プライム,intraday_5m,2760.0,0.002178649237472685,0.13533834586466167,0.0035784934155081733,44.1860465116279,-0.09210526315789469,129222795264.0,14.596224,2.056992,0.15507,3.59,0.06,20.0
2026-03-09 11:25:00+09:00,1873,日本ハウスホールディングス,1873.T,プライム,intraday_5m,303.0,0.0,0.0,0.0034209008785169017,25.0,-0.028846153846153855,12119452672.0,54.594593,0.55767727,,3.53,0.0,20.0
2026-03-09 11:30:00+09:00,1878,大東建託,1878.T,プライム,intraday_5m,3623.0,0.0,0.0,0.001545309919485646,54.09836065573771,-0.005489980785067239,1200508370944.0,12.701139,2.4530249,0.1974,3.93,0.04,20.0
2026-03-09 11:30:00+09:00,1879,新日本建設,1879.T,プライム,intraday_5m,1918.0,-0.002081165452653466,0.28125,0.001970164433967713,46.80851063829787,-0.0528395061728395,112183132160.0,8.221879,0.8839153,0.11416,2.86,0.030000000000000006,20.0
2026-03-09 11:30:00+09:00,1882,東亜道路工業,1882.T,プライム,intraday_5m,1780.0,0.0011248593925758943,0.0,0.001997778240435398,46.93877551020408,-0.03418339663591974,82256093184.0,20.592318,1.5962752,0.06459,4.88,0.0,20.0
2026-03-09 11:30:00+09:00,1885,東亜建設工業,1885.T,プライム,intraday_5m,3165.0,-0.001577287066246047,0.03814367450731087,0.0041542405086063255,42.857142857142854,-0.11592178770949724,244663975936.0,15.7032995,2.2403557,0.16404,2.15,0.02,20.0
2026-03-09 11:30:00+09:00,1887,日本国土開発,1887.T,プライム,intraday_5m,602.0,0.0016638935108153063,0.0,0.0027648444422641526,50.0,-0.0637636080870918,48001708032.0,22.288042,0.70464325,0.03178,3.11,0.05,20.0
2026-03-09 11:30:00+09:00,1888,若築建設,1888.T,プライム,intraday_5m,4365.0,0.0,3.75,0.009519392764677208,47.368421052631575,-0.024581005586592153,55539789824.0,12.634961,1.1119968,0.08552,2.93,0.04,20.0
2026-03-09 11:30:00+09:00,1893,五洋建設,1893.T,プライム,intraday_5m,1710.5,0.0008777062609712782,0.0,0.004172069789164467,46.1139896373057,-0.09855072463768111,467109904384.0,24.166431,2.5178702,0.18159,2.32,0.01,20.0
2026-03-09 11:30:00+09:00,1898,世紀東急工業,1898.T,プライム,intraday_5m,1548.0,-0.0019342359767892114,0.22900763358778625,0.0019241809385738163,42.10526315789474,-0.0337078651685393,56706904064.0,12.697891,1.3564585,0.101169996,4.37,0.04,20.0
2026-03-09 11:25:00+09:00,1899,福田組,1899.T,プライム,intraday_5m,7170.0,-0.0013927576601671099,0.5901639344262295,0.0022842581453552053,41.66666666666667,-0.05284015852047552,59369320448.0,10.702451,0.66111964,0.06387,3.43,0.021052631578947368,19.0
2026-03-09 11:30:00+09:00,1911,住友林業,1911.T,プライム,intraday_5m,1458.0,-0.0006854009595613775,0.0,0.002270240173778769,39.99999999999999,-0.045499181669394484,891470544896.0,8.372574,0.88789773,0.12826,3.27,0.01,20.0
2026-03-09 11:30:00+09:00,1925,大和ハウス工業,1925.T,プライム,intraday_5m,5273.0,0.0007591573353578074,0.0,0.0013185286119582658,62.10526315789473,-0.010879759894954044,3265824292864.0,10.716391,1.1977942,0.11734,3.1,0.02,20.0
2026-03-09 11:30:00+09:00,1926,ライト工業,1926.T,プライム,intraday_5m,3870.0,0.0,0.0,0.002690062434298337,42.857142857142854,-0.05030674846625771,165686984704.0,15.543417,1.8747747,0.13942,2.9,0.05,20.0
2026-03-09 11:30:00+09:00,1928,積水ハウス,1928.T,プライム,intraday_5m,3533.0,0.00028312570781419133,0.021753908905506457,0.002002573160310788,60.24096385542169,-0.009809417040358759,2290223939584.0,11.460361,1.0703924,0.11247,4.09,0.02,20.0
2026-03-09 11:30:00+09:00,1929,日特建設,1929.T,プライム,intraday_5m,1257.0,0.0007961783439489611,0.0,0.0024804814911286257,57.142857142857146,-0.05203619909502266,52504649728.0,15.642111,1.4534043,0.11303,3.7,0.02,20.0
2026-03-09 11:25:00+09:00,1930,北陸電気工事,1930.T,プライム,intraday_5m,1527.0,0.0026263952724885353,0.46153846153846156,0.0035237443655280593,55.769230769230774,-0.07060255629945222,41996386304.0,13.548044,0.94448215,0.07989,2.68,0.01,20.0
2026-03-09 11:30:00+09:00,1934,ユアテック,1934.T,プライム,intraday_5m,2546.0,-0.00039261876717711086,0.0,0.0033175916668408568,56.43564356435643,-0.0778703368344803,174878228480.0,14.430653,1.1631855,0.09029,2.61,0.04,20.0
2026-03-09 11:30:00+09:00,1938,日本リーテック,1938.T,プライム,intraday_5m,2628.0,-0.0018989745537409952,0.0,0.0037666692549074296,47.916666666666664,-0.08015400770038505,65123278848.0,12.991893,0.994913,0.08975001,2.87,-0.01,20.0
2026-03-09 11:25:00+09:00,1939,四電工,1939.T,プライム,intraday_5m,1856.0,0.0016189962223420729,0.1411764705882353,0.0028739931142659756,59.64912280701754,-0.04575835475578405,87853686784.0,17.255486,1.3037379,0.08168,3.7,0.030000000000000006,20.0
2026-03-09 11:25:00+09:00,1941,中電工,1941.T,プライム,intraday_5m,4485.0,0.004479283314669624,0.19672131147540983,0.0029328168905119975,57.57575757575758,-0.04978813559322037,242925944832.0,11.475871,1.0191773,0.07515,2.75,0.030000000000000006,20.0
2026-03-09 11:30:00+09:00,1942,関電工,1942.T,プライム,intraday_5m,5771.0,-0.0005195704883962371,0.0,0.003667293253658438,43.70078740157481,-0.09701142231262716,1179630698496.0,22.918074,2.9448519,0.15217,1.88,0.02,20.0
2026-03-09 11:30:00+09:00,1944,きんでん,1944.T,プライム,intraday_5m,7227.0,-0.0009676527508984956,0.0,0.003407117247087397,39.25925925925927,-0.08623087621696801,1430894280704.0,23.983673,2.2732956,0.1047,1.58,0.0,20.0
2026-03-09 11:30:00+09:00,1945,東京エネシス,1945.T,プライム,intraday_5m,1693.0,0.0,0.0,0.0028986708282761025,49.23076923076923,-0.07788671023965144,56097460224.0,15.042203,0.8023548,0.067379996,3.16,0.01,20.0
2026-03-09 11:30:00+09:00,1946,トーエネック,1946.T,プライム,intraday_5m,1950.0,0.0,0.21176470588235294,0.0037889769693631023,57.14285714285714,-0.0866510538641686,181024309248.0,11.985986,1.2728908,0.114750005,3.04,0.02,20.0
2026-03-03 00:00:00+09:00,1949,住友電設,1949.T,プライム,daily_fallback,10172525568.0,-5.123499489056993e-05,,0.0013292354270413708,46.51247283225744,-5.123499489056993e-05,329800.0,2.5427968e-05,2.7396936,0.14375,1.61,0.06,20.0
2026-03-09 11:30:00+09:00,1950,日本電設工業,1950.T,プライム,intraday_5m,4720.0,0.0010604453870626251,0.0,0.0029933921561987645,51.35135135135135,-0.08171206225680938,275517276160.0,17.659384,1.3449101,0.090679996,2.24,0.0,20.0
2026-03-09 11:30:00+09:00,1951,エクシオグループ,1951.T,プライム,intraday_5m,2656.5,0.0015080113100849335,0.0,0.0025404791154818034,58.88888888888889,-0.047166427546628364,543487000576.0,17.87685,1.660022,0.1076,2.37,0.030000000000000006,20.0
2026-03-09 11:30:00+09:00,1952,新日本空調,1952.T,プライム,intraday_5m,3485.0,0.0,0.0,0.004362343856675989,47.22222222222223,-0.08769633507853403,158294032384.0,13.51561,2.0733335,0.18035,3.66,0.05,20.0
2026-03-09 11:30:00+09:00,1959,クラフティア,1959.T,プライム,intraday_5m,9166.0,0.0008735531775496685,0.0,0.0022681338107437324,52.65486725663717,-0.07132725430597775,648357281792.0,21.154423,1.9728867,0.106359996,2.03,0.030000000000000006,20.0
2026-03-09 11:30:00+09:00,1961,三機工業,1961.T,プライム,intraday_5m,6500.0,-0.001536098310291889,0.0,0.0036154102071426822,46.666666666666664,-0.09722222222222221,330963451904.0,18.575674,3.0758283,0.1899,2.29,0.02,20.0
2026-03-09 11:30:00+09:00,1963,日揮ホールディングス,1963.T,プライム,intraday_5m,2012.5,-0.0004966476285075405,0.0,0.0037826683460523004,45.108695652173914,-0.08957249491065367,486725451776.0,,1.1349173,0.082399994,1.81,0.0,20.0
2026-03-09 11:25:00+09:00,1964,中外炉工業,1964.T,プライム,intraday_5m,4395.0,0.003424657534246478,0.4444444444444444,0.0028700347428015174,51.85185185185185,-0.06588735387885225,31808518144.0,9.104468,1.1017299,0.15656,3.19,0.05,20.0
2026-03-09 11:30:00+09:00,1968,太平電業,1968.T,プライム,intraday_5m,2652.0,-0.0037565740045079066,0.0,0.0031784470265111475,41.07142857142856,-0.07240293809024134,167353565184.0,18.295965,1.3581196,0.09449001,2.45,0.02,20.0
2026-03-09 11:30:00+09:00,1969,高砂熱学工業,1969.T,プライム,intraday_5m,4552.0,0.0008795074758134458,0.2954856361149111,0.003629915101979058,53.96039603960396,-0.09268487143711379,595697664000.0,15.172322,2.9872334,0.22594999,2.23,0.030000000000000006,20.0
2026-03-09 11:25:00+09:00,1975,朝日工業社,1975.T,プライム,intraday_5m,3740.0,0.0,0.875912408759124,0.003680311915207332,48.38709677419355,-0.09552599758162028,96390553600.0,13.600988,2.1399736,0.18327999,4.11,0.05,20.0
2026-03-09 11:30:00+09:00,1976,明星工業,1976.T,プライム,intraday_5m,1761.0,0.0011370096645821892,0.5084745762711864,0.0023775950503869517,37.5,-0.07364544976328247,80833650688.0,11.408396,1.1862005,0.120699994,3.16,0.04,20.0
2026-03-09 11:30:00+09:00,1979,大氣社,1979.T,プライム,intraday_5m,3370.0,0.0,0.0759493670886076,0.0025978316748246446,47.826086956521735,-0.07417582417582413,212308656128.0,16.925318,1.3907379,0.09989,2.58,0.030000000000000006,20.0
2026-03-09 11:30:00+09:00,1980,ダイダン,1980.T,プライム,intraday_5m,2848.0,-0.00070175438596487,0.0,0.0040813647773997545,44.285714285714285,-0.11138845553822152,368479207424.0,14.959554,3.0825949,0.22097,2.81,0.04,20.0
2026-03-09 11:30:00+09:00,1982,日比谷総合設備,1982.T,プライム,intraday_5m,5640.0,0.0,0.22641509433962262,0.003832572769012127,56.25,-0.0903225806451613,121455321088.0,20.17023,1.6084685,0.1104,2.58,0.030000000000000006,20.0
2026-03-09 11:30:00+09:00,2001,ニップン,2001.T,プライム,intraday_5m,2725.0,0.0007344840249725593,0.09137055837563451,0.0014602293977837182,52.38095238095237,-0.01232330554548755,227438968832.0,11.986452,0.83359665,0.08039,2.39,0.02,20.0
2026-03-09 11:30:00+09:00,2002,日清製粉グループ本社,2002.T,プライム,intraday_5m,2091.0,-0.00023906287353570033,0.0,0.0014573391743036717,56.52173913043478,-0.009004739336492928,594399133696.0,24.774881,1.1738559,0.053590003,2.84,0.04,20.0
2026-03-09 11:30:00+09:00,2004,昭和産業,2004.T,プライム,intraday_5m,3315.0,0.0,0.0,0.002038042756751497,66.66666666666666,-0.005997001499250421,107730739200.0,10.995754,0.73979354,0.07174,3.0,0.02,20.0
2026-03-09 11:30:00+09:00,2053,中部飼料,2053.T,プライム,intraday_5m,1800.0,0.0,1.4666666666666666,0.0021721379705324528,57.77777777777777,-0.031737493275954765,53140246528.0,15.200135,0.7386125,0.07118,3.23,0.04,20.0
2026-03-09 11:30:00+09:00,2060,フィード・ワン,2060.T,プライム,intraday_5m,1218.0,0.0,0.16289592760180996,0.002518564754587798,60.0,-0.037154150197628466,46612295680.0,9.006878,0.7860666,0.11071999,2.92,0.06,20.0
2026-03-09 11:25:00+09:00,2108,日本甜菜製糖,2108.T,プライム,intraday_5m,4140.0,0.004854368932038833,0.24,0.003660413320382496,47.368421052631575,-0.03383897316219375,50046742528.0,,0.67455715,-0.022839999,1.87,0.05,20.0
2026-03-09 11:25:00+09:00,2109,ＤＭ三井製糖,2109.T,プライム,intraday_5m,3395.0,0.0,0.0,0.0020791685347463437,56.25,-0.008759124087591275,105641533440.0,19.284294,0.9273301,0.033570003,3.8,-0.01,20.0
2026-03-09 11:30:00+09:00,2117,ウェルネオシュガー,2117.T,プライム,intraday_5m,2867.0,0.0,0.8089887640449439,0.0026319448834816388,46.2962962962963,-0.020498804236419588,93893541888.0,16.51783,1.2275298,0.082159996,3.69,0.06,20.0
2026-03-09 11:30:00+09:00,2120,ＬＩＦＵＬＬ,2120.T,プライム,intraday_5m,197.0,0.0,0.0,0.0053350089737110185,50.0,-0.07075471698113212,25242652672.0,10.133744,0.9815156,0.10467,2.46,0.02,20.0
2026-03-09 11:30:00+09:00,2121,ＭＩＸＩ,2121.T,プライム,intraday_5m,2593.0,0.00038580246913588745,0.0,0.0017804921442672456,41.17647058823529,-0.01256664127951257,168821014528.0,10.350471,0.96634275,0.10026,4.57,0.0,20.0
2026-03-09 11:30:00+09:00,2124,ジェイエイシーリクルートメント,2124.T,プライム,intraday_5m,867.0,0.0,0.0,0.0018681664887206762,50.0,-0.01477272727272727,137334988800.0,16.364666,6.146408,0.41544998,4.32,0.030000000000000006,20.0
2026-03-09 11:30:00+09:00,2127,日本Ｍ＆Ａセンターホールディングス,2127.T,プライム,intraday_5m,637.0999755859375,0.0001569475446427937,0.0,0.002074467458630248,50.898153258021246,-0.03308551831897566,202167074816.0,16.007538,4.228895,0.30945998,3.49,0.02,20.0
2026-03-09 11:30:00+09:00,2130,メンバーズ,2130.T,プライム,intraday_5m,1083.0,0.0,0.0,0.0029902856368343297,52.94117647058823,-0.03904170363797688,13843150848.0,15.96168,2.3417585,0.16775,2.93,0.04,20.0
2026-03-09 11:30:00+09:00,2146,ＵＴグループ,2146.T,プライム,intraday_5m,198.0,-0.005025125628140725,0.0,0.003637640466140775,37.5,-0.052631578947368474,113003511808.0,20.689655,3.6556323,0.17708999,4.98,0.030000000000000006,20.0
2026-03-09 11:30:00+09:00,2148,アイティメディア,2148.T,プライム,intraday_5m,1846.0,0.0,0.0,0.0011454143618728578,55.55555555555556,-0.021727609962904126,35855876096.0,25.948833,4.354369,0.15279001,5.3,0.022222222222222223,18.0
2026-03-09 11:30:00+09:00,2153,Ｅ・Ｊホールディングス,2153.T,プライム,intraday_5m,1777.0,0.0,0.11538461538461539,0.002067025553835131,50.0,-0.028430836522689962,32077821952.0,8.651412,0.91221297,0.09323,3.77,0.0,20.0
2026-03-09 11:25:00+09:00,2154,オープンアップグループ,2154.T,プライム,intraday_5m,1806.0,0.0005540166204986985,0.6782608695652174,0.002014275665630784,52.5,-0.022727272727272707,153411125248.0,11.84573,1.9771522,0.17187999,4.6,0.04,20.0
2026-03-09 11:30:00+09:00,2157,コシダカホールディングス,2157.T,プライム,intraday_5m,1057.0,-0.000945179584120992,0.0,0.002395466905287906,31.818181818181827,-0.032936870997255285,87121731584.0,17.776657,2.4985285,0.16570999,2.38,0.0,20.0
2026-03-09 11:25:00+09:00,2163,アルトナー,2163.T,プライム,intraday_5m,1959.0,0.0010219724067450642,0.4864864864864865,0.0014605009664878064,51.515151515151516,-0.02634194831013914,20815085568.0,15.309472,4.21546,0.28535998,4.17,0.02,20.0
2026-03-09 11:30:00+09:00,2168,パソナグループ,2168.T,プライム,intraday_5m,1914.0,0.0,0.0,0.002394838649055214,43.39622641509434,-0.03479576399394857,71491469312.0,,0.55399996,-0.034849998,0.76,0.02,20.0
2026-03-09 11:25:00+09:00,2170,リンクアンドモチベーション,2170.T,プライム,intraday_5m,537.0,0.001865671641791078,0.0780065005417118,0.00266422900760298,44.444444444444436,-0.03590664272890487,57190490112.0,35.96785,4.383602,0.12942,2.94,0.04,20.0
2026-03-09 11:30:00+09:00,2175,エス・エム・エス,2175.T,プライム,intraday_5m,1668.0,0.0,0.0,0.002441472812422329,34.78260869565217,-0.04685714285714282,136910184448.0,18.873049,3.0884314,0.15786,1.69,0.01,20.0
2026-03-09 11:30:00+09:00,2181,パーソルホールディングス,2181.T,プライム,intraday_5m,242.6999969482422,-0.00041188674735848085,0.0,0.0015857005358678269,39.1305213156952,-0.004511919974349188,541433757696.0,14.004616,2.603016,0.19106,4.51,0.02,20.0
2026-03-09 11:25:00+09:00,2198,アイ・ケイ・ケイホールディングス,2198.T,プライム,intraday_5m,808.0,-0.0024691358024691024,0.32432432432432434,0.0018262665732081892,46.15384615384615,-0.008588957055214674,23511232512.0,11.887597,1.9338424,0.17277001,2.94,0.021052631578947368,19.0
2026-03-09 11:30:00+09:00,2201,森永製菓,2201.T,プライム,intraday_5m,2704.5,-0.0001848428835490301,0.0,0.0012371522474031696,61.29032258064516,-0.025054073540014432,227234496512.0,13.465943,1.6910015,0.14996,2.34,0.02,20.0
2026-03-09 11:25:00+09:00,2206,江崎グリコ,2206.T,プライム,intraday_5m,5998.0,-0.0004999166805532695,0.9107142857142857,0.0022695535704384383,34.04255319148936,0.0008343066911395969,381852155904.0,75.81848,1.3740194,0.01845,1.59,0.06,20.0
2026-03-09 11:30:00+09:00,2207,ｍｅｉｔｏ,2207.T,プライム,intraday_5m,2812.0,0.0,1.6470588235294117,0.0014414163427375736,45.833333333333336,-0.013333333333333308,45843795968.0,13.534196,0.75395066,0.05481,1.93,0.030000000000000006,20.0
2026-03-09 11:25:00+09:00,2209,井村屋グループ,2209.T,プライム,intraday_5m,2453.0,0.0016333197223357132,0.0,0.0025805398891540128,58.064516129032256,-0.012082158679017296,31391344640.0,12.211879,1.290965,0.102060005,1.45,0.04,20.0
2026-03-09 11:30:00+09:00,2211,不二家,2211.T,プライム,intraday_5m,2438.0,-0.0016380016380016515,0.0,0.0022319070921721722,50.0,-0.003677973028197834,62841057280.0,47.220608,1.0364144,0.037130002,1.23,0.02,20.0
2026-03-09 11:30:00+09:00,2212,山崎製パン,2212.T,プライム,intraday_5m,3338.0,0.0,0.0,0.0017410009795310927,47.72727272727273,-0.007728894173602896,659438239744.0,16.134178,1.4340829,0.08948,1.78,0.01,20.0
2026-03-09 11:30:00+09:00,2217,モロゾフ,2217.T,プライム,intraday_5m,1508.0,0.0006635700066357497,0.0,0.0015533074615198391,63.333333333333336,0.0006635700066357497,30645356544.0,25.594027,1.6066859,0.046350002,1.06,0.05,20.0
2026-03-09 11:20:00+09:00,2220,亀田製菓,2220.T,プライム,intraday_5m,4320.0,0.0011587485515642815,0.0,0.002393606186576148,50.0,-0.00917431192660545,91079032832.0,3.3851287,0.90774685,0.31041,1.51,0.030000000000000006,20.0
2026-03-09 11:30:00+09:00,2222,寿スピリッツ,2222.T,プライム,intraday_5m,1909.0,0.001048767697954922,0.8555758683729434,0.001915010698997304,44.827586206896555,-0.01062451412282972,294812680192.0,24.36814,6.606885,0.29391,1.81,0.04,20.0
2026-03-09 11:30:00+09:00,2229,カルビー,2229.T,プライム,intraday_5m,3186.0,-0.0009407337723423836,0.0,0.0017285805694554264,53.65853658536585,0.004730368968779652,387378905088.0,23.366335,1.886579,,2.08,0.0,20.0
2026-03-09 11:30:00+09:00,2264,森永乳業,2264.T,プライム,intraday_5m,4725.0,-0.0012682308180088642,0.05811138014527845,0.0023591923434832613,70.1923076923077,-0.015009380863039379,382419992576.0,36.891006,1.4072632,0.04302,1.94,0.02,20.0
2026-03-09 11:30:00+09:00,2266,六甲バター,2266.T,プライム,intraday_5m,1153.0,0.002608695652173809,0.0,0.0018734349881846103,60.0,0.0008680555555555802,22463752192.0,15.1193285,0.6740656,,1.74,0.030000000000000006,20.0
2026-03-09 11:30:00+09:00,2267,ヤクルト本社,2267.T,プライム,intraday_5m,2621.5,0.0,0.0,0.0025319564606499033,38.095238095238095,0.016479255525397418,768751173632.0,18.282307,1.3270139,0.07873,2.56,0.0,20.0
2026-03-09 11:30:00+09:00,2269,明治ホールディングス,2269.T,プライム,intraday_5m,3856.0,-0.0005184033177811909,0.0,0.0015708784936231356,44.23076923076923,-0.0010362694300518616,1045376794624.0,23.018147,1.3689313,0.06292,2.72,0.02,20.0
2026-03-09 11:30:00+09:00,2270,雪印メグミルク,2270.T,プライム,intraday_5m,3260.0,-0.0015313935681470214,0.11538461538461539,0.0022620050729187592,50.0,-0.016591251885369585,198652837888.0,13.199984,0.849613,0.096499994,3.02,0.04,20.0
2026-03-09 11:25:00+09:00,2281,プリマハム,2281.T,プライム,intraday_5m,2743.0,0.0010948905109489093,0.0,0.001764556921957348,48.07692307692308,-0.015080789946140039,137870491648.0,23.120365,1.124579,0.03721,2.87,0.030000000000000006,20.0
2026-03-09 11:30:00+09:00,2282,日本ハム,2282.T,プライム,intraday_5m,6716.0,0.0010433745714710785,0.181360201511335,0.0014242243529735416,48.31460674157304,-0.020562928394341595,638726963200.0,20.706667,1.1901954,0.059910003,2.33,0.030000000000000006,20.0
2026-03-09 11:30:00+09:00,2288,丸大食品,2288.T,プライム,intraday_5m,2166.0,-0.00046146746654363024,11.40495867768595,0.0014767573380619647,43.99999999999999,-0.01990950226244348,53023936512.0,11.996013,0.7113212,0.06796,2.94,0.03333333333333334,18.0
2026-03-09 11:30:00+09:00,2292,Ｓ　Ｆｏｏｄｓ,2292.T,プライム,intraday_5m,2946.0,0.0010193679918450993,0.0,0.0018451800384598528,54.76190476190476,-0.027722772277227747,93310468096.0,16.648771,0.74459034,0.06606,3.43,0.05,20.0
2026-03-09 11:30:00+09:00,2294,柿安本店,2294.T,プライム,intraday_5m,2824.0,0.0,0.0,0.0022357405137523726,43.75,-0.020804438280166426,27047942144.0,39.010914,1.8723488,0.048299998,2.95,0.02,20.0
2026-03-09 11:30:00+09:00,2296,伊藤ハム米久ホールディングス,2296.T,プライム,intraday_5m,6010.0,0.0,0.0,0.0017264336956560585,30.0,-0.016366612111292977,341072740352.0,20.884008,1.1487617,0.057579998,2.37,0.02,20.0
2026-03-09 11:30:00+09:00,2301,学情,2301.T,プライム,intraday_5m,1787.0,0.0005599104143336753,0.0,0.0018896830118840234,52.777777777777786,-0.03300865800865804,23983081472.0,12.79078,1.6118296,0.12891,4.06,0.0,20.0
2026-03-09 11:30:00+09:00,2307,クロスキャット,2307.T,プライム,intraday_5m,991.0,0.005070993914807254,0.0,0.0027211876041559244,66.66666666666666,-0.01588877855014892,13870135296.0,9.9608,2.158985,0.23501,3.67,0.030000000000000006,20.0
2026-03-09 11:30:00+09:00,2317,システナ,2317.T,プライム,intraday_5m,421.0,0.0023809523809523725,0.0,0.0023174554984648574,60.0,-0.016355140186915862,150488907776.0,18.185745,4.079299,0.32909,1.64,0.02,20.0
2026-03-09 11:25:00+09:00,2325,ＮＪＳ,2325.T,プライム,intraday_5m,4345.0,0.0,0.0,0.0028620891813846178,45.45454545454546,-0.04083885209713023,41377923072.0,16.424118,1.4515228,0.07979,2.43,0.04,20.0
2026-03-09 11:30:00+09:00,2326,デジタルアーツ,2326.T,プライム,intraday_5m,4985.0,0.0,0.0,0.0024993448671583136,34.78260869565217,-0.055871212121212155,67017269248.0,21.804743,3.8431442,0.19593,1.89,0.030000000000000006,20.0
2026-03-09 11:30:00+09:00,2327,日鉄ソリューションズ,2327.T,プライム,intraday_5m,3867.0,0.0018134715025905912,0.0839160839160839,0.0030291789926561647,49.20634920634921,-0.016030534351144987,707589111808.0,26.309702,2.6382003,0.10735,2.04,0.030000000000000006,20.0
2026-03-09 11:30:00+09:00,2331,ＡＬＳＯＫ,2331.T,プライム,intraday_5m,1213.0,-0.0004120313143799459,0.15164279696714408,0.0018335495114265399,33.33333333333333,-0.019797979797979814,589499793408.0,18.493673,1.675699,,2.36,0.01,20.0
2026-03-09 11:25:00+09:00,2335,キューブシステム,2335.T,プライム,intraday_5m,1039.0,0.0028957528957529455,0.1875,0.0028816365179914565,51.72413793103448,-0.019811320754717032,15768971264.0,13.576376,1.4113454,,4.15,0.06,20.0
2026-03-09 11:30:00+09:00,2337,いちご,2337.T,プライム,intraday_5m,463.0,0.0,0.0,0.0032482825890152393,55.55555555555556,-0.02935010482180289,186972209152.0,10.737477,1.6622269,0.13936,2.41,0.030000000000000006,20.0
2026-03-09 11:30:00+09:00,2353,日本駐車場開発,2353.T,プライム,intraday_5m,257.0,0.0,0.0,0.004628607017611006,20.0,-0.062043795620437936,81604288512.0,17.179144,4.240434,0.26034,3.28,0.04,20.0
2026-03-09 11:30:00+09:00,2359,コア,2359.T,プライム,intraday_5m,2190.0,0.0,0.0,0.007856358237834524,65.3061224489796,-0.017937219730941756,31467016192.0,12.9731655,1.5833035,0.15379,2.69,0.02,20.0
2026-03-09 11:30:00+09:00,2371,カカクコム,2371.T,プライム,intraday_5m,1800.0,0.0,0.0,0.0027561555099552253,74.78260869565217,-0.0066225165562914245,356105289728.0,17.964073,5.8945084,0.32863998,2.76,0.01,20.0
2026-03-09 11:15:00+09:00,2374,セントケア・ホールディング,2374.T,プライム,intraday_5m,1212.0,0.0,0.48,0.000291590496509915,50.0,0.0,29884985344.0,17.331617,1.6922411,0.09844,2.48,0.01,20.0
2026-03-09 11:25:00+09:00,2378,ルネサンス,2378.T,プライム,intraday_5m,1086.0,0.0,0.5294117647058824,0.003118705526507747,61.11111111111111,-0.008219178082191747,20542713856.0,42.94187,1.6628082,0.04729,1.19,0.05,20.0
2026-03-09 11:30:00+09:00,2379,ディップ,2379.T,プライム,intraday_5m,1981.0,0.0,0.0,0.001667228685257599,43.24324324324324,-0.014427860696517358,103734272000.0,13.575003,2.8156602,0.20087999,4.73,0.01,20.0
2026-03-09 11:25:00+09:00,2384,ＳＢＳホールディングス,2384.T,プライム,intraday_5m,3880.0,-0.0025706940874036244,7.542857142857144,0.003178732821338453,34.78260869565217,-0.040791100123609425,154103382016.0,13.086003,1.5932775,0.1125,2.6,0.05,20.0
2026-03-09 11:10:00+09:00,2389,デジタルホールディングス,2389.T,プライム,intraday_5m,1998.0,-0.0005002501250624958,1.0,0.0003836099326462548,28.57142857142857,-0.0014992503748125774,37314465792.0,19.694431,1.3004164,0.05633,2.3,0.04,20.0
2026-03-09 11:30:00+09:00,2395,新日本科学,2395.T,プライム,intraday_5m,1520.0,-0.0006574621959237748,0.0,0.0023068236239798764,54.90196078431373,-0.049405878674171344,63280390144.0,13.599357,1.1971643,0.07981,3.13,0.0,20.0
2026-03-09 11:15:00+09:00,2410,キャリアデザインセンター,2410.T,プライム,intraday_5m,2448.0,-0.0028513238289206155,1.2173913043478262,0.002927725497505929,46.666666666666664,-0.030110935023771823,12880360448.0,11.671593,2.9503753,0.27259,4.95,0.05,20.0
2026-03-09 11:30:00+09:00,2413,エムスリー,2413.T,プライム,intraday_5m,1632.5,-0.0006121824303642054,0.0366925723022041,0.002097031281665761,37.66233766233766,-0.007900334244910323,1105379328000.0,24.138697,2.6539147,0.12472,1.28,0.02,20.0
2026-03-09 11:30:00+09:00,2429,ワールドホールディングス,2429.T,プライム,intraday_5m,2670.0,0.0015003750937734317,0.0,0.002786403928600314,64.86486486486487,-0.045746962115796985,47774396416.0,6.9199667,0.9604828,0.14243001,9.74,0.030000000000000006,20.0
2026-03-09 11:30:00+09:00,2432,ディー・エヌ・エー,2432.T,プライム,intraday_5m,2530.0,-0.0003951007506913795,0.16556416556416556,0.0028011418594529264,56.216216216216225,-0.027671022290545744,282091552768.0,6.3885665,1.121904,0.09747,2.54,0.030000000000000006,20.0
2026-03-09 11:30:00+09:00,2433,博報堂ＤＹホールディングス,2433.T,プライム,intraday_5m,1058.0,0.0,0.0,0.0017501508232404465,26.666666666666657,-0.03246456332876091,380488908800.0,24.188385,1.0025319,0.05341,2.93,0.04,20.0
2026-03-09 11:30:00+09:00,2445,タカミヤ,2445.T,プライム,intraday_5m,395.0,0.0,0.0,0.003379449629141472,58.33333333333333,-0.04589371980676327,18108876800.0,14.389799,0.7978557,,4.83,0.04,20.0
2026-03-09 11:15:00+09:00,2461,ファンコミュニケーションズ,2461.T,プライム,intraday_5m,454.0,-0.00219780219780219,1.6888888888888889,0.0024928131117790847,42.857142857142854,-0.013043478260869601,30084503552.0,23.438305,1.711522,0.07335,4.57,0.03529411764705883,17.0
2026-03-09 11:30:00+09:00,2462,ライク,2462.T,プライム,intraday_5m,1550.0,0.0006455777921239303,3.254237288135593,0.0015951749005367237,57.692307692307686,-0.020227560050568916,29744599040.0,12.824756,1.6632882,0.1341,3.79,0.04,20.0
2026-03-09 11:30:00+09:00,2471,エスプール,2471.T,プライム,intraday_5m,248.0,0.0,0.1840843720038351,0.002949465267058145,33.33333333333333,-0.015873015873015928,19369705472.0,13.441734,1.8965756,0.14418,3.97,0.030000000000000006,20.0
2026-03-09 11:30:00+09:00,2475,ＷＤＢホールディングス,2475.T,プライム,intraday_5m,1567.0,0.0012779552715656006,0.0,0.0030450330453638337,47.82608695652174,-0.009481668773704155,30774259712.0,10.0869,0.9323307,0.09974,3.95,0.022222222222222223,18.0
2026-03-09 11:25:00+09:00,2491,バリューコマース,2491.T,プライム,intraday_5m,426.0,0.0,0.8809788654060067,0.002562157064043467,36.36363636363636,-0.029612756264236872,9234115584.0,18.91652,0.75813794,0.038900003,3.64,0.01,20.0
2026-03-09 11:30:00+09:00,2492,インフォマート,2492.T,プライム,intraday_5m,387.0,0.0,0.0,0.004999463837379788,38.095238095238095,-0.07857142857142863,87609704448.0,45.636795,7.21221,0.16656,1.57,0.02,20.0
2026-03-09 11:30:00+09:00,2501,サッポロホールディングス,2501.T,プライム,intraday_5m,1669.5,0.0002995805871779389,0.02980132450331126,0.002341234009962901,66.66666666666666,0.0021008403361344463,650848043008.0,43.195343,2.973752,0.072340004,7.8,0.04,20.0
2026-03-09 11:30:00+09:00,2502,アサヒグループホールディングス,2502.T,プライム,intraday_5m,1612.5,0.000620539869686576,0.0393859184753838,0.0018207558032884953,36.73469387755102,-0.021541262135922334,2358872899584.0,13.958622,0.90712345,0.063590005,3.16,0.01,20.0
2026-03-09 11:30:00+09:00,2503,キリンホールディングス,2503.T,プライム,intraday_5m,2612.5,0.0003829216925139711,0.01731958762886598,0.0022513458443871436,52.56410256410256,0.009076863653920464,2116523130880.0,14.353607,1.6445432,0.11389,2.94,0.04,20.0
2026-03-09 11:30:00+09:00,2531,宝ホールディングス,2531.T,プライム,intraday_5m,1560.0,-0.00032041012495998,0.023255813953488372,0.001464027049859869,39.53488372093023,-0.026521060842433664,300883279872.0,23.686607,1.218952,0.03949,1.81,0.02,20.0
2026-03-09 11:30:00+09:00,2533,オエノンホールディングス,2533.T,プライム,intraday_5m,433.0,-0.0023041474654378336,0.0,0.00269427438645244,50.0,-0.01814058956916098,24398127104.0,7.4437,0.9318621,0.119219996,2.72,0.04,20.0
2026-03-09 11:25:00+09:00,2540,養命酒製造,2540.T,プライム,intraday_5m,4040.0,0.0,36.8780487804878,0.0007141008826264143,50.0,0.0,56006696960.0,75.75473,1.1457801,0.015520001,1.11,-0.01,20.0
2026-03-09 11:30:00+09:00,2579,コカ・コーラ　ボトラーズジャパンホールディングス,2579.T,プライム,intraday_5m,4109.0,0.00048697345994641594,0.08304498269896193,0.00202105941102822,60.22727272727273,-0.01769065264164471,677936758784.0,,1.8062674,-0.11969,1.77,0.01,20.0
2026-03-09 11:30:00+09:00,2585,ライフドリンク　カンパニー,2585.T,プライム,intraday_5m,1038.0,0.0009643201542912649,0.18428824571766095,0.003823905348567568,61.53846153846153,-0.05378304466727435,53859721216.0,14.784219,3.3798966,0.23965,1.28,0.01,20.0
2026-03-09 11:30:00+09:00,2587,サントリー食品インターナショナル,2587.T,プライム,intraday_5m,4672.0,-0.0002139952921035304,0.16822429906542055,0.002065415864882932,56.92307692307692,-0.002774813233724638,1443646537728.0,16.374596,1.0970391,0.08036,2.56,0.01,20.0
2026-03-09 11:30:00+09:00,2590,ダイドーグループホールディングス,2590.T,プライム,intraday_5m,2876.0,-0.0006949270326616075,0.0,0.0021870873125247737,85.24590163934427,0.030455034037979223,91166367744.0,,1.417417,-0.39558,1.07,0.0,20.0
2026-03-09 11:30:00+09:00,2593,伊藤園,2593.T,プライム,intraday_5m,2935.5,0.0,0.0,0.001426414650797168,61.79775280898876,0.001023017902813228,338097471488.0,23.947626,1.9739417,0.01713,1.64,0.01,20.0
2026-03-09 11:30:00+09:00,2594,キーコーヒー,2594.T,プライム,intraday_5m,1979.0,0.0005055611729019027,2.4406779661016946,0.0006063474260379557,50.0,-0.004026170105686955,42397011968.0,73.24204,1.3351711,0.010650001,0.6,0.0,20.0
2026-03-09 11:30:00+09:00,2602,日清オイリオグループ,2602.T,プライム,intraday_5m,5840.0,0.0,0.11881188118811882,0.0023742170228871857,54.54545454545455,-0.011844331641285955,179710328832.0,7.861191,0.8755815,0.11686,3.05,0.02,20.0
2026-03-09 11:30:00+09:00,2607,不二製油,2607.T,プライム,intraday_5m,3328.0,0.0,0.17061611374407584,0.0022648045995681083,33.82352941176471,-0.03981534910559725,286150000640.0,32.65947,1.197115,,1.5,0.01,20.0
2026-03-09 11:30:00+09:00,2613,Ｊ－オイルミルズ,2613.T,プライム,intraday_5m,2022.0,0.0,0.0,0.0012958757836076724,55.99999999999999,-0.011246943765281125,66961567744.0,12.907757,0.6217429,0.03498,3.42,0.0,20.0
2026-03-09 11:25:00+09:00,2659,サンエー,2659.T,プライム,intraday_5m,2963.0,-0.0006745362563237434,0.6521739130434783,0.0014072172889787234,47.61904761904762,-0.012333333333333307,183254597632.0,16.05962,1.1915975,,3.33,0.030000000000000006,20.0
2026-03-09 11:30:00+09:00,2664,カワチ薬品,2664.T,プライム,intraday_5m,3065.0,0.0016339869281045694,0.0,0.001387957591769019,50.0,-0.011290322580645107,68454469632.0,14.801043,0.5892763,0.03799,2.58,-0.04,20.0
2026-03-09 11:30:00+09:00,2670,エービーシー・マート,2670.T,プライム,intraday_5m,2525.0,-0.00019798059790143707,0.05448354143019296,0.0021994886839931875,52.08333333333334,-0.0074685534591194536,625231986688.0,13.728049,1.634828,,2.75,0.01,20.0
2026-03-09 11:25:00+09:00,2674,ハードオフコーポレーション,2674.T,プライム,intraday_5m,2002.0,0.0015007503751875984,0.0,0.0017444932692890801,63.333333333333336,-0.01814615007356546,27820165120.0,12.539931,1.4720621,0.12816,3.83,0.02,20.0
2026-03-09 11:20:00+09:00,2676,高千穂交易,2676.T,プライム,intraday_5m,2050.0,0.0024449877750611915,0.46153846153846156,0.002158542121530011,42.5531914893617,-0.019138755980861233,38293098496.0,44.99561,2.2344177,0.0881,3.85,0.06,20.0
2026-03-09 11:30:00+09:00,2678,アスクル,2678.T,プライム,intraday_5m,1225.0,0.0008169934640522847,0.09142857142857143,0.0021837271550632243,45.16129032258065,-0.004874086108854536,109685243904.0,,1.7380842,-0.01274,3.09,0.0,20.0
2026-03-09 11:30:00+09:00,2681,ゲオホールディングス,2681.T,プライム,intraday_5m,1696.0,-0.0011778563015312216,0.0,0.002511630238964274,51.06382978723405,-0.03526734926052333,67472769024.0,13.68404,0.6962299,0.060289998,1.93,0.01,20.0
2026-03-09 11:30:00+09:00,2685,アンドエスティＨＤ,2685.T,プライム,intraday_5m,3070.0,0.0016313213703098572,0.09022556390977443,0.0023606788952547034,61.53846153846153,-0.008077544426494332,141613547520.0,16.42238,1.7326308,0.116569996,2.91,0.01,20.0
2026-03-09 11:30:00+09:00,2692,伊藤忠食品,2692.T,プライム,intraday_5m,13070.0,0.0007656967840734552,0.0,0.0010815159646443567,45.45454545454546,0.0015325670498085309,165817892864.0,20.232824,1.3181807,0.07042,1.23,0.01,20.0
2026-03-09 11:30:00+09:00,2695,くら寿司,2695.T,プライム,intraday_5m,3620.0,0.0,0.0851063829787234,0.001869954662656035,33.33333333333333,-0.026881720430107503,143870509056.0,39.88102,2.214414,0.04583,0.4,0.030000000000000006,20.0
2026-03-09 11:30:00+09:00,2726,パルグループホールディングス,2726.T,プライム,intraday_5m,1549.0,0.0006459948320414188,0.0,0.002921401297615789,65.9090909090909,-0.006414368184733843,268978126848.0,21.321404,3.3767877,0.22775999,2.57,0.01,20.0
2026-03-09 11:30:00+09:00,2730,エディオン,2730.T,プライム,intraday_5m,2130.0,-0.0014064697609000865,0.0,0.0016252500382140961,52.94117647058823,-0.014801110083256241,225226522624.0,16.840607,0.977807,0.06372,2.22,0.02,20.0
2026-03-09 11:30:00+09:00,2733,あらた,2733.T,プライム,intraday_5m,2941.0,0.0,0.9,0.001405780857005861,58.33333333333334,-0.010763538513286264,98457747456.0,10.240607,0.8057563,0.07383,3.77,0.010526315789473684,19.0
2026-03-09 11:30:00+09:00,2734,サーラコーポレーション,2734.T,プライム,intraday_5m,1088.0,0.0,0.0,0.003080271594521117,65.625,-0.041409691629956,69868019712.0,11.89331,0.76179487,0.06723,2.91,0.02,20.0
2026-03-09 11:25:00+09:00,2737,トーメンデバイス,2737.T,プライム,intraday_5m,11370.0,0.0017621145374449032,0.5245901639344263,0.0036021718740422977,47.05882352941176,-0.09690230341540906,77325983744.0,12.18754,1.3850256,0.15467,3.42,0.030000000000000006,20.0
2026-03-09 11:30:00+09:00,2742,ハローズ,2742.T,プライム,intraday_5m,4325.0,0.0,0.24,0.0026321279939665095,57.142857142857146,-0.01255707762557079,92301041664.0,10.318009,1.229189,0.1311,1.55,0.04,20.0
2026-03-09 11:30:00+09:00,2749,ＪＰホールディングス,2749.T,プライム,intraday_5m,722.0,-0.0013831258644536604,2.5074626865671643,0.0020335530384365877,47.368421052631575,-0.03346720214190091,61788123136.0,16.43898,2.8488004,,1.67,0.08,20.0
2026-03-09 11:30:00+09:00,2752,フジオフードグループ本社,2752.T,プライム,intraday_5m,1061.0,0.0009433962264151496,0.0,0.0014110797794781645,35.71428571428572,-0.007483629560336769,54394777600.0,620.46783,6.268833,0.01043,0.28,0.02,20.0
2026-03-09 11:25:00+09:00,2753,あみやき亭,2753.T,プライム,intraday_5m,1444.0,0.002081887578070818,0.0,0.0021422266780698838,59.45945945945946,-0.008922443376801592,29668091904.0,20.349493,1.343542,0.063260004,2.33,-0.05000000000000001,20.0
2026-03-09 11:30:00+09:00,2760,東京エレクトロン　デバイス,2760.T,プライム,intraday_5m,3070.0,-0.001626016260162566,0.2764976958525346,0.0035856054538718324,42.30769230769231,-0.08766716196136703,90308288512.0,12.795932,1.8365043,,2.94,0.02,20.0
2026-03-09 11:30:00+09:00,2767,円谷フィールズホールディングス,2767.T,プライム,intraday_5m,1423.0,0.0,0.4536082474226804,0.0021366039347237263,38.23529411764706,-0.05573988055739876,88554487808.0,4.9697905,1.426645,0.31019,3.32,0.02,20.0
2026-03-09 11:30:00+09:00,2768,双日,2768.T,プライム,intraday_5m,5731.0,-0.00017445917655267706,0.046806435884934175,0.0036539996870004077,44.4015444015444,-0.09276555326895675,1192406679552.0,10.8910885,1.1280693,0.11336,2.61,0.01,20.0
2026-03-09 11:25:00+09:00,2784,アルフレッサ　ホールディングス,2784.T,プライム,intraday_5m,2456.0,0.000203624516391665,0.5753424657534246,0.0016235166962840295,48.484848484848484,-0.026169706582077734,446301011968.0,18.101416,0.8988537,0.06875,2.7,0.0,20.0
2026-03-09 11:30:00+09:00,2791,大黒天物産,2791.T,プライム,intraday_5m,5130.0,0.0,0.0,0.0023226773384417295,54.54545454545455,-0.024714828897338448,68801470464.0,12.78218,1.1605707,0.09483,0.67,-0.010000000000000004,20.0
2026-03-09 11:25:00+09:00,2792,ハニーズホールディングス,2792.T,プライム,intraday_5m,1479.0,0.0006765899864682456,0.13793103448275862,0.0016381637830497875,50.0,-0.010040160642570295,41231290368.0,12.042994,0.8541095,0.07364,3.68,-0.04,20.0
2026-03-09 11:30:00+09:00,2801,キッコーマン,2801.T,プライム,intraday_5m,1393.0,-0.0003588087549336594,0.0684085510688836,0.002092971810542468,47.16981132075472,-0.010301953818827703,1291080957952.0,22.5441,2.367469,0.1104,2.13,0.01,20.0
2026-03-09 11:30:00+09:00,2802,味の素,2802.T,プライム,intraday_5m,4332.0,0.00023089355806971135,0.0,0.002245189093963831,38.83495145631068,-0.04116865869853914,4163993862144.0,115.52,5.6149483,0.10297,1.06,0.01,20.0
2026-03-09 11:30:00+09:00,2804,ブルドックソース,2804.T,プライム,intraday_5m,1861.0,0.0,0.4067796610169491,0.0016983013189126677,58.62068965517242,-0.0074666666666666215,23550429184.0,9.654993,0.9289436,0.10389,2.13,0.04,20.0
2026-03-09 11:30:00+09:00,2809,キユーピー,2809.T,プライム,intraday_5m,4410.0,-0.0004533091568449388,0.0,0.0013690567860421984,52.23880597014925,0.005701254275940704,608633487360.0,19.993652,1.893937,0.09979,1.51,0.02,20.0
2026-03-09 11:30:00+09:00,2810,ハウス食品グループ本社,2810.T,プライム,intraday_5m,3041.0,-0.0006572461386789019,0.13793103448275862,0.0013622552233731435,43.33333333333333,-0.003604193971166403,276119420928.0,22.645023,0.95019436,0.041929998,1.57,-0.01,20.0
2026-03-09 11:30:00+09:00,2811,カゴメ,2811.T,プライム,intraday_5m,2798.0,0.0003575259206292092,0.0,0.0012576219798104916,63.888888888888886,0.0014316392269149159,254232297472.0,17.356243,1.3462402,0.075279996,2.08,0.030000000000000006,20.0
2026-03-09 11:30:00+09:00,2815,アリアケジャパン,2815.T,プライム,intraday_5m,5800.0,0.0,0.0,0.0016858699306826026,33.33333333333333,-0.020270270270270285,184727732224.0,18.04268,1.4266696,0.07216,3.04,0.02,20.0
2026-03-09 11:30:00+09:00,2871,ニチレイ,2871.T,プライム,intraday_5m,2045.0,-0.000244439012466402,0.0,0.0016917884084237684,61.81818181818181,-0.006799417192812074,512514949120.0,19.785217,1.8638505,0.09810001,2.33,0.0,20.0
2026-03-09 11:25:00+09:00,2874,横浜冷凍,2874.T,プライム,intraday_5m,1464.0,0.001367989056087593,0.8888888888888888,0.0023151331701124615,56.75675675675676,-0.016789791806581578,86367617024.0,43.701492,1.0455978,0.03824,1.61,0.04,20.0
2026-03-09 11:30:00+09:00,2875,東洋水産,2875.T,プライム,intraday_5m,11365.0,-0.0008791208791208982,0.03587443946188341,0.0022161812490026373,41.1764705882353,-0.03111679454390448,1106296438784.0,18.042545,2.1929445,0.13028,2.05,0.0,20.0
2026-03-09 11:25:00+09:00,2882,イートアンドホールディングス,2882.T,プライム,intraday_5m,1927.0,-0.0005186721991701226,1.2,0.0016646565512669937,36.8421052631579,-0.007723995880535517,21886085120.0,73.493515,1.9574362,0.01131,0.77,0.030000000000000006,20.0
2026-03-09 11:30:00+09:00,2884,ヨシムラ・フード・ホールディングス,2884.T,プライム,intraday_5m,949.0,0.002111932418162654,0.6282722513089005,0.002337921955997275,28.0,-0.05946481665014869,22656886784.0,14.294322,1.8641764,0.14027001,,0.030000000000000006,20.0
2026-03-09 11:30:00+09:00,2897,日清食品ホールディングス,2897.T,プライム,intraday_5m,3043.0,-0.0003285151116951823,0.12903225806451613,0.0015924878639625116,46.666666666666664,-0.00944010416666663,873514926080.0,18.480505,1.7587745,0.10299,2.28,0.02,20.0
2026-03-09 11:25:00+09:00,2908,フジッコ,2908.T,プライム,intraday_5m,1589.0,0.0,2.3333333333333335,0.0012768502317111032,55.55555555555556,-0.0012570710245128902,45241532416.0,33.85894,0.65081656,0.01967,2.89,0.05,20.0
2026-03-09 11:30:00+09:00,2910,ロック・フィールド,2910.T,プライム,intraday_5m,1430.0,0.0,0.0,0.0029054753729110846,60.526315789473685,0.014184397163120588,37381201920.0,317.07315,1.295979,0.00117,2.13,-0.030000000000000006,20.0
2026-03-09 11:30:00+09:00,2914,日本たばこ産業,2914.T,プライム,intraday_5m,5630.0,0.0,0.0,0.0015415032832159384,48.86363636363637,-0.014700735036751844,9995436425216.0,20.026321,2.445706,0.12149999,4.24,0.01,20.0
2026-03-09 11:30:00+09:00,2915,ケンコーマヨネーズ,2915.T,プライム,intraday_5m,2237.0,0.0,0.0,0.0018628100942185602,75.0,-0.026544821583986078,32207732736.0,13.595479,0.79880047,0.064109996,2.92,0.01,20.0
2026-03-09 11:20:00+09:00,2918,わらべや日洋ホールディングス,2918.T,プライム,intraday_5m,3075.0,0.0032626427406199365,1.471698113207547,0.0036228440805191,36.8421052631579,-0.043545878693623585,53246337024.0,13.841375,0.90988284,0.08294,3.73,0.01,20.0
2026-03-09 11:25:00+09:00,2922,なとり,2922.T,プライム,intraday_5m,1942.0,0.0010309278350515427,0.1875,0.0014494501274457544,46.15384615384615,-0.0005146680391148184,24435124224.0,28.719313,0.8860047,0.03799,1.24,0.0,20.0
2026-03-09 11:30:00+09:00,2929,ファーマフーズ,2929.T,プライム,intraday_5m,564.0,0.0,0.07531380753138076,0.002581947716520106,35.71428571428572,-0.04890387858347389,16283820032.0,44.028103,1.7361004,-0.18056,4.22,-0.01,20.0
2026-03-09 11:30:00+09:00,2930,北の達人コーポレーション,2930.T,プライム,intraday_5m,123.0,0.0,21.20876288659794,0.004919103115440937,25.0,-0.023809523809523836,17151509504.0,18.008785,2.1793056,0.25926,2.78,0.01,20.0
2026-03-09 11:30:00+09:00,2931,ユーグレナ,2931.T,プライム,intraday_5m,359.0,-0.002777777777777768,0.08853910477127397,0.002763982327577434,38.46153846153846,-0.034946236559139754,49031675904.0,,1.5838771,0.01735,0.54,0.030000000000000006,20.0
2026-03-09 11:30:00+09:00,2933,紀文食品,2933.T,プライム,intraday_5m,1040.0,0.0,0.0,0.001900127099228377,47.05882352941176,-0.012345679012345734,23742863360.0,14.91895,1.1242951,0.05372,1.9,0.01,20.0
2026-03-09 11:20:00+09:00,2935,ピックルスホールディングス,2935.T,プライム,intraday_5m,1185.0,0.0008445945945945166,0.0,0.0017303115476578485,65.38461538461539,-0.014962593516209433,14845953024.0,12.101716,0.74832153,0.06676,2.41,0.01,20.0
2026-03-09 11:30:00+09:00,2975,スター・マイカ・ホールディングス,2975.T,プライム,intraday_5m,1556.0,0.0019317450096587585,0.03498542274052478,0.002715038574843638,48.93617021276596,-0.06770521270221685,52801863680.0,12.615535,1.7778996,0.1516,2.7,0.03157894736842106,19.0
2026-03-09 11:30:00+09:00,2980,ＳＲＥホールディングス,2980.T,プライム,intraday_5m,2665.0,0.001503194287861609,0.0,0.003055142936722166,46.666666666666664,-0.06326889279437609,42946240512.0,40.55082,2.8573022,0.17882,0.63,0.0,20.0
2026-03-09 11:25:00+09:00,2982,ＡＤワークスグループ,2982.T,プライム,intraday_5m,414.0,-0.002409638554216831,0.05246720799500312,0.0036219053586769583,33.33333333333333,-0.05909090909090908,20132286464.0,8.760051,0.98001623,0.16779,4.55,0.02,20.0
2026-03-09 11:25:00+09:00,3002,グンゼ,3002.T,プライム,intraday_5m,4330.0,0.0,0.0,0.0024909879071350694,36.36363636363636,-0.0377777777777778,137335488512.0,53.75543,1.2420728,0.02777,3.27,0.0,20.0
2026-03-09 11:30:00+09:00,3003,ヒューリック,3003.T,プライム,intraday_5m,1918.5,0.0,0.0,0.0017801209687467675,56.97674418604652,-0.02762290927521538,1456755179520.0,12.744122,1.5949513,0.12839,3.4,0.01,20.0
2026-03-09 11:30:00+09:00,3028,アルペン,3028.T,プライム,intraday_5m,2089.0,0.0,0.0,0.001326223087825338,44.444444444444436,-0.014622641509433931,80528211968.0,14.448748,0.6455411,0.03903,2.36,0.0,20.0
2026-03-09 11:30:00+09:00,3031,ラクーンホールディングス,3031.T,プライム,intraday_5m,632.0,0.0,0.05042016806722689,0.0020891145880986162,41.66666666666667,-0.021671826625387025,12849654784.0,15.192308,2.6651936,0.1568,3.41,0.02,20.0
2026-03-09 11:30:00+09:00,3034,クオールホールディングス,3034.T,プライム,intraday_5m,1796.0,0.0,0.1887640449438202,0.0016197792458202446,60.526315789473685,-0.032327586206896575,67382444032.0,8.976409,1.2322749,0.11964,2.48,0.02,20.0
2026-03-09 11:30:00+09:00,3036,アルコニックス,3036.T,プライム,intraday_5m,2730.0,0.0018348623853210455,0.049792531120331954,0.003577613162245557,44.60431654676259,-0.07645466847090665,81996095488.0,17.392965,1.120536,0.08831,2.84,0.04,20.0
2026-03-09 11:30:00+09:00,3038,神戸物産,3038.T,プライム,intraday_5m,3727.0,-0.00026824034334760327,0.10495626822157435,0.0018845777398651402,48.88888888888889,0.006209503239740899,826339098624.0,26.068405,5.119822,0.21673,0.86,0.0,20.0
2026-03-09 11:25:00+09:00,3040,ソリトンシステムズ,3040.T,プライム,intraday_5m,1800.0,0.005586592178770999,1.2100840336134455,0.0034844094538304354,47.76119402985074,-0.03588644884841996,33366779904.0,15.231004,2.5194066,0.17981,3.21,0.02,20.0
2026-03-09 11:30:00+09:00,3046,ジンズホールディングス,3046.T,プライム,intraday_5m,5290.0,0.0,0.0,0.00196504909229923,50.0,-0.013059701492537323,123477172224.0,14.818757,3.882341,0.29479998,2.15,0.02,20.0
2026-03-09 11:30:00+09:00,3048,ビックカメラ,3048.T,プライム,intraday_5m,1736.5,0.0,0.03915171288743883,0.0017575055360462143,55.35714285714286,-0.0008630609896432828,297321431040.0,17.021173,1.7448034,0.110240005,2.36,0.02,20.0
2026-03-09 11:25:00+09:00,3050,ＤＣＭホールディングス,3050.T,プライム,intraday_5m,1591.0,-0.0012554927809165228,0.25459688826025456,0.0015656189024507506,50.0,-0.019716574245224883,221367762944.0,12.132072,0.72049075,0.06007,2.83,0.02,20.0
2026-03-09 11:30:00+09:00,3064,ＭｏｎｏｔａＲＯ,3064.T,プライム,intraday_5m,1983.0,0.0007570022710068347,0.0,0.002992749094035831,48.026315789473685,-0.0015105740181269312,985364365312.0,30.348946,8.042634,,1.86,0.01,20.0
2026-03-09 11:30:00+09:00,3076,あい　ホールディングス,3076.T,プライム,intraday_5m,2732.0,-0.001096892138939709,0.0,0.0018402977734447107,48.57142857142856,-0.046422338568935406,145543233536.0,11.049545,1.2843832,0.117130004,3.84,0.02,20.0
2026-03-09 11:30:00+09:00,3086,Ｊ．フロント　リテイリング,3086.T,プライム,intraday_5m,2400.0,-0.00020828993959587372,0.0,0.0018544927799385355,54.44444444444445,-0.025578562728379994,596446740480.0,19.805248,1.4730171,0.06974,2.19,0.01,20.0
2026-03-09 11:30:00+09:00,3087,ドトール・日レスホールディングス,3087.T,プライム,intraday_5m,2878.0,0.0,0.0,0.0013997162686902958,43.90243902439024,-0.010996563573883122,120940617728.0,18.837543,1.1693896,0.06641,1.92,0.030000000000000006,20.0
2026-03-09 11:30:00+09:00,3088,マツキヨココカラ＆カンパニー,3088.T,プライム,intraday_5m,2441.5,0.0006147540983607591,0.0,0.0018583595415669868,53.75,0.013701473946439613,971539415040.0,17.448011,1.8347238,0.10854,1.99,0.02,20.0
2026-03-09 11:30:00+09:00,3091,ブロンコビリー,3091.T,プライム,intraday_5m,4265.0,0.0,0.0,0.0020972363333600546,46.15384615384615,0.00235017626321965,63494008832.0,36.7166,2.9238365,0.09423,0.66,0.030000000000000006,20.0
2026-03-09 11:30:00+09:00,3092,ＺＯＺＯ,3092.T,プライム,intraday_5m,1177.5,0.0008499787505311662,0.07158480811294492,0.0030606791576847344,45.9016393442623,0.011163589523400574,1041292722176.0,23.138142,10.895212,0.50288,3.43,0.01,20.0
2026-03-09 11:30:00+09:00,3093,トレジャー・ファクトリー,3093.T,プライム,intraday_5m,1747.0,0.0022948938611588865,0.14906832298136646,0.0021860462972685406,47.05882352941176,-0.05465367965367962,40942837760.0,14.610688,3.4746115,0.28184998,2.27,0.06,20.0
2026-03-09 11:30:00+09:00,3097,物語コーポレーション,3097.T,プライム,intraday_5m,4985.0,0.0,0.0,0.002170803757345348,40.74074074074074,-0.048664122137404564,192014139392.0,30.590328,4.4643135,0.17232999,0.76,0.02,20.0
2026-03-09 11:30:00+09:00,3099,三越伊勢丹ホールディングス,3099.T,プライム,intraday_5m,2875.5,0.0006960153123367618,0.05856515373352855,0.0023399406459988243,55.24475524475525,-0.055044364114360866,1011037765632.0,18.419704,1.7106205,0.096540004,2.63,0.04,20.0
2026-03-09 11:30:00+09:00,3101,東洋紡,3101.T,プライム,intraday_5m,1439.0,-0.000694444444444442,0.0,0.003362811056805245,44.06779661016949,-0.1028678304239401,126984486912.0,16.643536,0.62363786,0.04754,2.49,0.04,20.0
2026-03-09 11:30:00+09:00,3103,ユニチカ,3103.T,プライム,intraday_5m,1393.0,-0.008540925266903865,0.6264168401572981,0.010542221347744284,51.24999999999999,-0.1613485851896448,80312500224.0,,1.7662221,0.34915,,0.02,20.0
2026-03-09 11:20:00+09:00,3104,富士紡ホールディングス,3104.T,プライム,intraday_5m,9570.0,0.0,4.983050847457627,0.00452642120017314,42.857142857142854,-0.09631728045325783,107718475776.0,20.679373,2.1437695,0.105299994,1.61,0.030000000000000006,20.0
2026-03-09 11:30:00+09:00,3105,日清紡ホールディングス,3105.T,プライム,intraday_5m,1482.0,-0.0006743088334457692,0.9109947643979057,0.003315221455390496,37.2093023255814,-0.08799999999999997,231487127552.0,16.642336,0.80568045,0.048520003,2.22,0.0,20.0
2026-03-09 11:25:00+09:00,3106,倉敷紡績,3106.T,プライム,intraday_5m,8450.0,0.0023724792408066353,0.8181818181818181,0.003040929937506499,47.99999999999999,-0.07040704070407044,136102092800.0,11.948529,1.0749816,0.10023,3.1,0.030000000000000006,20.0
2026-03-09 11:25:00+09:00,3107,ダイワボウホールディングス,3107.T,プライム,intraday_5m,2910.5,0.003620689655172482,0.4605543710021322,0.002542041386275163,61.0738255033557,-0.034019249917026206,253626630144.0,8.436477,1.5834337,0.21067,3.65,0.02,20.0
2026-03-09 11:25:00+09:00,3109,シキボウ,3109.T,プライム,intraday_5m,1080.0,0.0,0.0,0.0019759078224705438,59.09090909090909,-0.027902790279027867,13711009792.0,14.359793,0.386298,0.0422,4.5,0.03157894736842106,19.0
2026-03-09 11:30:00+09:00,3110,日東紡績,3110.T,プライム,intraday_5m,19350.0,0.0005170630816959676,0.0,0.007144902783873069,41.66666666666667,-0.18731625367492655,704451510272.0,49.252934,4.2714486,0.25874,0.48,0.01,20.0
2026-03-09 11:30:00+09:00,3116,トヨタ紡織,3116.T,プライム,intraday_5m,2655.0,-0.0007527286413248069,0.02910266774454325,0.0025741331631045023,47.93388429752066,-0.08464057921048096,474342129664.0,22.99896,0.97596586,0.046609998,2.97,0.01,20.0
2026-03-09 11:30:00+09:00,3132,マクニカホールディングス,3132.T,プライム,intraday_5m,2230.5,0.00022421524663673864,0.04240282685512368,0.0033114792987738134,40.298507462686565,-0.0942131979695432,398284881920.0,18.910555,1.4828451,0.07953,2.84,-0.030000000000000006,20.0
2026-03-09 11:30:00+09:00,3139,ラクト・ジャパン,3139.T,プライム,intraday_5m,3615.0,0.0,0.0,0.002234593269060951,45.45454545454546,-0.018995929443690662,36045553664.0,8.37038,1.1109055,0.14384,3.58,0.02,20.0
2026-03-09 11:30:00+09:00,3148,クリエイトＳＤホールディングス,3148.T,プライム,intraday_5m,3240.0,0.0,0.0,0.0022851483193516314,56.25,-0.006134969325153339,209311334400.0,12.644397,1.4170904,0.116639994,2.76,0.030000000000000006,20.0
2026-03-09 11:30:00+09:00,3150,グリムス,3150.T,プライム,intraday_5m,2539.0,-0.0023575638506876384,0.2,0.002552404762834037,49.31506849315068,-0.034967692892436286,58655997952.0,12.404123,3.20246,0.29813,3.23,0.05,20.0
2026-03-09 11:30:00+09:00,3151,バイタルケーエスケー・ホールディングス,3151.T,プライム,intraday_5m,1405.0,0.0,1.0076335877862594,0.0016377460174315202,55.99999999999999,-0.01953942777390094,67969814528.0,6.9191375,0.61800295,0.06159,4.75,0.01,20.0
2026-03-09 11:30:00+09:00,3153,八洲電機,3153.T,プライム,intraday_5m,2968.0,0.0,0.5607476635514019,0.0033434779534974074,62.50000000000001,-0.07538940809968853,63232065536.0,13.361545,1.9313335,0.17082001,1.34,0.06,20.0
2026-03-09 11:30:00+09:00,3154,メディアスホールディングス,3154.T,プライム,intraday_5m,784.0,0.0,0.0,0.004486868757718093,38.095238095238095,-0.027295285359801524,17434011648.0,12.867225,0.8598773,0.06735,2.48,0.030000000000000006,20.0
2026-03-09 11:30:00+09:00,3156,レスター,3156.T,プライム,intraday_5m,2779.0,0.0,0.16901408450704228,0.0021486535548187113,44.64285714285714,-0.05476190476190479,78139301888.0,16.410772,0.8780938,0.06717,4.42,0.030000000000000006,20.0
2026-03-09 11:30:00+09:00,3167,ＴＯＫＡＩホールディングス,3167.T,プライム,intraday_5m,1162.0,0.0008613264427217437,0.0,0.0013699295554236907,60.0,-0.009377664109121886,150355099648.0,14.546821,1.5471715,0.1168,3.24,0.07999999999999999,20.0
2026-03-09 11:25:00+09:00,3176,三洋貿易,3176.T,プライム,intraday_5m,1628.0,0.0006146281499692652,0.6101694915254238,0.0024855253383387816,42.857142857142854,-0.059503177354130576,46902960128.0,10.211378,0.8886671,0.10125,3.35,0.0,20.0
2026-03-09 11:30:00+09:00,3179,シュッピン,3179.T,プライム,intraday_5m,1223.0,-0.0016326530612245094,7.8352941176470585,0.002401597522059165,48.275862068965516,-0.046765393608729555,25963687936.0,20.995708,2.6653185,0.17553,3.66,0.030000000000000006,20.0
2026-03-09 11:30:00+09:00,3180,ビューティガレージ,3180.T,プライム,intraday_5m,1281.0,0.0015637216575450363,7.538461538461538,0.00228243827337182,50.0,-0.02659574468085102,16070415360.0,17.19694,2.0308867,0.1278,1.22,0.01,20.0
2026-03-09 11:30:00+09:00,3182,オイシックス・ラ・大地,3182.T,プライム,intraday_5m,1344.0,-0.0014858841010401136,0.5052631578947369,0.0023000889049265743,46.51162790697675,-0.03931379556826309,46680940544.0,21.3029,1.7167163,0.12880999,1.14,0.02,20.0
2026-03-09 11:30:00+09:00,3183,ウイン・パートナーズ,3183.T,プライム,intraday_5m,1408.0,0.0,3.4029850746268653,0.002338569137938451,34.375,-0.023578363384188616,40254627840.0,18.319021,1.695844,0.09134,3.74,0.05,20.0
2026-03-09 11:30:00+09:00,3186,ネクステージ,3186.T,プライム,intraday_5m,2890.0,0.0,0.0,0.003833321371665245,61.904761904761905,-0.07814992025518341,226110636032.0,17.86487,2.8551133,0.16865,1.44,0.04,20.0
2026-03-09 11:30:00+09:00,3191,ジョイフル本田,3191.T,プライム,intraday_5m,2090.0,-0.0009560229445506607,1.0256410256410255,0.0014164653161897226,50.0,-0.008538899430740043,125972488192.0,12.793047,0.99729633,,3.98,0.0,20.0
2026-03-09 11:30:00+09:00,3193,エターナルホスピタリティグループ,3193.T,プライム,intraday_5m,3460.0,0.0,0.0,0.0035927782441033712,31.034482758620683,-0.08344370860927153,39909629952.0,23.204346,3.8783062,-0.39456,1.22,0.01,20.0
2026-03-09 11:25:00+09:00,3196,ホットランドホールディングス,3196.T,プライム,intraday_5m,1924.0,0.001561686621551317,0.1643835616438356,0.0018623326697800424,36.8421052631579,-0.013839056893900525,40907558912.0,70.450386,3.6076846,0.045539998,0.67,0.02,20.0
2026-03-09 11:30:00+09:00,3197,すかいらーくホールディングス,3197.T,プライム,intraday_5m,3452.0,-0.0002896032435563134,0.17614678899082567,0.0022506474457099778,54.716981132075475,-0.028426681677455656,785337155584.0,46.934055,4.186968,0.0928,0.73,0.02,20.0
2026-03-09 11:30:00+09:00,3198,ＳＦＰホールディングス,3198.T,プライム,intraday_5m,2120.0,0.0,0.7058823529411765,0.0039209197262774385,39.39393939393939,-0.003759398496240629,48343642112.0,36.760883,5.499737,0.13358,1.32,0.06999999999999999,20.0
2026-03-09 11:25:00+09:00,3199,綿半ホールディングス,3199.T,プライム,intraday_5m,1440.0,0.0006949270326614965,0.5901639344262295,0.004381886295721941,71.7948717948718,-0.0055248618784530246,27918743552.0,14.247551,1.1128534,0.08031999,2.07,0.03529411764705883,17.0
2026-03-09 11:25:00+09:00,3201,日本毛織,3201.T,プライム,intraday_5m,1819.0,0.003309431880860414,1.7307692307692308,0.0026741374077602167,51.5625,-0.053097345132743334,121878765568.0,13.742823,0.92575204,0.07126,3.33,0.05263157894736842,19.0
2026-03-09 11:30:00+09:00,3221,ヨシックスホールディングス,3221.T,プライム,intraday_5m,3440.0,0.0,1.7142857142857142,0.0031840690383016894,33.33333333333333,-0.02824858757062143,35281285120.0,18.905252,2.7271006,0.16738,0.79,0.07999999999999999,20.0
2026-03-09 11:30:00+09:00,3231,野村不動産ホールディングス,3231.T,プライム,intraday_5m,1064.0,0.0004701457451810054,0.04780876494023904,0.0018301103254070345,48.14814814814815,-0.030965391621129323,912336617472.0,14.376435,1.2174345,0.0758,3.64,0.030000000000000006,20.0
2026-03-09 11:30:00+09:00,3232,三重交通グループホールディングス,3232.T,プライム,intraday_5m,563.0,0.0,1.0909090909090908,0.007799400830309277,50.0,-0.030981067125645412,56593936384.0,9.500506,0.81982607,,3.1,0.06,20.0
2026-03-09 11:30:00+09:00,3245,ディア・ライフ,3245.T,プライム,intraday_5m,1068.0,-0.00093545369504211,0.11501597444089456,0.0018122858829479835,50.0,-0.0282074613284804,53766402048.0,8.731197,1.6923263,0.15099,5.82,0.02,20.0
2026-03-09 11:30:00+09:00,3252,地主,3252.T,プライム,intraday_5m,3065.0,0.0,0.6782608695652174,0.0023891514115219332,52.631578947368425,-0.054012345679012363,63392563200.0,8.584232,1.2699547,0.15406,4.01,0.030000000000000006,20.0
2026-03-09 11:30:00+09:00,3276,ＪＰＭＣ,3276.T,プライム,intraday_5m,1318.0,0.0007593014426727773,0.0,0.0018749873524906834,43.75,-0.017151379567486913,21987678208.0,11.536105,2.3795552,0.19365999,4.77,0.03333333333333334,18.0
2026-03-09 11:30:00+09:00,3284,フージャースホールディングス,3284.T,プライム,intraday_5m,1257.0,0.0015936254980080111,0.0,0.0017518841302838393,55.17241379310345,-0.028593508500772802,51413393408.0,9.79277,1.1461616,0.07085,5.72,0.030000000000000006,20.0
2026-03-09 11:30:00+09:00,3288,オープンハウスグループ,3288.T,プライム,intraday_5m,10215.0,0.0,0.09795918367346938,0.002404711998232891,63.15789473684211,-0.04084507042253516,1142915203072.0,11.697012,2.056068,0.19297001,1.88,0.02,20.0
2026-03-09 11:30:00+09:00,3289,東急不動産ホールディングス,3289.T,プライム,intraday_5m,1362.0,0.00036724201248627963,0.028185554903112156,0.0021813742819280523,38.46153846153846,-0.05809128630705396,972968951808.0,9.298198,1.1481482,0.113120005,3.08,0.01,20.0
2026-03-09 11:30:00+09:00,3291,飯田グループホールディングス,3291.T,プライム,intraday_5m,2456.5,0.001018744906275515,1.808219178082192,0.0018081089892229795,52.42718446601941,-0.021119744969117393,678805241856.0,13.1391735,0.68264383,0.054390002,3.59,0.01,20.0
2026-03-09 11:30:00+09:00,3302,帝国繊維,3302.T,プライム,intraday_5m,2978.0,0.0030313236780059594,0.1411764705882353,0.0024688827243306895,42.857142857142854,-0.010631229235880446,76240814080.0,20.61185,1.0532157,0.05387,2.16,0.030000000000000006,20.0
2026-03-09 11:30:00+09:00,3315,日本コークス工業,3315.T,プライム,intraday_5m,110.0,0.0,2.3834988540870894,0.007774913990126116,57.14285714285714,-0.04347826086956519,32012591104.0,,0.8659508,-0.32123002,,0.02,20.0
2026-03-09 11:30:00+09:00,3333,あさひ,3333.T,プライム,intraday_5m,1259.0,-0.0015860428231562196,0.10256410256410256,0.001596283529477689,57.89473684210526,-0.01717408274785326,32786778112.0,11.219034,0.8021397,0.06747,3.9,-0.01,20.0
2026-03-09 11:30:00+09:00,3349,コスモス薬品,3349.T,プライム,intraday_5m,6630.0,0.0001508523155830943,0.0,0.002354304847207741,78.18181818181819,0.018276762402088753,525475676160.0,16.830828,1.9524906,0.12172,1.15,0.01,20.0
2026-03-09 11:30:00+09:00,3360,シップヘルスケアホールディングス,3360.T,プライム,intraday_5m,2454.5,-0.00020366598777998846,0.11009174311926605,0.0021238039492240545,45.65217391304348,-0.036317235963879035,225860485120.0,15.369443,1.5254352,0.092180006,2.36,0.030000000000000006,20.0
2026-03-09 11:15:00+09:00,3371,ソフトクリエイトホールディングス,3371.T,プライム,intraday_5m,1934.0,-0.003606388459556964,1.0169491525423728,0.007753088891745951,23.529411764705884,-0.03300000000000003,48274554880.0,13.374826,2.0237894,0.17249,3.1,0.030000000000000006,20.0
2026-03-09 11:30:00+09:00,3382,セブン＆アイ・ホールディングス,3382.T,プライム,intraday_5m,2031.5,-0.0007378258730939002,0.0,0.0019689735594784,43.67816091954023,-0.01978287092882991,4734974427136.0,21.542948,1.3810906,0.085839994,2.41,0.01,20.0
2026-03-09 11:30:00+09:00,3387,クリエイト・レストランツ・ホールディングス,3387.T,プライム,intraday_5m,719.0,0.0,0.2575452716297787,0.001764236245040479,46.15384615384615,0.0,302703149056.0,54.06015,6.9811926,0.12672,0.63,0.02,20.0
2026-03-09 11:20:00+09:00,3388,明治電機工業,3388.T,プライム,intraday_5m,2217.0,0.00362154821186067,1.1851851851851851,0.002697555720416422,40.845070422535215,-0.05699702254359851,28272635904.0,9.093519,0.7853909,0.085489996,3.74,0.04,20.0
2026-03-09 11:30:00+09:00,3391,ツルハホールディングス,3391.T,プライム,intraday_5m,2216.5,-0.0004509582863585493,0.0,0.0018543930378817546,65.45454545454545,-0.02464246424642469,1076656472064.0,32.94931,1.8061264,0.05613,2.19,0.0,20.0
2026-03-09 11:30:00+09:00,3393,スターティアホールディングス,3393.T,プライム,intraday_5m,2831.0,-0.0010585744530698937,0.0,0.0024140598010123407,45.6140350877193,-0.04033898305084749,26471211008.0,14.175554,3.4787118,0.28564,2.47,0.030000000000000006,20.0
2026-03-09 11:30:00+09:00,3395,サンマルクホールディングス,3395.T,プライム,intraday_5m,3075.0,0.0,1.5882352941176472,0.001405511096523146,40.0,-0.022257551669316422,65893486592.0,34.18566,2.1550062,0.08221,1.65,0.06,20.0
2026-03-09 11:30:00+09:00,3397,トリドールホールディングス,3397.T,プライム,intraday_5m,4294.0,0.0006991377301328594,2.088888888888889,0.0016115309484316962,52.4390243902439,0.009640253938396404,377262080000.0,81.418274,3.8616846,0.04947,0.26,0.02,20.0
2026-03-09 11:30:00+09:00,3401,帝人,3401.T,プライム,intraday_5m,1537.5,0.0,0.04552352048558422,0.0023865897158085723,44.680851063829785,-0.06648451730418947,296589262848.0,,0.7662795,-0.18936001,3.04,-0.01,20.0
2026-03-09 11:30:00+09:00,3402,東レ,3402.T,プライム,intraday_5m,1139.0,-0.0004387889425186975,0.035655737704918034,0.002559275864526194,43.47826086956522,-0.057899090157154665,1679328804864.0,29.622887,0.9594447,0.02648,1.65,0.0,20.0
2026-03-09 11:30:00+09:00,3405,クラレ,3405.T,プライム,intraday_5m,1663.0,-0.0006009615384615641,0.08486562942008487,0.001873641961604831,45.33333333333333,-0.042602187679907866,510606180352.0,70.40643,0.687363,,3.11,0.030000000000000006,20.0
2026-03-09 11:30:00+09:00,3407,旭化成,3407.T,プライム,intraday_5m,1599.5,0.0006255864873319084,0.09698169223156854,0.0027901074360214143,51.28205128205128,-0.0657126168224299,2172550774784.0,15.494526,1.0823032,,2.34,0.0,20.0
2026-03-09 11:30:00+09:00,3415,ＴＯＫＹＯ　ＢＡＳＥ,3415.T,プライム,intraday_5m,406.0,0.0,0.0,0.0042561927397241775,25.0,-0.10375275938189843,17644544000.0,18.108831,3.1302526,0.20857,1.32,0.0,20.0
2026-03-09 11:30:00+09:00,3431,宮地エンジニアリンググループ,3431.T,プライム,intraday_5m,1783.0,0.0005611672278338364,0.12516297262059972,0.0016143276142638278,47.05882352941176,-0.027808069792802592,47283363840.0,10.73062,1.1400453,0.08392999,5.32,0.0,20.0
2026-03-09 11:30:00+09:00,3433,トーカロ,3433.T,プライム,intraday_5m,2683.0,-0.0007448789571694592,0.0,0.0025938566943992897,43.47826086956522,-0.08430034129692832,159554519040.0,17.884281,2.5496893,0.14538,2.39,0.030000000000000006,20.0
2026-03-09 11:30:00+09:00,3436,ＳＵＭＣＯ,3436.T,プライム,intraday_5m,1507.5,-0.0006629101756712164,0.0,0.0035754824035775182,38.58267716535433,-0.1132352941176471,527191474176.0,,0.9115012,-0.01543,1.18,0.01,20.0
2026-03-09 11:30:00+09:00,3443,川田テクノロジーズ,3443.T,プライム,intraday_5m,4500.0,0.0,0.28402366863905326,0.00364689380358198,54.285714285714285,-0.08069458631256388,78479343616.0,8.449434,0.84349215,0.07871,2.96,0.030000000000000006,20.0
2026-03-09 11:30:00+09:00,3445,ＲＳ　Ｔｅｃｈｎｏｌｏｇｉｅｓ,3445.T,プライム,intraday_5m,3805.0,0.003957783641160839,0.0,0.004595723751149721,58.82352941176471,-0.08643457382953179,100692320256.0,10.875779,1.2597803,0.08681,1.32,0.01,20.0
2026-03-09 11:30:00+09:00,3457,Ａｎｄ　Ｄｏホールディングス,3457.T,プライム,intraday_5m,1068.0,0.0,0.0,0.0022489869725426754,57.692307692307686,-0.031731640979147824,21326471168.0,16.300367,1.2092131,0.07298,4.17,-0.02,20.0
2026-03-09 11:30:00+09:00,3465,ケイアイスター不動産,3465.T,プライム,intraday_5m,6720.0,0.0014903129657228842,0.0,0.0041898352393196095,51.42857142857142,-0.07692307692307687,104297963520.0,9.014447,1.5254705,0.21402,3.57,0.05,20.0
2026-03-09 11:30:00+09:00,3475,グッドコムアセット,3475.T,プライム,intraday_5m,1487.0,0.0006729475100941684,0.0,0.002134069531858995,47.05882352941176,-0.03378817413905133,42610163712.0,27.924883,3.000773,0.10674,2.99,0.03333333333333334,18.0
2026-03-09 11:30:00+09:00,3480,ジェイ・エス・ビー,3480.T,プライム,intraday_5m,3430.0,0.0014598540145984717,0.48,0.002152809832047524,50.0,-0.022792022792022748,72268120064.0,14.101299,1.7357491,0.12955,3.28,0.030000000000000006,20.0
2026-03-09 11:30:00+09:00,3482,ロードスターキャピタル,3482.T,プライム,intraday_5m,3350.0,0.0,0.0,0.0038552656649875083,47.99999999999999,-0.07330567081604422,55656566784.0,6.6957145,1.7135006,0.2723,2.71,0.04,20.0
2026-03-09 11:30:00+09:00,3484,イノベーションホールディングス,3484.T,プライム,intraday_5m,1341.0,0.0022421524663676085,0.0,0.0045081428633389434,40.845070422535215,-0.008869179600886956,22493585408.0,17.698298,4.871899,0.33306998,2.51,0.06000000000000001,20.0
2026-03-09 11:25:00+09:00,3486,グローバル・リンク・マネジメント,3486.T,プライム,intraday_5m,2167.0,0.002776492364646055,0.2903225806451613,0.003074507914244395,53.44827586206896,-0.05039439088518838,34496462848.0,6.1225066,2.3043091,0.34691003,4.38,0.03333333333333334,18.0
2026-03-09 11:30:00+09:00,3496,アズーム,3496.T,プライム,intraday_5m,4675.0,0.0010706638115631772,0.0851063829787234,0.0027974220220153756,26.08695652173914,-0.02502606882168923,57372413952.0,30.854012,9.585713,0.39137,2.63,0.02,20.0
2026-03-09 11:30:00+09:00,3498,霞ヶ関キャピタル,3498.T,プライム,intraday_5m,6790.0,0.002954209748892156,0.17983651226158037,0.003593638074049734,46.42857142857143,-0.06344827586206891,161356038144.0,13.246713,2.4196353,0.23697,2.28,0.030000000000000006,20.0
2026-03-09 11:25:00+09:00,3501,ＳＵＭＩＮＯＥ,3501.T,プライム,intraday_5m,1339.0,0.0,4.0,0.002725516544758736,60.0,-0.0318148951554591,17763733504.0,25.819513,0.5537497,0.04153,3.11,0.06,20.0
2026-03-09 11:25:00+09:00,3539,ＪＭホールディングス,3539.T,プライム,intraday_5m,1598.0,-0.0012499999999999734,1.391304347826087,0.0020679990126505274,46.666666666666664,-0.020232985898221978,81430691840.0,12.674492,1.7955621,0.14809,1.47,0.030000000000000006,20.0
2026-03-09 11:30:00+09:00,3543,コメダホールディングス,3543.T,プライム,intraday_5m,2900.0,-0.00034470872113068207,0.1315068493150685,0.001667007564558837,43.47826086956522,0.0006901311249136732,131982557184.0,21.993023,2.7451851,0.13278,2.07,0.01,20.0
2026-03-09 11:30:00+09:00,3546,アレンザホールディングス,3546.T,プライム,intraday_5m,1461.0,0.00068493150684934,0.0,0.00039531007149070296,60.0,0.0,43863982080.0,15.174491,1.3803229,0.07906,2.6,0.02,20.0
2026-03-09 11:30:00+09:00,3548,バロックジャパンリミテッド,3548.T,プライム,intraday_5m,730.0,-0.001367989056087593,0.0449438202247191,0.0018414019449156235,33.33333333333333,-0.01749663526244949,26266130432.0,,1.7981669,-0.08575,5.11,0.01,20.0
2026-03-09 11:25:00+09:00,3549,クスリのアオキホールディングス,3549.T,プライム,intraday_5m,3663.0,0.0005462988254574253,0.11538461538461539,0.002281745389019824,49.27536231884058,-0.0158516926383665,347849719808.0,19.60501,2.6196563,0.13354999,0.43,0.030000000000000006,20.0
2026-03-09 11:30:00+09:00,3561,力の源ホールディングス,3561.T,プライム,intraday_5m,1472.0,0.002042205582028611,0.22429906542056074,0.0023847735961578806,37.5,-0.014065639651707929,44315652096.0,22.255821,3.8131356,0.17531,1.34,0.01,20.0
2026-03-09 11:30:00+09:00,3563,ＦＯＯＤ　＆　ＬＩＦＥ　ＣＯＭＰＡＮＩＥＳ,3563.T,プライム,intraday_5m,8665.0,-0.00046141423462908726,0.0,0.003272852102941287,25.149700598802383,-0.06425485961123112,981350678528.0,43.320667,9.407475,0.28351998,0.38,0.0,20.0
2026-03-09 11:30:00+09:00,3569,セーレン,3569.T,プライム,intraday_5m,3115.0,0.0,0.14501510574018125,0.004023211539078937,56.52173913043478,-0.09183673469387754,182685614080.0,12.189873,1.2020807,0.109160006,2.22,0.02,20.0
2026-03-09 11:25:00+09:00,3580,小松マテーレ,3580.T,プライム,intraday_5m,839.0,0.002389486260454099,0.4186046511627907,0.00288514257346032,60.0,-0.01985981308411211,32398997504.0,22.325705,0.8329205,0.02617,3.04,0.03333333333333334,18.0
2026-03-09 11:30:00+09:00,3591,ワコールホールディングス,3591.T,プライム,intraday_5m,4236.0,0.0011817537225242702,0.0,0.0028931061021697036,35.593220338983045,-0.03221384509938319,209196662784.0,19.83146,1.0186199,0.055159997,2.28,0.030000000000000006,20.0
2026-03-09 11:10:00+09:00,3593,ホギメディカル,3593.T,プライム,intraday_5m,6740.0,0.0014858841010401136,0.23529411764705882,0.001753211070571917,39.99999999999999,-0.001481481481481528,145312858112.0,226.93602,1.9512359,0.00296,1.41,0.02,20.0
2026-03-09 11:25:00+09:00,3608,ＴＳＩホールディングス,3608.T,プライム,intraday_5m,1063.0,0.0037771482530688516,0.9651474530831099,0.0018720026412852198,58.33333333333333,-0.032757051865332065,61898592256.0,4.4247417,0.64347845,0.19277,3.64,0.04,20.0
2026-03-09 11:30:00+09:00,3612,ワールド,3612.T,プライム,intraday_5m,1551.0,0.0,0.09375,0.0013783319812029724,50.0,-0.03424657534246578,118206349312.0,8.819515,1.2217842,,5.26,0.030000000000000006,20.0
2026-03-09 11:30:00+09:00,3626,ＴＩＳ,3626.T,プライム,intraday_5m,3200.0,0.0006253908692932519,0.0,0.002565646541358456,54.76190476190476,0.008509297195083532,716628688896.0,13.987847,2.1810014,0.1634,2.4,0.0,20.0
2026-03-09 11:25:00+09:00,3632,グリーホールディングス,3632.T,プライム,intraday_5m,375.0,0.0,0.2557377049180328,0.0021021600408728932,42.857142857142854,-0.025974025974025983,64406515712.0,43.85965,0.6968965,0.01535,1.17,0.0,20.0
2026-03-09 11:30:00+09:00,3635,コーエーテクモホールディングス,3635.T,プライム,intraday_5m,1720.5,-0.0008710801393728707,0.0,0.0038808024146062686,32.66666666666667,-0.03828954723309108,574796529664.0,15.765601,2.2217429,0.15953,4.81,0.0,20.0
2026-03-09 11:30:00+09:00,3636,三菱総合研究所,3636.T,プライム,intraday_5m,4640.0,0.0010787486515642097,0.0,0.0018302419839448009,55.55555555555556,-0.03433922996878247,73092816896.0,11.441534,0.99671924,0.11314999,3.54,0.02,20.0
2026-03-09 11:25:00+09:00,3649,ファインデックス,3649.T,プライム,intraday_5m,872.0,0.0011481056257176547,0.23076923076923078,0.0026207228715418706,37.037037037037045,-0.06034482758620685,21286547456.0,19.4556,3.9118576,0.23087999,2.91,0.05,20.0
2026-03-09 11:25:00+09:00,3655,ブレインパッド,3655.T,プライム,intraday_5m,2692.0,0.0003716090672611916,0.0,0.0002728418574191375,33.33333333333333,-0.001113172541743923,56232787968.0,53.991173,10.590211,0.01788,0.3,0.0,20.0
2026-03-09 11:30:00+09:00,3656,ＫＬａｂ,3656.T,プライム,intraday_5m,377.0,0.005333333333333412,0.1261934412619344,0.005500379837606208,44.444444444444436,-0.015665796344647487,28723849216.0,,2.7875955,-0.40403,,0.01,20.0
2026-03-09 11:30:00+09:00,3657,ポールトゥウィンホールディングス,3657.T,プライム,intraday_5m,301.0,0.0,1.0140845070422535,0.0031746947906562926,27.272727272727266,-0.056426332288401215,10643434496.0,,0.9513786,-0.060349997,5.02,0.030000000000000006,20.0
2026-03-09 11:30:00+09:00,3659,ネクソン,3659.T,プライム,intraday_5m,2965.0,-0.00016860563142806484,0.03880983182406209,0.0029104303029915367,46.91943127962085,-0.024350115169463615,2343983906816.0,26.0179,2.2188416,0.08557,1.97,0.01,20.0
2026-03-09 11:30:00+09:00,3660,アイスタイル,3660.T,プライム,intraday_5m,440.0,0.0,0.007113218731475993,0.0036294504123221215,35.71428571428572,-0.04761904761904767,43957407744.0,21.792967,2.0304193,0.13946,0.22,0.01,20.0
2026-03-09 11:30:00+09:00,3661,エムアップホールディングス,3661.T,プライム,intraday_5m,694.0,0.0,0.044362292051756014,0.0029665145780988817,47.368421052631575,-0.012802275960170695,49229357056.0,19.58792,5.3469343,0.30561,1.78,0.05,20.0
2026-03-09 11:30:00+09:00,3662,エイチームホールディングス,3662.T,プライム,intraday_5m,972.0,-0.0051177072671443335,0.0,0.0025853528280552584,39.39393939393939,-0.032835820895522394,18047238144.0,19.42058,2.0032935,0.12953,2.79,0.05,20.0
2026-03-09 11:30:00+09:00,3663,セルシス,3663.T,プライム,intraday_5m,1327.0,0.0037821482602118373,0.0,0.0027387952652729243,40.0,-0.045323741007194274,39320887296.0,30.696276,7.708886,0.27963,2.88,0.030000000000000006,20.0
2026-03-09 11:30:00+09:00,3665,エニグモ,3665.T,プライム,intraday_5m,405.0,0.0,0.014580801944106927,0.001966312381346412,33.33333333333333,-0.0357142857142857,16067402752.0,63.880123,1.2617451,,2.38,-0.01,20.0
2026-03-09 11:30:00+09:00,3668,コロプラ,3668.T,プライム,intraday_5m,445.0,0.0022522522522523403,1.7186311787072244,0.0022930702560603985,63.63636363636363,-0.026258205689277947,57161072640.0,,0.8633551,-0.0027,4.38,0.02,20.0
2026-03-09 11:30:00+09:00,3673,ブロードリーフ,3673.T,プライム,intraday_5m,852.0,-0.0035087719298245723,0.0,0.00454724954682089,56.81818181818182,0.027744270205066313,76758433792.0,63.064396,3.1625366,0.05124,1.81,0.030000000000000006,20.0
2026-03-09 11:30:00+09:00,3676,デジタルハーツホールディングス,3676.T,プライム,intraday_5m,919.0,0.0010893246187364536,0.588957055214724,0.0027394734913433368,46.15384615384615,-0.02751322751322749,20492601344.0,22.001436,2.1185756,0.06977,2.86,0.01,20.0
2026-03-09 11:25:00+09:00,3678,メディアドゥ,3678.T,プライム,intraday_5m,1655.0,0.003030303030302939,1.0344827586206897,0.0025268822254494124,61.11111111111111,-0.031030444964871173,25122529280.0,11.562915,1.3400831,0.11943,2.34,0.030000000000000006,20.0
2026-03-09 11:30:00+09:00,3679,じげん,3679.T,プライム,intraday_5m,424.0,0.0,3.6855036855036856,0.0028789255035222725,46.15384615384615,-0.03196347031963476,42170466304.0,10.731461,1.971772,0.19610001,2.51,0.04,20.0
2026-03-09 11:25:00+09:00,3681,ブイキューブ,3681.T,プライム,intraday_5m,120.0,0.0,0.0,0.013287478891268112,39.99999999999999,-0.055118110236220486,3105291264.0,,4.033478,-2.46865,,0.03157894736842106,19.0
2026-03-09 11:25:00+09:00,3687,フィックスターズ,3687.T,プライム,intraday_5m,1363.0,0.003681885125184081,0.3170731707317073,0.003646050435346954,42.37288135593221,-0.05739972337482713,43960643584.0,22.60365,5.4075284,0.26449,1.24,0.02,20.0
2026-03-09 11:30:00+09:00,3694,オプティム,3694.T,プライム,intraday_5m,431.0,0.0,0.06,0.003040900434773753,33.33333333333333,-0.03146067415730336,23747514368.0,17.868988,2.620013,0.14522,,0.042105263157894736,19.0
2026-03-09 11:30:00+09:00,3696,セレス,3696.T,プライム,intraday_5m,1501.0,0.0,0.056074766355140186,0.00232369427569703,46.34146341463415,-0.04637865311308764,17322133504.0,6.9304643,1.3023138,0.19692,3.81,0.030000000000000006,20.0
2026-03-09 11:30:00+09:00,3697,ＳＨＩＦＴ,3697.T,プライム,intraday_5m,724.4000244140625,0.0008290088853459832,0.032681832745914775,0.0030571240099849205,61.38622237934233,-0.011597761927754857,185160351744.0,21.349838,4.4500413,0.22389,,0.01,20.0
2026-03-09 11:30:00+09:00,3708,特種東海製紙,3708.T,プライム,intraday_5m,1591.0,0.0,0.0,0.0025685191750291457,43.24324324324324,-0.01729462631253864,55444148224.0,14.580278,0.66972727,0.047420003,2.7,0.030000000000000006,20.0
2026-03-09 11:25:00+09:00,3741,セック,3741.T,プライム,intraday_5m,3515.0,0.0,0.07920792079207921,0.003799832645251841,34.482758620689665,-0.08819714656290534,35886784512.0,25.612066,3.629852,0.15503,1.45,0.02,20.0
2026-03-09 11:30:00+09:00,3762,テクマトリックス,3762.T,プライム,intraday_5m,1819.0,-0.0005494505494505475,0.0,0.002407701442324094,67.5,-0.014626218851571005,73077866496.0,16.449629,2.7504096,0.16163,2.65,0.02,20.0
2026-03-09 11:30:00+09:00,3763,プロシップ,3763.T,プライム,intraday_5m,1449.0,-0.0006896551724138167,0.0,0.0021924525208652816,71.42857142857143,-0.028169014084507005,36749447168.0,14.461079,3.5955245,0.28843,2.35,0.06,20.0
2026-03-09 11:30:00+09:00,3765,ガンホー・オンライン・エンターテイメント,3765.T,プライム,intraday_5m,2524.0,-0.0027657052548399896,0.025052192066805846,0.00248263896311963,36.666666666666664,-0.010971786833855801,137146753024.0,98.90282,1.114999,0.02814,3.53,0.01,20.0
2026-03-09 11:25:00+09:00,3769,ＧＭＯペイメントゲートウェイ,3769.T,プライム,intraday_5m,7863.0,-0.0020307145576849983,0.9119999999999999,0.003170416923769271,52.91970802919708,-0.03757649938800489,596437368832.0,27.655458,5.4245133,0.21246,2.08,0.02,20.0
2026-03-09 11:30:00+09:00,3771,システムリサーチ,3771.T,プライム,intraday_5m,1723.0,0.0011621150493899002,0.0,0.0025757858232410818,47.5,-0.03904071388733965,28575873024.0,11.81999,2.261226,0.20375,3.9,0.030000000000000006,20.0
2026-03-09 11:30:00+09:00,3774,インターネットイニシアティブ,3774.T,プライム,intraday_5m,2257.5,-0.0006640106241699861,0.03411513859275053,0.0021476872642751353,61.32075471698114,0.0017750166407810575,400169140224.0,17.920933,2.6360376,0.15630001,1.73,0.02,20.0
2026-03-09 11:30:00+09:00,3778,さくらインターネット,3778.T,プライム,intraday_5m,2834.0,-0.0017611835153222843,0.035678889990089196,0.003652594623536734,29.729729729729726,-0.041596212377409514,113422835712.0,69.44376,3.8635619,0.02639,0.17,-0.020000000000000004,20.0
2026-03-09 11:30:00+09:00,3788,ＧＭＯグローバルサイン・ホールディングス,3788.T,プライム,intraday_5m,1923.0,-0.002593360995850613,0.2553191489361702,0.002299394598294017,29.545454545454547,-0.05642787046123654,22056314880.0,29.030798,2.137783,0.10184,2.93,0.04,20.0
2026-03-09 11:25:00+09:00,3817,ＳＲＡホールディングス,3817.T,プライム,intraday_5m,4830.0,0.004158004158004047,0.0,0.006805951546273115,44.827586206896555,-0.027190332326283984,61021683712.0,15.869886,1.8847816,0.11399999,4.03,0.04,20.0
2026-03-09 11:30:00+09:00,3834,朝日ネット,3834.T,プライム,intraday_5m,678.0,0.0,0.0,0.0033519993327020036,66.66666666666666,-0.0014727540500736325,17569011712.0,11.972452,1.3655369,0.09995,3.68,0.010526315789473684,19.0
2026-03-09 11:25:00+09:00,3835,ｅＢＡＳＥ,3835.T,プライム,intraday_5m,408.0,0.002457002457002533,0.28125,0.002495172377971132,46.15384615384615,-0.033175355450236976,18114031616.0,15.981198,2.556631,0.16430001,3.6,0.021052631578947368,19.0
2026-03-09 11:30:00+09:00,3836,アバントグループ,3836.T,プライム,intraday_5m,1367.0,0.00146520146520146,0.06417112299465241,0.002561234002031655,46.34146341463415,-0.040701754385964906,49889583104.0,14.513218,3.0580082,0.23725,2.25,0.030000000000000006,20.0
2026-03-09 11:30:00+09:00,3837,アドソル日進,3837.T,プライム,intraday_5m,1530.0,0.0013089005235602524,6.4186046511627906,0.003214940975637602,41.269841269841265,-0.061925199264255104,26731210752.0,20.34845,3.3868966,0.18976,2.82,0.02,20.0
2026-03-09 11:25:00+09:00,3843,フリービット,3843.T,プライム,intraday_5m,1529.0,0.0006544502617800152,0.12121212121212122,0.002220834528869783,47.5,-0.04017576898932829,33366321152.0,10.178405,4.1822925,0.29917,2.57,0.04,20.0
2026-03-09 11:25:00+09:00,3844,コムチュア,3844.T,プライム,intraday_5m,1490.0,0.0033670033670034627,0.5985037406483791,0.002491996358077695,43.47826086956522,-0.03434867141931308,47521357824.0,14.477264,2.4436123,0.17153,3.24,0.01,20.0
2026-03-09 11:30:00+09:00,3853,アステリア,3853.T,プライム,intraday_5m,1174.0,0.0,0.0,0.00466289563535207,35.38461538461537,-0.09133126934984526,19377156096.0,17.341211,2.7302706,0.17411,0.7,0.02,20.0
2026-03-09 11:30:00+09:00,3854,アイル,3854.T,プライム,intraday_5m,2499.0,0.0004003202562050667,0.043010752688172046,0.00459610434853578,70.14925373134328,0.050000000000000044,62548688896.0,17.67702,5.052527,0.39629,2.86,0.06000000000000001,20.0
2026-03-09 11:30:00+09:00,3861,王子ホールディングス,3861.T,プライム,intraday_5m,902.0,-0.0005540166204985875,0.0,0.0021568017134125502,51.85190766834953,-0.025812748443534317,805588107264.0,26.114649,0.77481157,0.025969999,3.89,0.0,20.0
2026-03-09 11:30:00+09:00,3863,日本製紙,3863.T,プライム,intraday_5m,1235.0,0.0,0.5170998632010944,0.0022991275194777444,42.857142857142854,-0.028324154209284025,142681866240.0,8.077175,0.29406133,0.02888,1.18,0.01,20.0
2026-03-09 11:30:00+09:00,3864,三菱製紙,3864.T,プライム,intraday_5m,818.0,0.001223990208078396,0.05791505791505791,0.0030535220088391043,30.769230769230774,-0.07361268403171006,35835236352.0,10.873322,0.43459827,-0.00107,1.7,-0.01,20.0
2026-03-09 11:30:00+09:00,3865,北越コーポレーション,3865.T,プライム,intraday_5m,1001.0,-0.0009980039920159944,0.02575107296137339,0.0037124489292850666,51.61290322580645,-0.00497017892644136,168401993728.0,14.505144,0.6251132,0.04042,2.58,0.0,20.0
2026-03-09 11:30:00+09:00,3877,中越パルプ工業,3877.T,プライム,intraday_5m,1899.0,0.0021108179419524475,1.5724137931034483,0.001886848374944242,39.53488372093023,-0.027151639344262346,23861960704.0,33.31579,0.4072254,-0.01107,5.12,0.0,20.0
2026-03-09 11:30:00+09:00,3880,大王製紙,3880.T,プライム,intraday_5m,1102.0,0.0027297543221109777,0.0,0.0030545407237410984,47.368421052631575,-0.030782761653474044,183420403712.0,,0.7661743,0.02016,1.23,0.030000000000000006,20.0
2026-03-09 11:30:00+09:00,3901,マークラインズ,3901.T,プライム,intraday_5m,1581.0,0.0019011406844107182,0.0,0.002986939412184982,48.07692307692308,-0.020446096654275103,20152248320.0,13.567322,3.0836327,0.2297,3.22,0.02,20.0
2026-03-09 11:20:00+09:00,3902,メディカル・データ・ビジョン,3902.T,プライム,intraday_5m,1681.0,0.0,0.30000000000000004,0.0004206466482906404,50.0,0.0005952380952380931,63637241856.0,,20.654657,0.08816,0.77,0.02,20.0
2026-03-09 11:30:00+09:00,3903,ｇｕｍｉ,3903.T,プライム,intraday_5m,308.0,0.0,0.021505376344086023,0.0018522188407286981,33.33333333333333,-0.04347826086956519,15708103680.0,5.389326,0.80843717,0.15724,,0.06,20.0
2026-03-09 11:30:00+09:00,3915,テラスカイ,3915.T,プライム,intraday_5m,1571.0,0.001913265306122458,0.0,0.003395916992291569,46.55172413793104,-0.06986382474837183,20280631296.0,19.177246,1.691929,0.1267,1.89,-0.02,20.0
2026-03-09 11:30:00+09:00,3916,デジタル・インフォメーション・テクノロジー,3916.T,プライム,intraday_5m,991.0,0.0,0.0,0.002445979095148232,57.14285714285714,-0.01491053677932408,29197701120.0,13.420911,0.001995138,0.27299,3.78,0.01,20.0
2026-03-09 11:30:00+09:00,3921,ネオジャパン,3921.T,プライム,intraday_5m,1729.0,0.002318840579710102,0.2448979591836735,0.0026172783979683963,52.631578947368425,-0.0248166948674563,24236974080.0,14.257442,3.4443398,0.27577,2.82,0.030000000000000006,20.0
2026-03-09 11:30:00+09:00,3922,ＰＲ　ＴＩＭＥＳ,3922.T,プライム,intraday_5m,2243.0,0.0,0.8484848484848485,0.0025594617685998607,50.87719298245614,-0.03360620422231797,30274666496.0,17.38086,3.4092653,0.27369,0.59,0.044444444444444446,18.0
2026-03-09 11:30:00+09:00,3923,ラクス,3923.T,プライム,intraday_5m,867.7000122070312,-0.002643664129849177,0.0,0.002834290478035635,51.87719638121783,-0.01843890021829042,312879677440.0,29.383677,11.25626,0.51668,0.38,0.04,20.0
2026-03-09 11:20:00+09:00,3924,ランドコンピュータ,3924.T,プライム,intraday_5m,917.0,-0.0010893246187363426,0.42857142857142855,0.0022974445924473703,57.14285714285714,-0.007575757575757569,16462136320.0,14.85742,2.8123314,0.11999,4.11,0.02,20.0
2026-03-09 11:25:00+09:00,3925,ダブルスタンダード,3925.T,プライム,intraday_5m,1464.0,-0.010141987829614618,4.300341296928328,0.0029154983366018296,43.13725490196078,-0.031746031746031744,19787198464.0,13.373527,3.1047406,0.21395001,3.97,0.01,20.0
2026-03-09 11:25:00+09:00,3926,オープンドア,3926.T,プライム,intraday_5m,330.0,0.003039513677811634,0.020979020979020976,0.0162298686150628,58.33333333333333,-0.009009009009009028,10234455040.0,,2.9121587,-0.29681,,0.030000000000000006,20.0
2026-03-09 11:25:00+09:00,3932,アカツキ,3932.T,プライム,intraday_5m,2987.0,0.008440243079000709,0.8,0.002702558551171804,51.807228915662655,-0.022258592471358418,43079315456.0,20.62703,1.00014,0.090579994,3.6,0.01,20.0
2026-03-09 11:25:00+09:00,3939,カナミックネットワーク,3939.T,プライム,intraday_5m,522.0,0.0019193857965451588,0.525,0.0026981039448471388,47.05882352941176,-0.049180327868852514,24772708352.0,22.269625,5.3435426,0.28059,1.64,0.02,20.0
2026-03-09 11:30:00+09:00,3941,レンゴー,3941.T,プライム,intraday_5m,1306.0,-0.0007651109410864443,0.0,0.0029122458092876277,41.41414141414141,-0.07375886524822695,323945758720.0,15.310668,0.6612006,0.06878,2.84,0.0,20.0
2026-03-09 11:25:00+09:00,3946,トーモク,3946.T,プライム,intraday_5m,3340.0,0.004511278195488799,0.39215686274509803,0.0031588303211415067,57.142857142857146,-0.03607503607503604,55099691008.0,7.4550247,0.56262696,0.080649994,3.75,0.06,20.0
2026-03-09 11:30:00+09:00,3950,ザ・パック,3950.T,プライム,intraday_5m,1297.0,0.0007716049382715529,0.0,0.0016465603052022116,48.14814814814815,-0.03064275037369213,72092540928.0,12.116965,0.94077945,0.07954,3.14,0.030000000000000006,20.0
2026-03-09 11:30:00+09:00,3962,チェンジホールディングス,3962.T,プライム,intraday_5m,927.0,0.0,0.35944700460829493,0.0027580975935822204,57.692307692307686,-0.03638253638253641,64499679232.0,9.221128,1.3650159,0.12335,2.39,0.0,20.0
2026-03-09 11:25:00+09:00,3963,シンクロ・フード,3963.T,プライム,intraday_5m,465.0,0.0,0.9664429530201342,0.0025512584334704434,16.666666666666657,-0.0587044534412956,13039803392.0,27.678574,2.7522447,0.065630004,6.07,0.030000000000000006,20.0
2026-03-09 11:30:00+09:00,3964,オークネット,3964.T,プライム,intraday_5m,2355.0,0.00042480883602369346,0.1804511278195489,0.003304001179500647,53.60824742268041,-0.04423701298701299,106787758080.0,15.341021,4.0546265,0.22962,1.62,0.03157894736842106,19.0
2026-03-09 11:30:00+09:00,3968,セグエグループ,3968.T,プライム,intraday_5m,491.0,0.0,1.4103092783505156,0.0022335051329030664,42.857142857142854,-0.029644268774703608,17845334016.0,32.668,3.7202325,0.32437,3.56,0.04,20.0
2026-03-09 11:30:00+09:00,3983,オロ,3983.T,プライム,intraday_5m,1821.0,0.0,0.5637583892617449,0.002140889615862243,30.0,-0.04308985811875987,28378503168.0,15.948503,2.7399898,0.18371001,2.63,0.04,20.0
2026-03-09 11:25:00+09:00,3984,ユーザーローカル,3984.T,プライム,intraday_5m,1518.0,0.001980198019801982,0.09549071618037136,0.003266680110975551,50.0,-0.02316602316602312,24306612224.0,14.733573,2.5927045,0.19016,1.29,0.02,20.0
2026-03-09 11:30:00+09:00,3992,ニーズウェル,3992.T,プライム,intraday_5m,517.0,-0.003853564547206201,4.076923076923077,0.0025932135310524408,25.0,-0.042592592592592626,19577499648.0,22.056313,4.255354,0.21145001,2.22,0.042105263157894736,19.0
2026-03-09 11:30:00+09:00,3993,ＰＫＳＨＡ　Ｔｅｃｈｎｏｌｏｇｙ,3993.T,プライム,intraday_5m,3100.0,0.001615508885298933,0.24793388429752067,0.0028168117231847866,40.0,-0.07046476761619191,96275431424.0,35.88794,2.7918873,,,0.02,20.0
2026-03-09 11:30:00+09:00,3994,マネーフォワード,3994.T,プライム,intraday_5m,3749.0,0.0005337603416066816,0.05943536404160475,0.004092101332534924,48.78048780487806,0.013791238507301351,207351349248.0,131.68248,4.7306113,0.043390002,,0.01,20.0
2026-03-09 11:30:00+09:00,4004,レゾナック・ホールディングス,4004.T,プライム,intraday_5m,10465.0,0.00047801147227533036,0.14022331861854062,0.005691472706007771,47.794117647058826,-0.14150943396226412,1893985943552.0,65.036354,2.7091374,0.0448,0.53,0.02,20.0
2026-03-09 11:30:00+09:00,4005,住友化学,4005.T,プライム,intraday_5m,470.29998779296875,-0.00021259801193285188,0.011227965118455032,0.0034408798883821747,52.582111193255734,-0.07330051666410098,770065760256.0,9.075646,0.74769473,0.12083,2.66,0.02,20.0
2026-03-09 11:30:00+09:00,4008,住友精化,4008.T,プライム,intraday_5m,6420.0,0.0031250000000000444,0.4,0.00313008592105682,56.52173913043478,-0.060029282576866794,83476414464.0,14.263496,0.8379717,0.040710002,3.51,0.06999999999999999,20.0
2026-03-09 11:30:00+09:00,4021,日産化学,4021.T,プライム,intraday_5m,6061.0,0.0019837989750370877,0.03582089552238806,0.0029116199540499647,37.19806763285025,-0.06161944573463385,813235372032.0,18.2209,3.371262,0.19723,3.41,0.01,20.0
2026-03-09 11:30:00+09:00,4022,ラサ工業,4022.T,プライム,intraday_5m,8070.0,-0.006157635467980316,0.013605442176870748,0.0059292778009929934,43.13725490196078,-0.11899563318777295,63004909568.0,15.008648,2.0834672,0.15564999,1.86,0.04,20.0
2026-03-09 11:30:00+09:00,4023,クレハ,4023.T,プライム,intraday_5m,4430.0,0.001129943502824915,0.1794019933554817,0.002043449979551858,45.45454545454546,-0.04833512352309344,169311485952.0,22.713291,0.92950284,0.050380003,4.7,0.02,20.0
2026-03-09 11:30:00+09:00,4025,多木化学,4025.T,プライム,intraday_5m,3580.0,0.0013986013986013734,0.16666666666666666,0.0026863426646498464,40.0,-0.03633916554508754,29851955200.0,11.310502,0.69610083,0.080970004,2.15,0.02,20.0
2026-03-09 11:30:00+09:00,4027,テイカ,4027.T,プライム,intraday_5m,1629.0,0.0018450184501845879,0.0,0.004319316315757689,27.41935483870968,-0.08534531162268388,37171245056.0,15.449544,0.60860974,0.02624,3.37,0.0,20.0
2026-03-09 11:30:00+09:00,4028,石原産業,4028.T,プライム,intraday_5m,3195.0,-0.0015625000000000222,0.7868852459016393,0.003541999564665163,50.0,-0.10126582278481011,122225426432.0,9.16129,1.0120118,0.14339,3.38,0.04,20.0
2026-03-09 11:30:00+09:00,4041,日本曹達,4041.T,プライム,intraday_5m,3815.0,0.0,0.03571428571428571,0.002406082611149589,54.54545454545455,-0.03783102143757877,204555354112.0,13.551435,1.0416888,0.077259995,3.53,0.030000000000000006,20.0
2026-03-09 11:30:00+09:00,4042,東ソー,4042.T,プライム,intraday_5m,2375.0,0.0006319780914261219,0.09480812641083522,0.0024703095005298944,43.82022471910112,-0.05189620758483038,735010684928.0,18.700787,0.91760164,,3.99,-0.02,20.0
2026-03-09 11:30:00+09:00,4043,トクヤマ,4043.T,プライム,intraday_5m,3730.0,0.0,0.017699115044247787,0.0032289412788638907,45.774647887323944,-0.09663356744974572,268360073216.0,11.235955,0.9685789,0.091230005,2.91,0.0,20.0
2026-03-09 11:30:00+09:00,4044,セントラル硝子,4044.T,プライム,intraday_5m,3940.0,-0.0012674271229404788,0.2201834862385321,0.0035125298200040828,61.29032258064516,-0.05628742514970064,97680400384.0,19.417475,0.8180353,0.04385,4.07,0.0,20.0
2026-03-09 11:30:00+09:00,4045,東亞合成,4045.T,プライム,intraday_5m,1733.0,-0.00028843380444187883,0.0,0.001989069004658854,46.236559139784944,-0.049108367626886196,183930748928.0,14.811966,0.8670098,0.059770003,3.84,0.030000000000000006,20.0
2026-03-09 11:30:00+09:00,4046,大阪ソーダ,4046.T,プライム,intraday_5m,1995.0,0.0010035122930256435,0.11059907834101383,0.003079246923097998,36.7816091954023,-0.058073654390934815,245089959936.0,20.56701,2.0035834,0.10943,1.18,0.02,20.0
2026-03-09 11:30:00+09:00,4047,関東電化工業,4047.T,プライム,intraday_5m,1464.0,-0.002044989775051076,0.4615384615384615,0.0033135536259778805,36.0655737704918,-0.12282804074295983,83966181376.0,43.858597,1.2350512,0.046329997,1.08,0.030000000000000006,20.0
2026-03-09 11:25:00+09:00,4051,ＧＭＯフィナンシャルゲート,4051.T,プライム,intraday_5m,5580.0,0.0017953321364452268,0.7578947368421053,0.004164581544664456,42.857142857142854,-0.014134275618374548,46061752320.0,28.329187,7.5680413,0.28167,2.21,0.02,20.0
2026-03-09 11:30:00+09:00,4053,Ｓｕｎ　Ａｓｔｅｒｉｓｋ,4053.T,プライム,intraday_5m,388.0,0.0,0.22487223168654172,0.002974770521400143,44.444444444444436,-0.044334975369458074,14771232768.0,17.130243,1.3870369,0.04543,,0.042105263157894736,19.0
2026-03-09 11:30:00+09:00,4061,デンカ,4061.T,プライム,intraday_5m,3298.0,0.0,0.039109179793590444,0.003476170172608713,51.11111111111111,-0.06836158192090391,284289597440.0,,0.95963395,-0.05479,2.82,0.01,20.0
2026-03-09 11:30:00+09:00,4062,イビデン,4062.T,プライム,intraday_5m,7037.0,0.0001421262080727459,0.10033242671501964,0.00545109127863476,50.83333333333333,-0.10697969543147212,1965053050880.0,59.534687,3.622918,0.07564,0.25,0.01,20.0
2026-03-09 11:30:00+09:00,4063,信越化学工業,4063.T,プライム,intraday_5m,5875.0,0.0006813149378299688,0.0,0.0033891846201488077,44.72361809045226,-0.059548583319993575,11009654784000.0,22.771318,2.5454488,0.11484,1.7,0.01,20.0
2026-03-09 11:30:00+09:00,4064,日本カーバイド工業,4064.T,プライム,intraday_5m,2645.0,-0.0033911077618689056,0.06486486486486487,0.0034939386896162532,52.50000000000001,-0.08445829006576666,24665950208.0,8.508654,0.6683492,0.07716,3.53,0.07,20.0
2026-03-09 11:30:00+09:00,4071,プラスアルファ・コンサルティング,4071.T,プライム,intraday_5m,2164.0,0.0,0.1256544502617801,0.0018245298852905718,46.34146341463415,-0.043747238179407844,91721900032.0,27.637291,6.2345505,0.27903,1.68,0.02,20.0
2026-03-09 11:30:00+09:00,4072,電算システムホールディングス,4072.T,プライム,intraday_5m,2880.0,0.0013908205841446364,0.0,0.0027029720445132964,50.53763440860215,-0.04477611940298509,30838464512.0,15.234872,1.2513812,0.123459995,3.32,0.05,20.0
2026-03-09 11:30:00+09:00,4078,堺化学工業,4078.T,プライム,intraday_5m,3600.0,-0.001386962552011095,0.0,0.002817917869581315,45.45454545454546,-0.06735751295336789,55120494592.0,10.362695,0.71899575,0.05493,4.15,0.0,20.0
2026-03-09 11:30:00+09:00,4082,第一稀元素化学工業,4082.T,プライム,intraday_5m,2232.0,0.0,0.02962962962962963,0.0029080216924497935,32.3943661971831,-0.0807248764415156,53908803584.0,42.168903,1.4482099,0.02641,1.15,0.02,20.0
2026-03-09 11:30:00+09:00,4088,エア・ウォーター,4088.T,プライム,intraday_5m,2011.5,0.0009952724558348613,0.1907514450867052,0.001996933365328501,51.04166666666667,-0.03916885598280395,461070008320.0,5.2648797,1.0366969,0.016619999,3.58,-0.01,20.0
2026-03-09 11:30:00+09:00,4091,日本酸素ホールディングス,4091.T,プライム,intraday_5m,5441.0,0.0,0.02564102564102564,0.002741428952411002,43.19526627218935,-0.056528524362753574,2355160154112.0,21.992725,2.0160236,0.10508,1.01,0.030000000000000006,20.0
2026-03-09 11:30:00+09:00,4092,日本化学工業,4092.T,プライム,intraday_5m,3085.0,0.0,0.06779661016949153,0.003887640803623205,37.037037037037045,-0.0832095096582467,26949632000.0,10.610855,0.5603253,0.043420002,3.57,0.030000000000000006,20.0
2026-03-09 11:30:00+09:00,4095,日本パーカライジング,4095.T,プライム,intraday_5m,1445.0,0.0,0.0,0.002465024143238185,46.0,-0.06046814044213267,156698918912.0,12.835317,0.81158394,0.06325,3.25,0.021052631578947368,19.0
2026-03-09 11:30:00+09:00,4097,高圧ガス工業,4097.T,プライム,intraday_5m,1085.0,0.0,0.09302325581395349,0.0028923280223363884,36.111111111111114,-0.00822669104204754,59895701504.0,12.289047,0.73281246,0.053200003,3.66,0.04,20.0
2026-03-09 11:30:00+09:00,4099,四国化成ホールディングス,4099.T,プライム,intraday_5m,4655.0,-0.0032119914346895317,0.04633204633204633,0.004759168579298973,44.11764705882353,-0.09961315280464211,201325625344.0,24.074266,2.149218,0.09482,1.16,0.01,20.0
2026-03-09 11:25:00+09:00,4109,ステラ　ケミファ,4109.T,プライム,intraday_5m,4760.0,0.002105263157894832,0.2903225806451613,0.002992675077027276,39.99999999999999,-0.08285163776493254,56246874112.0,19.268135,1.2526556,0.05662,3.28,0.04,20.0
2026-03-09 11:25:00+09:00,4112,保土谷化学工業,4112.T,プライム,intraday_5m,2250.0,0.00222717149220486,0.11538461538461539,0.0027044949897028175,41.17647058823529,-0.02386117136659438,35788247040.0,19.178316,0.682356,0.05903,2.17,0.02,20.0
2026-03-09 11:30:00+09:00,4114,日本触媒,4114.T,プライム,intraday_5m,2336.0,-0.0006417112299464955,0.08282208588957056,0.0018743376254377257,48.36065573770492,-0.04885993485342022,345160515584.0,21.967276,0.8902222,0.04674,4.07,0.02,20.0
2026-03-09 11:30:00+09:00,4116,大日精化工業,4116.T,プライム,intraday_5m,4450.0,0.0,0.10714285714285714,0.0026492297413920874,37.93103448275862,-0.07098121085594988,75956338688.0,12.674091,0.5800275,0.053839996,3.72,0.042105263157894736,19.0
2026-03-09 11:25:00+09:00,4118,カネカ,4118.T,プライム,intraday_5m,4752.0,0.0010532968190435366,0.43636363636363634,0.0024389370963650496,46.97986577181208,-0.041935483870967794,288837599232.0,11.432696,0.59894115,0.05547,3.23,0.02,20.0
2026-03-09 11:30:00+09:00,4151,協和キリン,4151.T,プライム,intraday_5m,2156.0,-0.00046360686138158247,0.1453444360333081,0.0017715292536981259,14.444444444444443,-0.042416166999777905,1128640544768.0,16.829287,1.2634053,0.076869994,3.11,-0.01,20.0
2026-03-09 11:30:00+09:00,4180,Ａｐｐｉｅｒ　Ｇｒｏｕｐ,4180.T,プライム,intraday_5m,835.0,-0.0011961722488038617,0.0,0.00439841854263298,61.29032258064516,0.0024009603841537164,85019688960.0,33.413364,2.2912116,0.07159,0.28,0.02,20.0
2026-03-09 11:30:00+09:00,4182,三菱瓦斯化学,4182.T,プライム,intraday_5m,4051.0,-0.0009864364981504448,0.02221193891716798,0.004765077280989937,44.725738396624465,-0.11973055193394178,788904017920.0,,1.2371135,-0.01591,2.17,0.0,20.0
2026-03-09 11:30:00+09:00,4183,三井化学,4183.T,プライム,intraday_5m,1983.5,0.0007568113017153433,0.06020596778452601,0.0028299741012601204,37.76223776223777,-0.08000927643784783,746847862784.0,41.626442,0.8470063,0.0298,3.48,0.0,20.0
2026-03-09 11:30:00+09:00,4186,東京応化工業,4186.T,プライム,intraday_5m,7501.0,0.0,0.0,0.004688650944888983,43.79391100702576,-0.14906409529211573,899220635648.0,26.92874,3.9488323,0.17196,0.91,0.01,20.0
2026-03-09 11:30:00+09:00,4187,大阪有機化学工業,4187.T,プライム,intraday_5m,3880.0,-0.00512820512820511,0.14201183431952663,0.003304588643773379,36.111111111111114,-0.11617312072892938,78908612608.0,11.52327,1.5876985,0.14529,1.82,0.030000000000000006,20.0
2026-03-09 11:30:00+09:00,4188,三菱ケミカルグループ,4188.T,プライム,intraday_5m,937.2000122070312,-0.0007463612206093373,0.048127128263337114,0.002727573533375379,36.288153274169304,-0.09667468702936743,1273237733376.0,35.990784,0.6881295,0.03679,3.08,0.01,20.0
2026-03-09 11:30:00+09:00,4189,ＫＨネオケム,4189.T,プライム,intraday_5m,2803.0,0.0,0.2553191489361702,0.0027356309303078106,47.524752475247524,-0.06566666666666665,98129149952.0,13.085901,1.4080552,0.11003,3.67,0.030000000000000006,20.0
2026-03-09 11:30:00+09:00,4194,ビジョナル,4194.T,プライム,intraday_5m,7231.0,0.0015235457063711433,0.0,0.002796714349594316,52.15827338129496,-0.0312165058949625,290224308224.0,18.7385,3.976492,0.27225,,0.0,20.0
2026-03-09 11:30:00+09:00,4202,ダイセル,4202.T,プライム,intraday_5m,1398.0,0.0,0.07403252944475602,0.002465050448145537,38.63636363636363,-0.07692307692307687,360373420032.0,10.268087,0.9427206,0.10627,3.96,0.01,20.0
2026-03-09 11:30:00+09:00,4203,住友ベークライト,4203.T,プライム,intraday_5m,5128.0,0.0005853658536585371,0.03418803418803419,0.002642274002585884,43.24324324324324,-0.07935368043087976,449911062528.0,22.902058,1.3706509,0.08133,1.97,0.05,20.0
2026-03-09 11:30:00+09:00,4204,積水化学工業,4204.T,プライム,intraday_5m,2709.5,0.00036920804873541435,0.11870503597122303,0.001960824057341038,44.366197183098585,-0.044941839971801234,1096339685376.0,15.943862,1.3393832,,2.82,0.01,20.0
2026-03-09 11:30:00+09:00,4205,日本ゼオン,4205.T,プライム,intraday_5m,1858.0,0.00026917900403766737,0.01948051948051948,0.0024547152193883683,47.72727272727273,-0.06066734074823055,355520184320.0,10.176918,0.9824206,0.09689,3.64,0.04,20.0
2026-03-09 11:30:00+09:00,4206,アイカ工業,4206.T,プライム,intraday_5m,3724.0,0.0,0.31413612565445026,0.0013436796754771657,49.122807017543856,-0.025895893277530724,233148481536.0,14.495348,1.3035468,0.10466,3.61,0.030000000000000006,20.0
2026-03-09 11:30:00+09:00,4208,ＵＢＥ,4208.T,プライム,intraday_5m,2490.0,0.000803858520900258,0.06352007057785619,0.002395623563354073,46.385542168674704,-0.06846240179573515,241878859776.0,42.153378,0.56939447,0.08762,4.12,0.02,20.0
2026-03-09 11:30:00+09:00,4212,積水樹脂,4212.T,プライム,intraday_5m,2311.0,0.0026030368763556577,0.06976744186046512,0.0021698432788051993,36.36363636363636,-0.05480572597137012,69252972544.0,18.717096,0.7252737,0.04504,2.94,0.030000000000000006,20.0
2026-03-09 11:30:00+09:00,4216,旭有機材,4216.T,プライム,intraday_5m,5700.0,-0.0017513134851138146,0.0,0.003241581389803258,34.78260869565217,-0.05315614617940201,107068416000.0,15.78073,1.3649703,0.07391,1.99,0.02,20.0
2026-03-09 11:25:00+09:00,4218,ニチバン,4218.T,プライム,intraday_5m,1930.0,0.0005184033177811909,0.5806451612903226,0.0015441805065292953,53.846153846153854,0.0,39289798656.0,21.785755,0.89774454,0.03593,2.07,0.0,20.0
2026-03-09 11:30:00+09:00,4220,リケンテクノス,4220.T,プライム,intraday_5m,1682.0,0.0011904761904761862,0.32558139534883723,0.0026753853870672643,37.5,-0.060335195530726304,80031432704.0,10.617347,1.2585309,0.13674,2.91,0.04,20.0
2026-03-09 11:30:00+09:00,4221,大倉工業,4221.T,プライム,intraday_5m,4670.0,0.0,2.5970149253731343,0.002779196985798477,54.54545454545455,-0.04596527068437184,52755386368.0,13.92741,0.83607644,0.06099,4.49,0.04,20.0
2026-03-09 11:30:00+09:00,4228,積水化成品工業,4228.T,プライム,intraday_5m,466.0,0.0,0.019230769230769232,0.004339877572829284,46.666666666666664,-0.0862745098039216,21248495616.0,,0.46148255,-0.16943,1.96,0.02,20.0
2026-03-09 11:30:00+09:00,4229,群栄化学工業,4229.T,プライム,intraday_5m,4935.0,0.0030487804878047697,0.0,0.004045946459729847,36.36363636363636,-0.07062146892655363,32749242368.0,17.17896,0.61869234,0.04603,1.88,0.030000000000000006,20.0
2026-03-09 11:30:00+09:00,4246,ダイキョーニシカワ,4246.T,プライム,intraday_5m,827.0,0.001210653753026536,0.02575107296137339,0.0026746056576609956,50.0,-0.06447963800904977,54469632000.0,8.156623,0.6501736,0.10488,4.3,0.02,20.0
2026-03-09 11:25:00+09:00,4249,森六,4249.T,プライム,intraday_5m,2425.0,0.0020661157024792765,0.2857142857142857,0.00228411996662303,51.66666666666666,-0.03960396039603964,34612219904.0,,0.5422496,-0.09842,4.55,0.030000000000000006,20.0
2026-03-09 11:30:00+09:00,4251,恵和,4251.T,プライム,intraday_5m,1193.0,0.0025210084033613356,0.5869565217391305,0.0029471409515576365,48.88888888888889,-0.08160123171670519,22420320256.0,8.244074,0.924607,0.096920006,3.85,0.02,20.0
2026-03-09 11:30:00+09:00,4272,日本化薬,4272.T,プライム,intraday_5m,1802.5,-0.0002773155851358844,0.10050251256281408,0.0016504382694448763,50.0,-0.04122340425531912,269385695232.0,12.339129,0.9913569,0.07911,3.19,0.01,20.0
2026-03-09 11:30:00+09:00,4275,カーリット,4275.T,プライム,intraday_5m,2697.0,-0.0007410151908113782,0.0,0.00478782044748252,53.04878048780488,-0.08452138492871686,60632432640.0,22.772945,1.5489514,0.087,1.29,0.04,20.0
2026-03-09 11:25:00+09:00,4290,プレステージ・インターナショナル,4290.T,プライム,intraday_5m,675.0,0.0014836795252226587,0.48708487084870844,0.0018590009836647076,42.857142857142854,-0.020319303338171224,84405493760.0,16.194817,1.7934194,0.12312999,3.77,0.04,20.0
2026-03-09 11:25:00+09:00,4301,アミューズ,4301.T,プライム,intraday_5m,2013.0,0.002989536621823552,0.04580152671755725,0.0025236498405500516,43.54838709677419,-0.012266928361138407,32626493440.0,6.9411397,0.868671,0.14023,1.96,0.06,20.0
2026-03-09 11:30:00+09:00,4307,野村総合研究所,4307.T,プライム,intraday_5m,4275.0,0.0009365488176071857,0.09544706527701591,0.0028464449293583516,41.803278688524586,-0.02641767251195626,2450917425152.0,24.038462,4.8872056,0.22697,1.69,0.030000000000000006,20.0
2026-03-09 11:30:00+09:00,4310,ドリームインキュベータ,4310.T,プライム,intraday_5m,2879.0,-0.0041508128675198375,0.6315789473684211,0.003633220332036914,28.971962616822438,-0.04510779436152568,25365313536.0,23.34766,2.3240082,0.07447,4.54,0.04,20.0
2026-03-09 11:30:00+09:00,4318,クイック,4318.T,プライム,intraday_5m,908.0,0.0011025358324145973,0.40268456375838924,0.00220163405011815,50.0,-0.03915343915343916,50958245888.0,16.623947,2.6838179,0.21108,3.67,0.04,20.0
2026-03-09 11:25:00+09:00,4323,日本システム技術,4323.T,プライム,intraday_5m,1970.0,0.00356597045338769,0.17224880382775118,0.0037071969458433935,60.24096385542169,-0.032891507118311236,48696336384.0,16.877998,3.139252,0.18988001,2.21,0.02,20.0
2026-03-09 11:30:00+09:00,4324,電通グループ,4324.T,プライム,intraday_5m,2827.5,-0.0008833922261484162,0.0,0.0021549816977428134,32.08955223880598,-0.025000000000000022,733983473664.0,,1.9580727,-0.52415,4.14,0.030000000000000006,20.0
2026-03-09 11:30:00+09:00,4326,インテージホールディングス,4326.T,プライム,intraday_5m,1691.0,-0.0011813349084465186,0.1509433962264151,0.002822570320318368,46.0,-0.005878894767783693,64613752832.0,23.840406,1.9212548,0.08194,2.82,0.04,20.0
2026-03-09 11:30:00+09:00,4331,テイクアンドギヴ・ニーズ,4331.T,プライム,intraday_5m,705.0,0.0014204545454545858,0.23225806451612901,0.002360875704292295,62.50000000000001,-0.02758620689655178,10294574080.0,3.9431736,0.58007026,0.11264,5.52,0.03333333333333334,18.0
2026-03-09 11:30:00+09:00,4333,東邦システムサイエンス,4333.T,プライム,intraday_5m,1090.0,0.0009182736455464191,0.0,0.0025146669131755513,66.66666666666666,-0.004566210045662156,18902335488.0,15.128383,2.081277,-0.00914,4.57,0.03157894736842106,19.0
2026-03-09 11:30:00+09:00,4337,ぴあ,4337.T,プライム,intraday_5m,2933.0,0.003421142661649057,0.0,0.007358877719486224,41.41414141414141,-0.018406961178045522,44980592640.0,15.507031,4.571783,0.38563,0.67,0.05,20.0
2026-03-09 11:30:00+09:00,4343,イオンファンタジー,4343.T,プライム,intraday_5m,2450.0,0.004098360655737654,0.10714285714285714,0.0021417465198697756,53.44827586206896,-0.023125996810207328,48463626240.0,,6.4406395,0.18395,0.6,0.03333333333333334,18.0
2026-03-09 11:30:00+09:00,4344,ソースネクスト,4344.T,プライム,intraday_5m,121.0,0.0,7.189349112426036,0.004771720693649282,50.0,-0.03200000000000003,16735533056.0,,2.7548835,-0.51628,,0.01,20.0
2026-03-09 11:25:00+09:00,4345,シーティーエス,4345.T,プライム,intraday_5m,894.0,0.0022421524663676085,0.31304347826086953,0.002355886464703405,55.55555555555556,-0.027203482045701888,36891021312.0,14.98994,2.48575,0.19347,3.16,0.04,20.0
2026-03-09 11:30:00+09:00,4362,日本精化,4362.T,プライム,intraday_5m,2456.0,0.0,0.8571428571428571,0.00225210197981467,42.10526315789474,-0.049535603715170295,53258928128.0,11.925803,1.0712559,0.09232,3.64,0.0,20.0
2026-03-09 11:30:00+09:00,4368,扶桑化学工業,4368.T,プライム,intraday_5m,8150.0,-0.001225490196078427,0.7272727272727273,0.003648995391125987,31.578947368421055,-0.13297872340425532,287413862400.0,22.288464,2.540275,0.12186,0.87,0.02,20.0
2026-03-09 11:30:00+09:00,4369,トリケミカル研究所,4369.T,プライム,intraday_5m,2957.0,-0.001350894967916294,0.9099526066350712,0.004610216880232366,34.574468085106375,-0.12385185185185188,96093003776.0,16.849003,2.783727,0.17899,1.04,-0.01,20.0
2026-03-09 11:30:00+09:00,4373,シンプレクス・ホールディングス,4373.T,プライム,intraday_5m,832.0,0.002409638554216942,0.0,0.0028410126397832493,56.666666666666664,0.001203369434416457,187003666432.0,19.748398,3.5861294,0.20173,2.17,0.01,20.0
2026-03-09 11:30:00+09:00,4384,ラクスル,4384.T,プライム,intraday_5m,1886.0,-0.0010593220338983578,0.0,0.0016819105982412404,47.05882352941176,-0.004749340369393118,109273604096.0,41.296257,6.631878,,0.16,0.030000000000000006,20.0
2026-03-09 11:30:00+09:00,4385,メルカリ,4385.T,プライム,intraday_5m,3377.0,-0.000296033155713471,0.01438417740485466,0.0030550068793611996,40.366972477064216,-0.03265539959896879,556829573120.0,19.424791,5.0215015,0.30584,,0.01,20.0
2026-03-09 11:30:00+09:00,4390,ＩＰＳ,4390.T,プライム,intraday_5m,3075.0,0.0,0.07272727272727272,0.004554309789428539,32.14285714285715,-0.07099697885196377,40161878016.0,12.743473,2.5021036,0.18786,1.21,0.04,20.0
2026-03-09 11:25:00+09:00,4392,ＦＩＧ,4392.T,プライム,intraday_5m,307.0,0.0,0.1671309192200557,0.004244029629929841,45.45454545454546,-0.07250755287009059,9324939264.0,,1.0530685,0.092180006,3.02,0.03157894736842106,19.0
2026-03-09 11:25:00+09:00,4396,システムサポートホールディングス,4396.T,プライム,intraday_5m,1199.0,-0.0008333333333333526,0.7951807228915663,0.0030526086432899474,40.0,-0.03071948261924007,24831703040.0,14.820766,4.1324024,0.27657,2.51,0.04,20.0
2026-03-09 11:30:00+09:00,4401,ＡＤＥＫＡ,4401.T,プライム,intraday_5m,3991.0,-0.0010012515644555187,0.056338028169014086,0.002364401902762675,36.36363636363636,-0.09026669705949397,393329082368.0,15.631364,1.276897,0.0817,2.37,0.0,20.0
2026-03-09 11:30:00+09:00,4403,日油,4403.T,プライム,intraday_5m,2821.5,0.0,0.055003819709702056,0.002414554632842637,51.707317073170735,-0.0580871306960441,643629645824.0,18.913395,2.2785122,0.12353,2.34,0.030000000000000006,20.0
2026-03-09 11:25:00+09:00,4410,ハリマ化成グループ,4410.T,プライム,intraday_5m,942.0,0.0010626992561104665,0.15584415584415584,0.0020812968624316177,45.833333333333336,-0.045592705167173286,22900230144.0,22.83083,0.59885263,0.04822,4.26,0.05,20.0
2026-03-09 11:30:00+09:00,4413,ボードルア,4413.T,プライム,intraday_5m,1944.0,0.0,0.140625,0.002803750069881083,36.36363636363636,-0.02409638554216864,60553437184.0,29.843414,8.701335,0.32797,0.38,0.02,20.0
2026-03-09 11:25:00+09:00,4432,ウイングアーク１ｓｔ,4432.T,プライム,intraday_5m,2624.0,0.0007627765064837089,0.3416370106761566,0.0036339110081594368,54.76190476190476,-0.024535315985130146,90964738048.0,17.32585,2.0164576,0.13116,5.43,0.01,20.0
2026-03-09 11:25:00+09:00,4433,ヒト・コミュニケーションズ・ホールディングス,4433.T,プライム,intraday_5m,908.0,0.0,2.1538461538461537,0.0016923533810065585,62.50000000000001,-0.02049622437971954,16200899584.0,18.9839,0.94847524,0.04519,4.05,0.02,20.0
2026-03-09 11:30:00+09:00,4443,Ｓａｎｓａｎ,4443.T,プライム,intraday_5m,1251.0,0.0,0.03083952027412907,0.003428598584445066,62.22222222222223,0.00887096774193541,158272634880.0,77.60545,9.469454,0.12727,,0.01,20.0
2026-03-09 11:25:00+09:00,4446,Ｌｉｎｋ－Ｕグループ,4446.T,プライム,intraday_5m,1002.0,0.0030030030030030463,0.08462623413258111,0.005521758950696165,41.50943396226415,-0.07308048103607767,14201178112.0,,5.5675945,,,0.0,20.0
2026-03-09 11:30:00+09:00,4449,ギフティ,4449.T,プライム,intraday_5m,1072.0,0.0009337068160597539,0.012409513960703207,0.002898758309708696,34.28571428571429,-0.0445632798573975,31822577664.0,33.999367,3.4897993,0.10974,1.43,0.01,20.0
2026-03-09 11:30:00+09:00,4452,花王,4452.T,プライム,intraday_5m,6298.0,0.00031766200762395336,0.4707501720578114,0.0012177695201696826,41.66666666666667,0.0006355258976802336,2848701546496.0,24.170088,2.6771576,0.10995,1.24,0.01,20.0
2026-03-09 11:30:00+09:00,4461,第一工業製薬,4461.T,プライム,intraday_5m,9160.0,-0.005428881650380024,0.2887700534759358,0.004865499799046141,35.48387096774192,-0.1542012927054478,96927260672.0,25.247375,2.0046163,,1.66,0.030000000000000006,20.0
2026-03-09 11:30:00+09:00,4462,石原ケミカル,4462.T,プライム,intraday_5m,2289.0,0.0004370629370629153,0.09302325581395349,0.003240956730559105,27.77777777777777,-0.09561438166732517,31280607232.0,12.77415,1.3194749,0.111949995,1.74,0.01,20.0
2026-03-09 11:30:00+09:00,4471,三洋化成工業,4471.T,プライム,intraday_5m,5110.0,0.0,0.08888888888888889,0.002370024600429083,30.769230769230774,-0.05719557195571956,113041195008.0,8.292089,0.7419592,0.09594,3.14,0.030000000000000006,20.0
2026-03-09 11:25:00+09:00,4480,メドレー,4480.T,プライム,intraday_5m,1890.0,0.0031847133757962887,1.1882845188284519,0.004154632426783368,61.11111111111111,-0.02927580893682591,58419548160.0,62.232464,3.9462311,0.055689998,,0.01,20.0
2026-03-09 11:30:00+09:00,4481,ベース,4481.T,プライム,intraday_5m,3270.0,0.0015313935681469104,0.0,0.0021707047028311248,55.55555555555556,-0.023880597014925398,59309277184.0,14.375522,4.162265,0.29981002,3.76,0.030000000000000006,20.0
2026-03-09 11:30:00+09:00,4483,ＪＭＤＣ,4483.T,プライム,intraday_5m,3805.0,-0.002621231979030192,0.0,0.0028781800420955286,51.72413793103448,-0.07757575757575763,248907415552.0,41.363194,3.0393267,0.08868,0.39,0.01,20.0
2026-03-09 11:30:00+09:00,4502,武田薬品工業,4502.T,プライム,intraday_5m,5608.0,0.00035676061362832634,0.5452091767881242,0.0017181937620390085,49.48453608247423,-0.013891331106031246,8858376339456.0,79.523544,1.1590269,0.01503,3.52,0.02,20.0
2026-03-09 11:30:00+09:00,4503,アステラス製薬,4503.T,プライム,intraday_5m,2343.0,0.000426985482493647,0.11963377416073244,0.0023238547389293467,40.94488188976378,-0.02537437603993342,4197274877952.0,33.72193,2.3804686,0.19815001,3.24,0.02,20.0
2026-03-09 11:30:00+09:00,4506,住友ファーマ,4506.T,プライム,intraday_5m,1834.0,0.0008185538881309018,0.06270195943623239,0.00390637315400664,38.8235294117647,-0.04504035407445972,728628396032.0,4.7088423,2.5217388,0.48386002,,0.02,20.0
2026-03-09 11:30:00+09:00,4507,塩野義製薬,4507.T,プライム,intraday_5m,3358.0,-0.00029770765108660946,0.10657193605683836,0.0018504536532105921,42.52873563218391,-0.02694871051869019,2857578266624.0,16.718945,1.8872336,0.13512,1.91,0.01,20.0
2026-03-09 11:30:00+09:00,4516,日本新薬,4516.T,プライム,intraday_5m,5090.0,-0.0009813542688911214,0.06172839506172839,0.004267854446377056,53.881278538812786,0.037928221859706346,343070834688.0,10.733415,1.2085152,0.11224,2.53,0.0,20.0
2026-03-09 11:30:00+09:00,4519,中外製薬,4519.T,プライム,intraday_5m,9439.0,-0.00010593220338983578,0.0,0.0023712938960508954,72.0,-0.015334863342374327,15533889028096.0,35.80533,7.668286,0.22103001,1.38,0.01,20.0
2026-03-09 11:30:00+09:00,4521,科研製薬,4521.T,プライム,intraday_5m,4225.0,-0.0011820330969266601,0.06666666666666667,0.001522644527241495,38.46153846153846,-0.014002333722287097,159993741312.0,298.79773,1.0972905,-0.02546,4.43,0.0,20.0
2026-03-09 11:30:00+09:00,4523,エーザイ,4523.T,プライム,intraday_5m,4741.0,-0.0008429926238144869,0.574468085106383,0.0019460659094095213,47.368421052631575,-0.024485596707818913,1336445894656.0,27.097622,1.5022376,0.04887,3.29,0.0,20.0
2026-03-09 11:30:00+09:00,4526,理研ビタミン,4526.T,プライム,intraday_5m,2917.0,0.0,0.0,0.0013172565066877453,34.375,-0.026368491321762333,85482430464.0,9.237444,1.0452784,0.11729,3.67,0.02,20.0
2026-03-09 11:30:00+09:00,4527,ロート製薬,4527.T,プライム,intraday_5m,2233.5,-0.00022381378692926113,0.0,0.001630206219569224,26.59574468085107,-0.02060951545713663,504691425280.0,14.381842,1.7557223,0.12199,2.02,0.030000000000000006,20.0
2026-03-09 11:30:00+09:00,4528,小野薬品工業,4528.T,プライム,intraday_5m,2458.5,0.0,0.0,0.0020036573044855737,44.800000000000004,-0.024791749305831057,1155267952640.0,21.96462,1.3758595,0.075,3.17,0.030000000000000006,20.0
2026-03-09 11:25:00+09:00,4530,久光製薬,4530.T,プライム,intraday_5m,6046.0,0.00016542597187751973,0.5538461538461539,0.0004993544997796889,51.72413793103448,0.001159132306673305,423502512128.0,22.447464,1.5755953,,1.46,0.01,20.0
2026-03-09 11:15:00+09:00,4534,持田製薬,4534.T,プライム,intraday_5m,3605.0,-0.0027662517289073207,0.4,0.0024476483893635455,42.857142857142854,-0.023035230352303482,127798935552.0,22.45826,0.9299055,0.04797,2.17,0.06,20.0
2026-03-09 11:30:00+09:00,4536,参天製薬,4536.T,プライム,intraday_5m,1618.5,0.0,0.0,0.0016358538864780486,36.73469387755102,-0.00030883261272385276,520626864128.0,17.476515,1.8371857,0.10786,2.35,-0.02,20.0
2026-03-09 11:30:00+09:00,4538,扶桑薬品工業,4538.T,プライム,intraday_5m,2439.0,0.00041017227235440323,2.7692307692307696,0.004276126582912105,26.530612244897966,-0.024399999999999977,20825810944.0,,0.6008748,,3.6,0.01,20.0
2026-03-09 11:30:00+09:00,4540,ツムラ,4540.T,プライム,intraday_5m,3893.0,0.0010285420416560331,0.0,0.0022382765689797166,38.66666666666667,-0.009414758269720047,289391312896.0,10.720678,0.95044875,0.09264,3.66,0.01,20.0
2026-03-09 11:30:00+09:00,4543,テルモ,4543.T,プライム,intraday_5m,2035.0,0.0007376444553726103,0.06828302820385947,0.002371929200477671,47.008547008547005,-0.012615235322658958,3001772146688.0,22.963213,1.9718304,0.08743,1.46,0.0,20.0
2026-03-09 11:30:00+09:00,4544,Ｈ．Ｕ．グループホールディングス,4544.T,プライム,intraday_5m,3157.0,-0.0015812776723592714,0.0,0.001800529786838087,17.910447761194035,-0.04622356495468283,179375341568.0,64.87875,1.2973585,0.0398,3.78,-0.01,20.0
2026-03-09 11:30:00+09:00,4547,キッセイ薬品工業,4547.T,プライム,intraday_5m,4560.0,-0.0010952902519167917,0.14457831325301207,0.0015996087157012005,33.33333333333333,-0.010845986984815648,189023813632.0,13.330995,0.8735185,0.06656,2.6,0.030000000000000006,20.0
2026-03-09 11:20:00+09:00,4548,生化学工業,4548.T,プライム,intraday_5m,726.0,0.0027624309392264568,0.9771986970684039,0.0017076546608601917,42.857142857142854,-0.02288021534320328,39641772032.0,,0.5429458,-0.0102699995,4.04,0.0,20.0
2026-03-09 11:30:00+09:00,4549,栄研化学,4549.T,プライム,intraday_5m,3000.0,0.0023387905111926788,0.06629834254143646,0.002337961129195825,46.47887323943662,-0.04153354632587858,98904596480.0,25.627884,2.260984,0.08604,1.85,0.01,20.0
2026-03-09 11:30:00+09:00,4552,ＪＣＲファーマ,4552.T,プライム,intraday_5m,602.0,0.0033333333333334103,0.017069701280227598,0.0025201615737132006,39.99999999999999,-0.0337078651685393,73434251264.0,,1.5853329,-0.04856,3.21,0.030000000000000006,20.0
2026-03-09 11:30:00+09:00,4553,東和薬品,4553.T,プライム,intraday_5m,4040.0,0.0,0.0,0.0025253271817433187,40.0,-0.03809523809523807,198880706560.0,9.628676,1.0484616,0.11956,1.9,0.030000000000000006,20.0
2026-03-09 11:30:00+09:00,4554,富士製薬工業,4554.T,プライム,intraday_5m,2217.0,0.0,0.0,0.003534375437522004,58.49056603773585,-0.054987212276214836,54217256960.0,18.034655,1.1314936,0.04875,2.22,0.01,20.0
2026-03-09 11:30:00+09:00,4559,ゼリア新薬工業,4559.T,プライム,intraday_5m,2180.0,0.0,0.20338983050847456,0.0013688972576848754,48.38709677419355,-0.013574660633484115,96093274112.0,17.1249,1.0008227,0.07992,2.17,-0.01,20.0
2026-03-09 11:30:00+09:00,4565,ネクセラファーマ,4565.T,プライム,intraday_5m,872.0,0.0,0.2350061199510404,0.003335571903032656,43.33333333333333,-0.03646408839779003,78911447040.0,,1.2936937,-0.19349001,,0.01,20.0
2026-03-09 11:30:00+09:00,4568,第一三共,4568.T,プライム,intraday_5m,2864.5,0.0006986899563319326,0.09013833110218653,0.0024614758485218794,35.39823008849558,-0.0008719916288804086,5297595219968.0,19.14005,3.099796,0.18267,2.72,0.01,20.0
2026-03-09 11:30:00+09:00,4569,杏林製薬,4569.T,プライム,intraday_5m,1633.0,-0.0012232415902140303,0.20571428571428574,0.0019396171691411432,46.875,-0.016265060240963858,93818576896.0,10.058516,0.6755303,0.08006,3.43,0.04,20.0
2026-03-09 11:30:00+09:00,4574,大幸薬品,4574.T,プライム,intraday_5m,290.0,0.0,0.042704626334519574,0.0065176142964853585,37.5,-0.030100334448160515,14556176384.0,,1.7108338,0.11201,1.17,0.05,20.0
2026-03-09 11:25:00+09:00,4577,ダイト,4577.T,プライム,intraday_5m,1474.0,0.0013586956521738358,0.4827586206896552,0.0021950483289406328,40.625,-0.01338688085676043,42962243584.0,19.811827,0.8357989,0.043520004,2.68,0.02,20.0
2026-03-09 11:30:00+09:00,4578,大塚ホールディングス,4578.T,プライム,intraday_5m,9775.0,0.0,0.026200873362445417,0.00237277596300441,33.89121338912135,-0.028330019880715707,5162564321280.0,14.268198,1.7018558,0.12461001,1.39,0.01,20.0
2026-03-09 11:30:00+09:00,4587,ペプチドリーム,4587.T,プライム,intraday_5m,1436.5,0.0003481894150418885,0.06990291262135921,0.0029653664635054307,37.99999999999999,-0.03004726536124236,185615859712.0,,3.6022186,-0.06924,,0.01,20.0
2026-03-09 11:30:00+09:00,4611,大日本塗料,4611.T,プライム,intraday_5m,1326.0,-0.001506024096385561,0.3801295896328294,0.0023006535424390873,38.095238095238095,-0.0425992779783394,37864398848.0,4.672469,0.58241916,0.11494,4.19,0.01,20.0
2026-03-09 11:30:00+09:00,4612,日本ペイントホールディングス,4612.T,プライム,intraday_5m,1010.0,0.0004952947003467045,0.0,0.002620973692185813,29.411764705882348,-0.054307116104868935,2346539548672.0,13.171622,1.3034394,0.10554,1.69,0.01,20.0
2026-03-09 11:30:00+09:00,4613,関西ペイント,4613.T,プライム,intraday_5m,2514.0,0.0,0.022367194780987885,0.001663783376522277,35.294117647058826,-0.03641241855116906,442634928128.0,14.066696,1.5470665,0.10882,4.22,0.02,20.0
2026-03-09 11:30:00+09:00,4617,中国塗料,4617.T,プライム,intraday_5m,3590.0,0.0027932960893854997,0.0,0.0034447823723696654,50.0,-0.08883248730964466,178114396160.0,15.736641,2.0149827,0.15194,2.46,0.0,20.0
2026-03-09 11:30:00+09:00,4626,太陽ホールディングス,4626.T,プライム,intraday_5m,5019.0,0.0003986446083317219,0.0,0.0030995236919175843,58.2089552238806,-0.041443850267379734,558518763520.0,44.17356,5.227036,0.1421,2.77,0.05,20.0
2026-03-09 11:30:00+09:00,4631,ＤＩＣ,4631.T,プライム,intraday_5m,3862.0,-0.0012929919834496761,0.028368794326241134,0.0023729296286929182,38.970588235294116,-0.08047619047619048,365657849856.0,11.296361,0.77653396,0.07288,3.33,0.04,20.0
2026-03-09 11:30:00+09:00,4633,サカタインクス,4633.T,プライム,intraday_5m,2356.0,0.0,0.8687782805429863,0.002358354668050051,36.36363636363636,-0.07426326129666017,115866836992.0,10.01871,0.971403,0.10709,3.93,0.030000000000000006,20.0
2026-03-09 11:30:00+09:00,4634,ａｒｔｉｅｎｃｅ,4634.T,プライム,intraday_5m,3820.0,0.001310615989515096,0.0,0.0032251694125180414,46.15384615384615,-0.07840772014475272,180038991872.0,18.141235,0.6809822,0.03549,2.9,0.03333333333333334,18.0
2026-03-09 11:25:00+09:00,4641,アルプス技研,4641.T,プライム,intraday_5m,2549.0,0.001571709233791685,1.2244897959183674,0.0015230564057631827,46.34146341463415,-0.016968762051677633,50007904256.0,12.570893,2.454211,0.20406,4.17,0.05,20.0
2026-03-09 11:30:00+09:00,4658,日本空調サービス,4658.T,プライム,intraday_5m,1527.0,-0.001308044473512071,0.627906976744186,0.0018067512312077314,50.0,-0.05214152700186214,52887113728.0,15.189496,1.8368025,0.12528,3.6,0.04,20.0
2026-03-09 11:30:00+09:00,4661,オリエンタルランド,4661.T,プライム,intraday_5m,2822.5,0.0010640184429864252,0.0,0.0015559534765731827,40.86021505376344,0.00695683196575092,4627532611584.0,36.485264,4.302585,,0.5,0.01,20.0
2026-03-09 11:30:00+09:00,4662,フォーカスシステムズ,4662.T,プライム,intraday_5m,1597.0,0.0,0.0,0.0021844427481129158,48.38709677419355,-0.033877797943133725,23464529920.0,15.409108,1.5513108,,3.75,0.020000000000000004,20.0
2026-03-09 11:30:00+09:00,4665,ダスキン,4665.T,プライム,intraday_5m,4237.0,-0.00047180938900681646,0.17777777777777778,0.0015776961096646317,39.0625,-0.005632480638347759,199234502656.0,20.846249,1.2912554,0.05899,3.05,0.01,20.0
2026-03-09 11:30:00+09:00,4666,パーク２４,4666.T,プライム,intraday_5m,1881.5,0.0007978723404256094,0.08813559322033898,0.002192261561318481,33.33333333333333,-0.0674101610904585,321107853312.0,22.047106,4.5204782,0.21389,3.22,-0.01,20.0
2026-03-09 11:25:00+09:00,4668,明光ネットワークジャパン,4668.T,プライム,intraday_5m,701.0,0.0,0.6075949367088608,0.0030270312917869326,37.5,-0.01128349788434413,17710227456.0,10.245543,1.4347231,0.14858,3.95,0.06,20.0
2026-03-09 11:30:00+09:00,4674,クレスコ,4674.T,プライム,intraday_5m,1501.0,0.0006666666666665932,0.2,0.002389278580251926,55.26315789473684,0.010094212651413192,60585492480.0,13.467923,1.8794262,0.16218,3.9,0.04,20.0
2026-03-09 11:30:00+09:00,4676,フジ・メディア・ホールディングス,4676.T,プライム,intraday_5m,3736.0,-0.0005350454788657366,0.011741682974559688,0.0021448642144932125,42.30769230769231,-0.01006889242183362,772308402176.0,,0.9594551,-0.02257,3.31,0.01,20.0
2026-03-09 11:30:00+09:00,4680,ラウンドワン,4680.T,プライム,intraday_5m,951.7000122070312,0.0005256518014964406,0.0,0.0022264429770996064,50.359732763674124,-0.04476560888526815,250176094208.0,16.218473,3.2306573,0.19933,1.81,0.02,20.0
2026-03-09 11:30:00+09:00,4681,リゾートトラスト,4681.T,プライム,intraday_5m,1889.0,0.0005296610169491789,0.0,0.001300927810016171,43.75,-0.01665799062988027,400672980992.0,18.837255,2.6643872,0.10504,1.77,0.0,20.0
2026-03-09 11:30:00+09:00,4684,オービック,4684.T,プライム,intraday_5m,4099.0,0.0009768009768009733,0.05223068552774755,0.0018245304811923243,43.373493975903614,-0.008945841392649867,1779499139072.0,25.809092,3.7016566,0.15997,2.03,0.01,20.0
2026-03-09 11:30:00+09:00,4686,ジャストシステム,4686.T,プライム,intraday_5m,3605.0,0.0,0.1751824817518248,0.0032750640300490803,48.275862068965516,-0.016371077762619368,231526842368.0,16.53139,2.000957,0.13468,0.65,0.030000000000000006,20.0
2026-03-09 11:30:00+09:00,4687,ＴＤＣソフト,4687.T,プライム,intraday_5m,999.0,0.0,0.10434782608695652,0.00270606326604355,47.05882352941176,-0.0485714285714286,47091458048.0,13.709345,2.058406,0.17587,3.14,0.05,20.0
2026-03-09 11:30:00+09:00,4689,ＬＩＮＥヤフー,4689.T,プライム,intraday_5m,395.29998779296875,0.0002529746529591481,0.22317321921369435,0.0019274268423744873,50.746085102894156,0.00431905910338326,2708343357440.0,13.64515,0.9129604,0.08517,1.85,0.01,20.0
2026-03-09 11:30:00+09:00,4694,ビー・エム・エル,4694.T,プライム,intraday_5m,4020.0,-0.001242236024844745,3.4736842105263155,0.002030108632794535,22.222222222222214,-0.02898550724637683,150684073984.0,22.06851,1.198426,0.0596,2.9,0.05,20.0
2026-03-09 11:30:00+09:00,4704,トレンドマイクロ,4704.T,プライム,intraday_5m,5492.0,0.0012762078395625043,0.04085106382978724,0.002123861351587738,58.49056603773585,-0.002904865649963728,717695877120.0,21.0357,5.4943237,0.27218,3.36,0.01,20.0
2026-03-09 11:25:00+09:00,4709,ＩＤホールディングス,4709.T,プライム,intraday_5m,1932.0,0.0010362694300518616,0.2608695652173913,0.0026621552812743704,59.375,-0.0359281437125748,32819107840.0,12.455677,2.2517562,0.18709,4.49,0.030000000000000006,20.0
2026-03-09 11:30:00+09:00,4714,リソー教育グループ,4714.T,プライム,intraday_5m,193.0,0.0,0.6965174129353234,0.002592959866817711,50.0,-0.015306122448979553,32826091520.0,18.433619,2.8528352,0.13121,5.1,-0.030000000000000006,20.0
2026-03-09 11:30:00+09:00,4718,早稲田アカデミー,4718.T,プライム,intraday_5m,2025.0,0.0,5.538461538461538,0.0018585792157692245,48.38709677419355,-0.014118792599805308,37415211008.0,14.983353,2.3778045,0.16572,2.68,0.05,20.0
2026-03-09 11:25:00+09:00,4719,アルファシステムズ,4719.T,プライム,intraday_5m,3565.0,0.004225352112676051,0.5853658536585366,0.0063813908329900925,85.0,-0.016551724137931045,50047864832.0,14.634646,1.1268256,0.08067001,3.59,0.05,20.0
2026-03-09 11:30:00+09:00,4722,フューチャー,4722.T,プライム,intraday_5m,1640.0,0.0006101281269066394,0.04067796610169491,0.002379078367186383,41.66666666666667,-0.0386869871043376,145428578304.0,12.420479,2.3174775,0.1981,2.81,0.042105263157894736,19.0
2026-03-09 11:30:00+09:00,4725,ＣＡＣ　Ｈｏｌｄｉｎｇｓ,4725.T,プライム,intraday_5m,1860.0,0.0,0.0,0.0017723501873759305,58.064516129032256,-0.011689691817215686,31821430784.0,9.717869,0.9032524,0.09624,5.31,0.021052631578947368,19.0
2026-03-09 11:30:00+09:00,4732,ユー・エス・エス,4732.T,プライム,intraday_5m,1815.0,0.0,0.10225820195994888,0.0016359085495320862,43.33333333333333,-0.020771513353115778,840668479488.0,21.75998,4.2881036,0.20363002,2.79,0.030000000000000006,20.0
2026-03-09 11:30:00+09:00,4733,オービックビジネスコンサルタント,4733.T,プライム,intraday_5m,6468.0,0.0003093102381688251,0.0,0.00205458910423205,45.45454545454546,-0.00030911901081920323,486242910208.0,28.893059,2.9206598,0.10596,1.79,0.030000000000000006,20.0
2026-03-09 11:30:00+09:00,4743,アイティフォー,4743.T,プライム,intraday_5m,1654.0,0.0,0.0,0.0015068753482396708,60.0,-0.01664684898929847,43788754944.0,15.559736,2.2265298,0.15331,4.76,0.01,20.0
2026-03-09 11:30:00+09:00,4751,サイバーエージェント,4751.T,プライム,intraday_5m,1299.5,0.0,0.0,0.003041560638241121,58.69565217391305,0.016823161189358338,658611109888.0,22.05533,3.5337083,0.20145,1.49,0.02,20.0
2026-03-09 11:30:00+09:00,4755,楽天グループ,4755.T,プライム,intraday_5m,766.7999877929688,0.00013039726665686757,0.14096660744715567,0.0024234735170541467,50.731679722274315,-0.047808270934554864,1660148383744.0,,1.6766703,-0.09503999,,0.030000000000000006,20.0
2026-03-09 11:20:00+09:00,4763,クリーク・アンド・リバー社,4763.T,プライム,intraday_5m,1409.0,0.0007102272727272929,1.411764705882353,0.002312617582714101,40.0,-0.03691045796308956,29801324544.0,9.94916,1.6465532,0.19716999,3.08,0.030000000000000006,20.0
2026-03-09 11:30:00+09:00,4765,ＳＢＩグローバルアセットマネジメント,4765.T,プライム,intraday_5m,591.0,0.0016949152542373724,0.18848167539267016,0.0014241214062542798,50.0,-0.016638935108153063,81540849664.0,29.713425,2.6646948,0.08831,4.58,0.030000000000000006,20.0
2026-03-09 11:30:00+09:00,4768,大塚商会,4768.T,プライム,intraday_5m,3033.0,0.00032981530343012544,0.1722488038277512,0.002005200680337349,31.746031746031747,-0.011085751548744693,1150117216256.0,17.8822,2.9167023,0.16829,3.1,0.02,20.0
2026-03-09 11:30:00+09:00,4776,サイボウズ,4776.T,プライム,intraday_5m,2332.0,0.002579535683576939,0.14985590778097982,0.0033285624646871926,53.01204819277108,-0.005119453924914641,107843641344.0,15.235855,6.0554442,0.47748002,3.84,0.05,20.0
2026-03-09 11:25:00+09:00,4784,ＧＭＯインターネット,4784.T,プライム,intraday_5m,738.0,0.004081632653061273,1.093093093093093,0.004345242456714488,62.5,-0.03780964797913955,202394337280.0,53.439533,14.570294,0.57405,1.93,0.030000000000000006,20.0
2026-03-09 11:25:00+09:00,4792,山田コンサルティンググループ,4792.T,プライム,intraday_5m,1653.0,0.0012113870381587066,0.5,0.00154521367387834,41.66666666666667,-0.024778761061946875,31610863616.0,13.214486,1.7118713,0.11981,4.54,-0.01,20.0
2026-03-09 11:30:00+09:00,4801,セントラルスポーツ,4801.T,プライム,intraday_5m,2421.0,-0.0012376237623762387,0.0,0.004188331526757568,61.36363636363637,-0.004932182490752113,27116683264.0,26.18713,1.0301518,0.04377,1.64,0.07,20.0
2026-03-09 11:30:00+09:00,4809,パラカ,4809.T,プライム,intraday_5m,2001.0,0.0020030045067600533,0.30000000000000004,0.0018967529045255632,56.41025641025641,-0.010874938210578389,20297039872.0,9.921166,0.9778214,0.1021,3.46,0.02,20.0
2026-03-09 11:30:00+09:00,4812,電通総研,4812.T,プライム,intraday_5m,1934.0,0.0005173305742369738,0.031047865459249674,0.0020717940865994764,63.41463414634146,0.0,377473073152.0,23.095295,3.7688124,0.17105,2.33,0.030000000000000006,20.0
2026-03-09 11:25:00+09:00,4813,ＡＣＣＥＳＳ,4813.T,プライム,intraday_5m,584.0,0.0034364261168384758,0.37431192660550455,0.003509802246216819,27.272727272727266,-0.04575163398692805,21881387008.0,,2.9906542,-0.62838,,0.01,20.0
2026-03-09 11:30:00+09:00,4819,デジタルガレージ,4819.T,プライム,intraday_5m,2056.0,0.0024378352023404215,0.027649769585253458,0.0033299156428353727,60.869565217391305,-0.010587102983638075,94361141248.0,30.351345,1.2114655,0.01901,2.26,0.02,20.0
2026-03-09 11:30:00+09:00,4820,イーエムシステムズ,4820.T,プライム,intraday_5m,677.0,0.0014792899408284654,0.8571428571428571,0.0019271080265708005,53.846153846153854,-0.01455604075691408,46864789504.0,19.173038,2.298429,0.12006,4.66,0.02,20.0
2026-03-09 11:25:00+09:00,4825,ウェザーニューズ,4825.T,プライム,intraday_5m,2062.0,0.000970873786407811,1.0,0.0022689288716462395,30.95238095238095,-0.022285443338074917,91581440000.0,25.263414,4.044041,0.16869,2.13,0.02,20.0
2026-03-09 11:30:00+09:00,4826,ＣＩＪ,4826.T,プライム,intraday_5m,498.0,0.0,0.02118270079435128,0.003325757915066219,44.444444444444436,-0.025440313111546042,28321482752.0,15.769474,1.8611743,0.12077,3.13,0.02,20.0
2026-03-09 11:25:00+09:00,4828,ビジネスエンジニアリング,4828.T,プライム,intraday_5m,1329.0,0.002262443438914019,0.43137254901960786,0.0037437050612988024,64.0625,-0.0256598240469208,79569436672.0,23.881401,5.310732,0.33067,3.05,0.04,20.0
2026-03-09 11:25:00+09:00,4839,ＷＯＷＯＷ,4839.T,プライム,intraday_5m,1241.0,0.0016142050040355294,1.0909090909090908,0.0024779485217539345,50.0,-0.03499222395023327,35166912512.0,15.489265,0.49298263,0.04532,2.33,0.05,20.0
2026-03-09 11:25:00+09:00,4845,スカラ,4845.T,プライム,intraday_5m,355.0,0.008522727272727293,3.6666666666666665,0.005422883985668115,41.66666666666667,-0.0166204986149584,6165726720.0,9.464144,1.3151021,0.16586,4.71,-0.01,20.0
2026-03-09 11:30:00+09:00,4847,インテリジェント　ウェイブ,4847.T,プライム,intraday_5m,1005.0,0.0009960159362549792,0.3673469387755102,0.0022116291873682734,46.15384615384615,-0.017595307917888547,26314977280.0,19.571568,2.71258,0.14299,3.91,0.030000000000000006,20.0
2026-03-09 11:25:00+09:00,4848,フルキャストホールディングス,4848.T,プライム,intraday_5m,1633.0,0.0006127450980393245,0.45454545454545453,0.0014241635325053243,46.42857142857143,-0.022740873728306354,57001738240.0,11.990602,1.8480334,0.15867,3.83,0.030000000000000006,20.0
2026-03-09 11:30:00+09:00,4849,エン,4849.T,プライム,intraday_5m,1168.0,0.0008568980291345785,0.07407407407407407,0.002334475892946409,45.714285714285715,-0.020134228187919434,44311576576.0,11.541502,1.4065613,0.108380005,4.03,0.0,20.0
2026-03-09 11:30:00+09:00,4880,セルソース,4880.T,プライム,intraday_5m,365.0,0.0,0.17721518987341772,0.0036314483502691273,43.75,-0.05440414507772018,7236702208.0,675.9259,1.2026716,,1.3,0.03333333333333334,18.0
2026-03-09 11:25:00+09:00,4886,あすか製薬ホールディングス,4886.T,プライム,intraday_5m,2236.0,0.0022411474675032572,0.23076923076923078,0.0025517269882867214,41.07142857142856,-0.03910614525139666,63493734400.0,13.308732,0.9237333,0.07191,2.41,0.030000000000000006,20.0
2026-03-09 11:30:00+09:00,4887,サワイグループホールディングス,4887.T,プライム,intraday_5m,2140.0,0.001872659176029856,0.13753581661891118,0.0018730649656722056,37.06896551724139,-0.035818878125703946,247139254272.0,22.114292,1.3822101,-0.00671,2.48,0.0,20.0
2026-03-09 11:30:00+09:00,4901,富士フイルムホールディングス,4901.T,プライム,intraday_5m,2914.5,-0.00017152658662089593,0.049323017408123795,0.002028514101749989,37.037037037037045,-0.028823725424858337,3512836554752.0,12.966588,0.9442358,0.07675,2.33,0.02,20.0
2026-03-09 11:30:00+09:00,4902,コニカミノルタ,4902.T,プライム,intraday_5m,492.29998779296875,0.0,0.013001083423618635,0.0030700240326553543,35.99993024553571,-0.09536939222691165,243270860800.0,,0.46815622,-0.07164,1.84,-0.01,20.0
2026-03-09 11:30:00+09:00,4911,資生堂,4911.T,プライム,intraday_5m,2974.5,-0.0005040322580645018,0.022909507445589918,0.0024891904057016364,49.664429530201346,-0.033311667208319795,1188395876352.0,,1.9782087,-0.062329996,1.95,0.01,20.0
2026-03-09 11:30:00+09:00,4912,ライオン,4912.T,プライム,intraday_5m,1750.0,0.0,0.19499999999999998,0.0016227933630527267,34.883720930232556,0.0,484142678016.0,17.57381,1.5001603,0.0935,1.94,0.01,20.0
2026-03-09 11:30:00+09:00,4914,高砂香料工業,4914.T,プライム,intraday_5m,1206.0,0.0,0.0,0.002675254115715437,43.90243902439024,-0.04513064133016631,117580349440.0,8.503138,0.8063988,0.06982,4.12,0.0,20.0
2026-03-09 11:20:00+09:00,4917,マンダム,4917.T,プライム,intraday_5m,3080.0,-0.0016207455429497752,0.029850746268656716,0.0009361186891933121,50.0,0.0,139019993088.0,71.94581,1.9639751,0.02977,1.3,0.030000000000000006,20.0
2026-03-09 11:30:00+09:00,4919,ミルボン,4919.T,プライム,intraday_5m,2655.0,0.00037678975131871795,0.22429906542056074,0.0015874303950524206,48.78048780487806,-0.028540065861690445,84377575424.0,24.974133,1.7199284,0.070250005,3.22,0.04,20.0
2026-03-09 11:30:00+09:00,4922,コーセーホールディングス,4922.T,プライム,intraday_5m,5638.0,0.0010653409090908283,0.0,0.0018064599614874138,42.72727272727273,-0.02152030544949668,321785233408.0,21.27146,1.1322845,0.054050002,2.43,0.05,20.0
2026-03-09 11:25:00+09:00,4923,コタ,4923.T,プライム,intraday_5m,1313.0,-0.0022796352583586144,0.0,0.002208164524004884,44.827586206896555,0.0,36435042304.0,27.776602,3.0558834,0.122379996,1.52,0.02,20.0
2026-03-09 11:30:00+09:00,4927,ポーラ・オルビスホールディングス,4927.T,プライム,intraday_5m,1315.0,0.00038037276530999975,0.08200455580865604,0.0009810847154175567,48.275862068965516,-0.00941619585687381,290966241280.0,30.760235,1.7843477,0.05776,3.92,0.030000000000000006,20.0
2026-03-09 11:20:00+09:00,4928,ノエビアホールディングス,4928.T,プライム,intraday_5m,4590.0,0.0010905125408942062,1.3333333333333333,0.0017824550656257313,61.53846153846153,-0.0021739130434782483,156776988672.0,19.52693,3.3027925,0.17894,5.0,0.03157894736842106,19.0
2026-03-09 11:25:00+09:00,4931,新日本製薬,4931.T,プライム,intraday_5m,2038.0,0.0014742014742015197,0.30000000000000004,0.005111006042209899,45.45454545454545,-0.014506769825918808,43094953984.0,16.932535,1.9082916,0.11866,2.76,0.03157894736842106,19.0
2026-03-09 11:30:00+09:00,4933,Ｉ－ｎｅ,4933.T,プライム,intraday_5m,1031.0,0.000970873786407811,0.0,0.0022268847687039006,41.66666666666667,-0.04271123491179196,18029228032.0,7.0337014,1.0248927,0.15461999,1.39,0.02,20.0
2026-03-09 11:30:00+09:00,4951,エステー,4951.T,プライム,intraday_5m,1517.0,0.0006596306068602509,0.0,0.001279907830364392,41.66666666666667,-0.0019736842105263497,31660085248.0,14.719582,0.94113594,0.06059,2.89,0.022222222222222223,18.0
2026-03-09 11:25:00+09:00,4956,コニシ,4956.T,プライム,intraday_5m,1355.0,0.004447739065974732,1.4229249011857708,0.0019076702321528976,51.61290322580645,-0.022366522366522368,89915695104.0,11.198347,0.99446476,0.09491,2.74,0.04,20.0
2026-03-09 11:30:00+09:00,4958,長谷川香料,4958.T,プライム,intraday_5m,2806.0,0.0,0.05405405405405406,0.0012950365570241278,35.135135135135144,-0.016473887136347676,113500815360.0,16.641954,0.89325106,0.052589998,3.51,0.0,20.0
2026-03-09 11:30:00+09:00,4967,小林製薬,4967.T,プライム,intraday_5m,5561.0,-0.0007187780772686114,0.23437499999999997,0.0014889546787010233,34.8314606741573,-0.009440684004275002,413398171648.0,112.57085,1.9592507,0.017239999,1.89,0.02,20.0
2026-03-09 11:30:00+09:00,4968,荒川化学工業,4968.T,プライム,intraday_5m,1288.0,-0.0015503875968991832,54.29370629370629,0.0036186506062588202,50.909090909090914,-0.08392603129445231,25552281600.0,14.728416,0.43126944,0.0044,3.56,0.04,20.0
2026-03-09 11:30:00+09:00,4971,メック,4971.T,プライム,intraday_5m,6430.0,0.0,0.09630818619582664,0.006387575382849915,37.5,-0.1415220293724967,117416665088.0,23.64927,3.85796,0.17528999,1.28,0.01,20.0
2026-03-09 11:30:00+09:00,4973,日本高純度化学,4973.T,プライム,intraday_5m,4820.0,-0.0020703933747412417,0.11881188118811882,0.003950146705909478,46.34146341463415,-0.06949806949806947,27883665408.0,20.316978,1.6742104,0.10918,3.86,0.01,20.0
2026-03-09 11:25:00+09:00,4974,タカラバイオ,4974.T,プライム,intraday_5m,1146.0,-0.0008718395815170421,0.18543046357615894,0.0006167526814601533,50.0,0.0,137996156928.0,,1.3656757,-0.06803,1.48,0.0,20.0
2026-03-09 11:30:00+09:00,4975,ＪＣＵ,4975.T,プライム,intraday_5m,5630.0,-0.0017730496453900457,0.09056603773584905,0.004198877154628689,46.42857142857143,-0.07401315789473684,138895605760.0,16.594942,2.7307653,0.17875999,1.78,0.04,20.0
2026-03-09 11:30:00+09:00,4980,デクセリアルズ,4980.T,プライム,intraday_5m,2187.5,0.001373311970702673,0.18913406267383648,0.0036430910543020353,55.61497326203209,-0.08873151426786086,366423179264.0,15.264113,3.5940433,0.2581,2.42,-0.01,20.0
2026-03-09 11:30:00+09:00,4985,アース製薬,4985.T,プライム,intraday_5m,4835.0,0.0,0.13953488372093023,0.0014399110448155403,64.28571428571428,-0.009221311475409832,105632677888.0,20.137442,1.4099964,0.07171,2.66,0.04,20.0
2026-03-09 11:25:00+09:00,4996,クミアイ化学工業,4996.T,プライム,intraday_5m,703.0,0.0014245014245013454,0.4161849710982659,0.0025745168376047106,52.94117647058823,-0.019525801952580246,84657422336.0,19.339754,0.5859251,0.02773,3.35,0.01,20.0
2026-03-09 11:25:00+09:00,4997,日本農薬,4997.T,プライム,intraday_5m,976.0,0.0,0.37721021611001965,0.0026356727986613132,42.30769230769231,-0.03652517275419542,76446023680.0,14.960148,0.9393232,0.04636,2.96,0.02,20.0
2026-03-09 11:30:00+09:00,5011,ニチレキグループ,5011.T,プライム,intraday_5m,2158.0,0.0013921113689094877,0.3956043956043956,0.0027672607216976852,47.16981132075472,-0.040888888888888864,61406814208.0,12.669524,0.7926733,0.059699997,3.56,0.0,20.0
2026-03-09 11:30:00+09:00,5016,ＪＸ金属,5016.T,プライム,intraday_5m,3517.0,-0.0005683432793407439,0.06119997911263512,0.007550806957484925,43.80530973451327,-0.1316049382716049,3257078906880.0,32.042637,4.907145,,0.67,0.04,20.0
2026-03-09 11:30:00+09:00,5019,出光興産,5019.T,プライム,intraday_5m,1395.5,0.0007171029042667421,0.06700167504187604,0.0028015039847998496,56.52173913043478,-0.022074281709880905,1708979912704.0,40.744526,0.9712231,,2.52,0.0,20.0
2026-03-09 11:30:00+09:00,5020,ＥＮＥＯＳホールディングス,5020.T,プライム,intraday_5m,1328.0,0.00037664783427504567,0.041003416951412616,0.0035321224393691903,62.50000000000001,-0.049391553328561155,3572212432896.0,76.05957,1.1207101,0.020539999,2.43,0.0,20.0
2026-03-09 11:30:00+09:00,5021,コスモエネルギーホールディングス,5021.T,プライム,intraday_5m,4322.0,0.0,0.007224563515954244,0.0035874786008041402,60.33519553072626,-0.04083444296493566,709320769536.0,11.944837,1.2015842,0.06826,3.66,0.030000000000000006,20.0
2026-03-09 11:30:00+09:00,5032,ＡＮＹＣＯＬＯＲ,5032.T,プライム,intraday_5m,4015.0,0.0,0.05106382978723405,0.004602517295089883,59.61538461538462,0.01133501259445846,244665876480.0,16.883936,8.8486805,0.64987,2.02,0.0,20.0
2026-03-09 11:30:00+09:00,5036,日本ビジネスシステムズ,5036.T,プライム,intraday_5m,1532.0,0.0019620667102682177,0.37209302325581395,0.002304301524565458,60.0,-0.03587161736941469,69670051840.0,12.976453,2.5504682,0.24629,2.89,0.04,20.0
2026-03-09 11:30:00+09:00,5074,テスホールディングス,5074.T,プライム,intraday_5m,560.0,0.0,0.3081610446137106,0.006759513426946221,55.26315789473684,-0.12908242612752718,39490625536.0,42.682926,0.83547926,0.02301,0.9,0.01,20.0
2026-03-09 11:30:00+09:00,5076,インフロニア・ホールディングス,5076.T,プライム,intraday_5m,2281.5,0.00021920210434012155,0.0,0.0022912495593031637,45.774647887323944,-0.061111111111111116,576288849920.0,13.868459,1.0010597,0.113809995,5.1,0.030000000000000006,20.0
2026-03-09 11:30:00+09:00,5101,横浜ゴム,5101.T,プライム,intraday_5m,5865.0,-0.0006815471119441252,0.12754650132860937,0.004009489356290846,45.29616724738677,-0.10499008087898676,924933292032.0,8.800492,0.89724696,0.10985,3.36,-0.01,20.0
2026-03-09 11:30:00+09:00,5105,ＴＯＹＯ　ＴＩＲＥ,5105.T,プライム,intraday_5m,3691.0,-0.0008121277747699107,0.08067226890756303,0.0028848388539672513,47.51773049645389,-0.07144654088050317,568403623936.0,8.937046,1.087515,0.12784,3.4,0.01,20.0
2026-03-09 11:30:00+09:00,5108,ブリヂストン,5108.T,プライム,intraday_5m,3306.0,-0.000302388872089554,0.07852706299911269,0.0021401911945546294,31.521739130434796,-0.04863309352517986,4220299771904.0,13.305964,1.1525228,0.08636,3.74,0.01,20.0
2026-03-09 11:30:00+09:00,5110,住友ゴム工業,5110.T,プライム,intraday_5m,2070.5,-0.0007239382239382364,0.18625277161862527,0.0025463430715513885,33.7748344370861,-0.08486187845303872,544204161024.0,10.804675,0.75997406,0.074650005,3.71,0.01,20.0
2026-03-09 11:30:00+09:00,5121,藤倉コンポジット,5121.T,プライム,intraday_5m,2631.0,-0.001138952164009166,0.03481624758220503,0.004357716487499144,49.03846153846154,-0.04327272727272724,51677671424.0,12.756364,1.3985323,0.10475001,3.13,0.0,20.0
2026-03-09 11:25:00+09:00,5122,オカモト,5122.T,プライム,intraday_5m,5630.0,0.0,0.1643835616438356,0.008189605571180043,52.0,-0.048986486486486513,96229179392.0,17.291155,0.93084997,0.05352,2.03,0.02,20.0
2026-03-09 11:30:00+09:00,5142,アキレス,5142.T,プライム,intraday_5m,1531.0,0.005252790544977071,0.907563025210084,0.0035419414876255093,54.83870967741936,-0.09085510688836107,20923582464.0,90.005875,0.5223689,-0.01338,1.78,0.05,20.0
2026-03-09 11:30:00+09:00,5185,フコク,5185.T,プライム,intraday_5m,1832.0,0.0,0.0,0.0018270050294454231,41.02564102564102,-0.0423418714061683,26055378944.0,12.633612,0.6606835,0.06606,4.44,0.010526315789473684,19.0
2026-03-09 11:30:00+09:00,5186,ニッタ,5186.T,プライム,intraday_5m,4255.0,0.0,0.20689655172413793,0.002256377912289931,47.99999999999999,-0.042744656917885315,115181928448.0,10.002585,0.73451096,0.07778,3.26,0.030000000000000006,20.0
2026-03-09 11:30:00+09:00,5192,三ツ星ベルト,5192.T,プライム,intraday_5m,3975.0,0.0,0.0,0.002335361046003748,45.45454545454546,-0.03519417475728159,110948335616.0,16.35264,1.1059002,0.064380005,4.66,0.06,20.0
2026-03-09 11:30:00+09:00,5195,バンドー化学,5195.T,プライム,intraday_5m,2072.0,0.003875968992248069,5.872340425531915,0.0026795762879969986,56.944444444444436,-0.0564663023679417,84439154688.0,27.996216,0.9525753,0.05009,3.64,0.04,20.0
2026-03-09 11:30:00+09:00,5201,ＡＧＣ,5201.T,プライム,intraday_5m,5636.0,-0.0010634526763558805,0.054176072234762986,0.0029991502529425115,34.72222222222223,-0.09286978915177857,1196855001088.0,17.311708,0.80470145,0.0467,3.38,0.0,20.0
2026-03-09 11:30:00+09:00,5202,日本板硝子,5202.T,プライム,intraday_5m,457.0,-0.0021834061135370675,1.3674214755295835,0.0042033789077387165,43.47826086956522,-0.0986193293885601,45485252608.0,,0.36588272,-0.05298,,0.0,20.0
2026-03-09 11:25:00+09:00,5208,有沢製作所,5208.T,プライム,intraday_5m,2355.0,0.005550811272416745,0.41208791208791207,0.003089800379004686,45.36082474226804,-0.07027240426371895,78376140800.0,22.955454,1.6165824,,4.18,0.06,20.0
2026-03-09 11:30:00+09:00,5214,日本電気硝子,5214.T,プライム,intraday_5m,5931.0,0.0,0.09125475285171103,0.004083311110304919,32.8125,-0.09298057807004134,446179082240.0,15.504666,0.9061885,0.06111,2.45,0.01,20.0
2026-03-09 11:30:00+09:00,5232,住友大阪セメント,5232.T,プライム,intraday_5m,3920.0,-0.0010193679918450993,0.17454545454545456,0.003121531604347936,39.45578231292518,-0.0808909730363423,124239044608.0,9.4462385,0.651851,0.04538,2.81,0.04,20.0
2026-03-09 11:30:00+09:00,5233,太平洋セメント,5233.T,プライム,intraday_5m,3767.0,0.0005312084993360777,0.0,0.003281531051259138,43.790849673202615,-0.08077110785749142,419954622464.0,8.170835,0.65862906,0.03717,2.44,0.0,20.0
2026-03-09 11:30:00+09:00,5261,リソルホールディングス,5261.T,プライム,intraday_5m,8440.0,0.0,0.2222222222222222,0.004269487156927179,48.57142857142857,-0.030998851894374235,46902751232.0,20.79381,2.5278733,0.13286,1.26,0.07999999999999999,20.0
2026-03-09 11:30:00+09:00,5262,日本ヒューム,5262.T,プライム,intraday_5m,1226.0,-0.0024410089503661414,0.8905380333951762,0.002803083717533538,52.38095238095237,-0.044427123928293066,56563335168.0,20.032679,1.2437521,0.06122,1.64,0.030000000000000006,20.0
2026-03-09 11:30:00+09:00,5269,日本コンクリート工業,5269.T,プライム,intraday_5m,325.0,0.0,0.36180904522613067,0.0025405897534399517,33.33333333333333,-0.041297935103244865,17647716352.0,,0.44081783,-0.00039,2.36,0.0,20.0
2026-03-09 11:30:00+09:00,5288,アジアパイルホールディングス,5288.T,プライム,intraday_5m,1358.0,0.0007369196757553986,2.0155038759689923,0.0027689488803452093,57.692307692307686,-0.06020761245674744,51724656640.0,9.882113,1.0309716,0.1162,3.46,0.02,20.0
2026-03-09 11:30:00+09:00,5301,東海カーボン,5301.T,プライム,intraday_5m,943.0,0.0009553385387817137,0.039959016393442626,0.0032498930363782075,37.8172974145276,-0.07001972386587774,201337028608.0,10.021255,0.63242793,0.06865,2.96,0.0,20.0
2026-03-09 11:20:00+09:00,5302,日本カーボン,5302.T,プライム,intraday_5m,4485.0,0.0022346368715084886,0.2571428571428571,0.00234136120495458,38.095238095238095,-0.04166666666666663,49591975936.0,10.260575,0.9117077,0.08659001,4.27,0.01,20.0
2026-03-09 11:30:00+09:00,5310,東洋炭素,5310.T,プライム,intraday_5m,5180.0,0.0,0.03409090909090909,0.003122529455221035,33.33333333333333,-0.09913043478260875,108636078080.0,19.886362,1.1143533,0.057010002,2.52,0.02,20.0
2026-03-09 11:30:00+09:00,5331,ノリタケ,5331.T,プライム,intraday_5m,6150.0,0.0016286644951140072,0.08,0.002952744633690891,50.0,-0.055299539170506895,169112109056.0,14.163327,1.0592208,0.07974,2.46,0.02,20.0
2026-03-09 11:30:00+09:00,5332,ＴＯＴＯ,5332.T,プライム,intraday_5m,5349.0,0.0,0.0,0.002902941697274592,42.076502732240435,-0.07536732929991352,879448621056.0,220.12346,1.7482054,0.00458,1.73,0.030000000000000006,20.0
2026-03-09 11:30:00+09:00,5333,日本碍子,5333.T,プライム,intraday_5m,3803.0,-0.0002628811777076745,0.08622754491017964,0.003183685532535533,41.42857142857144,-0.0925793366738249,1093493587968.0,21.103157,1.3986728,0.0734,1.81,0.030000000000000006,20.0
2026-03-09 11:30:00+09:00,5334,日本特殊陶業,5334.T,プライム,intraday_5m,7251.0,0.002211472011057314,0.143646408839779,0.003347362346121761,50.0,-0.03423015450186473,1425104437248.0,14.996278,1.9352602,0.14795999,2.48,0.02,20.0
2026-03-09 11:30:00+09:00,5344,ＭＡＲＵＷＡ,5344.T,プライム,intraday_5m,53280.0,0.0013155421913173537,0.30670926517571884,0.004062382952648369,33.984375000000014,-0.13139876100423864,657407868928.0,37.279076,4.667903,,0.17,-0.01,20.0
2026-03-09 11:30:00+09:00,5351,品川リフラ,5351.T,プライム,intraday_5m,2161.0,0.004649000464900022,0.08571428571428572,0.0031484302979141406,55.17241379310345,-0.062472885032538006,98613174272.0,10.702258,0.8263003,0.28977,3.9,0.0,20.0
2026-03-09 11:25:00+09:00,5352,黒崎播磨,5352.T,プライム,intraday_5m,4170.0,0.0,1.9655172413793105,0.0005446212287072114,50.0,-0.0011976047904191933,140430196736.0,7.3441353,1.3156687,0.16931,2.87,0.02,20.0
2026-03-09 11:30:00+09:00,5357,ヨータイ,5357.T,プライム,intraday_5m,1852.0,0.003250270855904569,0.2608695652173913,0.0022066576809326903,53.48837209302325,-0.02628811777076756,33957672960.0,15.406372,1.0174236,0.07201,4.73,0.02,20.0
2026-03-09 11:30:00+09:00,5384,フジミインコーポレーテッド,5384.T,プライム,intraday_5m,2698.0,0.0,0.13953488372093023,0.004241612128252771,41.605839416058394,-0.1066225165562914,200146419712.0,20.58442,2.4654331,0.12644,2.43,0.02,20.0
2026-03-09 11:30:00+09:00,5393,ニチアス,5393.T,プライム,intraday_5m,8370.0,0.0009567089213107227,0.07964601769911504,0.0028471947588025637,51.470588235294116,-0.0652222470404289,527559294976.0,17.805101,2.3552446,0.139,1.83,0.01,20.0
2026-03-09 11:30:00+09:00,5401,日本製鉄,5401.T,プライム,intraday_5m,581.0999755859375,0.000516507918859821,0.06092113169100551,0.00221088351882999,35.59312682544993,-0.03759525118575302,3037031563264.0,,0.57066816,-0.00414,3.97,0.01,20.0
2026-03-09 11:30:00+09:00,5406,神戸製鋼所,5406.T,プライム,intraday_5m,1980.0,0.0002525890376356976,0.3651804670912951,0.002495472305834186,44.09448818897638,-0.054441260744985676,779437932544.0,6.17207,0.64403,0.07171,3.82,0.0,20.0
2026-03-09 11:30:00+09:00,5408,中山製鋼所,5408.T,プライム,intraday_5m,598.0,0.0,0.0,0.002722123904057829,42.857142857142854,-0.046251993620414655,32420921344.0,7.7290936,0.30216563,0.02656,1.59,0.01,20.0
2026-03-09 11:30:00+09:00,5410,合同製鐵,5410.T,プライム,intraday_5m,3695.0,0.0,0.037267080745341616,0.0019475376110443577,46.666666666666664,-0.03145478374836175,54038081536.0,4.8524566,0.38539565,0.07298,4.19,-0.020000000000000004,20.0
2026-03-09 11:30:00+09:00,5411,ＪＦＥホールディングス,5411.T,プライム,intraday_5m,1905.5,0.0,0.05008183306055647,0.002257763509073965,42.47787610619469,-0.047250000000000014,1212173516800.0,16.656467,0.4746027,0.021860002,4.0,0.01,20.0
2026-03-09 11:30:00+09:00,5423,東京製鐵,5423.T,プライム,intraday_5m,1526.0,0.0,0.0392156862745098,0.0019634570648624536,46.875,-0.02179487179487183,156446048256.0,10.053364,0.7153606,0.06431,3.21,-0.030000000000000006,20.0
2026-03-09 11:30:00+09:00,5440,共英製鋼,5440.T,プライム,intraday_5m,2326.0,0.0,0.0,0.0022849291392735773,47.61904761904762,-0.05408702724684833,101085462528.0,9.060455,0.4926793,0.050780002,3.66,0.030000000000000006,20.0
2026-03-09 11:30:00+09:00,5444,大和工業,5444.T,プライム,intraday_5m,11480.0,0.002182453077258728,0.0,0.0028142164855815975,42.04545454545454,-0.05241436236070984,690335776768.0,31.06817,1.2964888,0.08464,3.3,0.02,20.0
2026-03-09 11:30:00+09:00,5445,東京鐵鋼,5445.T,プライム,intraday_5m,6030.0,0.0,0.0,0.0022466517565854012,55.55555555555556,-0.0321027287319422,50873102336.0,5.0542727,0.8264642,0.15648,4.82,0.02,20.0
2026-03-09 11:30:00+09:00,5451,ヨドコウ,5451.T,プライム,intraday_5m,1549.0,0.0,1.0193050193050193,0.0021001661346902374,50.0,-0.022095959595959558,224116228096.0,16.325886,1.1330189,0.05805,5.62,0.04,20.0
2026-03-09 11:30:00+09:00,5461,中部鋼鈑,5461.T,プライム,intraday_5m,1974.0,0.0,2.7969924812030076,0.002449101872133746,29.268292682926827,-0.04453049370764761,53478268928.0,,0.72225964,-0.0014599999,5.23,-0.04,20.0
2026-03-09 11:30:00+09:00,5463,丸一鋼管,5463.T,プライム,intraday_5m,1435.0,0.0,0.0,0.001706226772450285,37.14285714285714,-0.0349697377269671,317359128576.0,11.156029,0.94122803,0.09511,1.51,0.01,20.0
2026-03-09 11:30:00+09:00,5471,大同特殊鋼,5471.T,プライム,intraday_5m,1898.5,-0.0007894736842105621,0.0,0.0034220813404467984,36.0,-0.0905389221556886,379422736384.0,13.454042,0.8462707,0.06082,2.35,0.05,20.0
2026-03-09 11:30:00+09:00,5480,日本冶金工業,5480.T,プライム,intraday_5m,4635.0,0.001079913606911509,0.0,0.0027653477135799525,51.612903225806456,-0.05504587155963303,64213581824.0,6.9126487,0.6488417,0.08234999,4.49,-0.01,20.0
2026-03-09 11:30:00+09:00,5482,愛知製鋼,5482.T,プライム,intraday_5m,2937.0,0.0,0.0,0.0029269281586459884,45.13274336283185,-0.06761904761904758,188024111104.0,18.210566,0.83321464,,1.97,0.030000000000000006,20.0
2026-03-09 11:30:00+09:00,5535,ミガロホールディングス,5535.T,プライム,intraday_5m,368.0,0.0,0.0,0.004115230032679578,35.71428571428572,-0.061224489795918324,23659927552.0,30.288067,1.5846428,0.10109,2.17,0.030000000000000006,20.0
2026-03-09 11:30:00+09:00,5541,大平洋金属,5541.T,プライム,intraday_5m,2840.0,0.0010574550581601283,0.013001083423618635,0.005063230591607059,45.22292993630573,-0.09265175718849838,49383387136.0,,0.81739277,0.012309999,3.83,0.01,20.0
2026-03-09 11:30:00+09:00,5563,新日本電工,5563.T,プライム,intraday_5m,395.0,0.0,0.0,0.0031322917931371555,50.0,-0.06619385342789597,49291202560.0,36.91589,0.6940211,0.0196,3.55,0.03529411764705883,17.0
2026-03-09 11:30:00+09:00,5602,栗本鐵工所,5602.T,プライム,intraday_5m,1480.0,-0.0020229265003371966,0.0,0.002760015556971638,41.81818181818182,-0.06859660163624925,89825394688.0,12.096445,1.0008277,0.083680004,3.62,-0.01,20.0
2026-03-09 11:30:00+09:00,5631,日本製鋼所,5631.T,プライム,intraday_5m,8868.0,0.0,0.009868421052631578,0.004709972171111787,54.23076923076923,-0.07864935064935064,652781420544.0,29.625175,3.2077358,0.105450004,0.91,0.01,20.0
2026-03-09 11:30:00+09:00,5632,三菱製鋼,5632.T,プライム,intraday_5m,1811.0,0.003324099722991747,0.07531380753138076,0.0028494861784207973,47.45762711864407,-0.0538140020898642,27384854528.0,9.124345,0.64319897,0.05906,4.18,0.02,20.0
2026-03-09 11:30:00+09:00,5659,日本精線,5659.T,プライム,intraday_5m,1216.0,0.0008230452674897748,2.953846153846154,0.0033555862613123028,47.16981132075472,-0.05148205928237126,37346910208.0,14.659434,0.8889343,0.05684,4.06,-0.01,20.0
2026-03-09 11:30:00+09:00,5702,大紀アルミニウム工業所,5702.T,プライム,intraday_5m,1285.0,-0.0023291925465838137,0.16143497757847533,0.0030248546649474864,45.283018867924525,-0.0695148443157132,50850504704.0,490.45804,0.7098644,,3.98,0.01,20.0
2026-03-09 11:30:00+09:00,5703,日本軽金属ホールディングス,5703.T,プライム,intraday_5m,2772.0,-0.00108108108108107,0.13333333333333333,0.0032620934190985724,47.89915966386554,-0.0738389575676579,170740662272.0,13.118168,0.70522165,0.06436,2.67,0.030000000000000006,20.0
2026-03-09 11:30:00+09:00,5706,三井金属,5706.T,プライム,intraday_5m,28225.0,-0.0008849557522123686,0.0,0.006802736153738282,45.72748267898383,-0.13790470372632868,1614835875840.0,34.62213,4.446291,0.18378,0.73,0.01,20.0
2026-03-09 11:30:00+09:00,5707,東邦亜鉛,5707.T,プライム,intraday_5m,1326.0,-0.003007518796992459,0.0,0.005724475032133144,36.708860759493675,-0.12590639419907712,18004105216.0,,6.7179375,0.46137002,,0.01,20.0
2026-03-09 11:30:00+09:00,5711,三菱マテリアル,5711.T,プライム,intraday_5m,4695.0,0.0006393861892584063,0.04158644589911436,0.004229931775308017,47.0873786407767,-0.0934543348136706,613540298752.0,41.2059,0.85567254,0.03817,1.93,0.01,20.0
2026-03-09 11:30:00+09:00,5713,住友金属鉱山,5713.T,プライム,intraday_5m,9198.0,-0.0010860121633362585,0.032682705401724924,0.005655464810005583,47.06867671691792,-0.0915555555555555,2488541118464.0,103.23232,1.3090909,0.05041,1.81,-0.02,20.0
2026-03-09 11:30:00+09:00,5714,ＤＯＷＡホールディングス,5714.T,プライム,intraday_5m,9190.0,0.0,0.0,0.004301083227491881,46.74157303370787,-0.09591736350221347,547384557568.0,27.06842,1.3530831,0.05696,2.14,0.02,20.0
2026-03-09 11:30:00+09:00,5715,古河機械金属,5715.T,プライム,intraday_5m,4570.0,0.0,0.0,0.004106662687940836,43.99999999999999,-0.10216110019646363,148445560832.0,10.909265,1.1022018,0.109239995,1.96,0.02,20.0
2026-03-09 11:30:00+09:00,5726,大阪チタニウムテクノロジーズ,5726.T,プライム,intraday_5m,2561.0,-0.001170046801872049,0.08377659574468084,0.00442149010174362,41.228070175438596,-0.12414500683994523,94240800768.0,15.501482,2.088023,0.11534,0.51,0.02,20.0
2026-03-09 11:30:00+09:00,5727,東邦チタニウム,5727.T,プライム,intraday_5m,2457.0,0.0,0.24587364826408653,0.0072112492173996325,44.23076923076923,-0.13394430736693685,174904229888.0,53.13581,2.969109,0.03884,0.63,0.030000000000000006,20.0
2026-03-09 11:30:00+09:00,5741,ＵＡＣＪ,5741.T,プライム,intraday_5m,2348.0,0.00256191289496166,0.0,0.004536510851270244,46.28099173553719,-0.08638132295719847,425151791104.0,23.365509,1.2927516,0.09786,1.95,0.04,20.0
2026-03-09 11:30:00+09:00,5757,ＣＫサンエツ,5757.T,プライム,intraday_5m,4285.0,0.0,0.2448979591836735,0.008620866801976471,33.33333333333333,-0.055126791620727644,36147421184.0,8.361628,0.686368,0.0345,1.98,0.010526315789473684,19.0
2026-03-09 11:30:00+09:00,5801,古河電気工業,5801.T,プライム,intraday_5m,23420.0,-0.0004268032437046987,0.05620608899297424,0.009033936608082122,45.88607594936709,-0.16802841918294853,1647554592768.0,47.00357,4.362302,0.14886,0.57,0.02,20.0
2026-03-09 11:30:00+09:00,5802,住友電気工業,5802.T,プライム,intraday_5m,8699.0,-0.001377568591436118,0.024763870148424478,0.006883076154357648,50.764525993883794,-0.12104678185308682,6784510066688.0,31.390734,2.7276168,0.110249996,1.19,0.01,20.0
2026-03-09 11:30:00+09:00,5803,フジクラ,5803.T,プライム,intraday_5m,21770.0,-0.0011470520761642788,0.10714950083710548,0.006282343929455679,36.241610738255034,-0.13266932270916332,6006999875584.0,46.38132,11.84787,0.31145,0.96,0.0,20.0
2026-03-09 11:30:00+09:00,5805,ＳＷＣＣ,5805.T,プライム,intraday_5m,13110.0,-0.0015232292460015673,0.0,0.0051032162691978,48.86363636363636,-0.1063394683026585,388236541952.0,25.606468,4.2242904,0.19093001,1.36,0.01,20.0
2026-03-09 11:30:00+09:00,5821,平河ヒューテック,5821.T,プライム,intraday_5m,3805.0,-0.001312335958005284,0.0636604774535809,0.003755787589628513,52.77777777777778,-0.07757575757575763,56335171584.0,19.879833,1.3026677,0.080860004,1.16,0.01,20.0
2026-03-09 11:30:00+09:00,5830,いよぎんホールディングス,5830.T,プライム,intraday_5m,2801.5,0.0007144132880871901,0.035398230088495575,0.003045775628318446,43.66197183098591,-0.08417783589408301,813198737408.0,12.409745,0.9337792,0.08351,1.96,0.05,20.0
2026-03-09 11:30:00+09:00,5831,しずおかフィナンシャルグループ,5831.T,プライム,intraday_5m,2539.0,-0.001180173092053538,0.0,0.002941535040389772,41.142857142857146,-0.08586858685868581,1355884789760.0,15.981621,1.0919847,0.07481,2.95,0.030000000000000006,20.0
2026-03-09 11:30:00+09:00,5832,ちゅうぎんフィナンシャルグループ,5832.T,プライム,intraday_5m,2744.5,-0.00018214936247717972,0.0,0.0022272541581987433,51.06382978723405,-0.07139231940450008,487888748544.0,16.262741,0.79897666,0.06578,2.84,0.02,20.0
2026-03-09 11:30:00+09:00,5838,楽天銀行,5838.T,プライム,intraday_5m,5775.0,0.0001731901627988197,0.05187713310580205,0.0030060725300387814,76.92307692307692,-0.04021937842778789,1007728984064.0,16.103846,2.8463476,0.19795999,,0.0,20.0
2026-03-09 11:30:00+09:00,5844,京都フィナンシャルグループ,5844.T,プライム,intraday_5m,3876.0,0.0007745933384972759,0.09923213230950974,0.0027622906495980955,52.72727272727273,-0.07028064284000957,1101015285760.0,26.5625,0.9326076,0.03783,1.92,0.0,20.0
2026-03-09 11:30:00+09:00,5851,リョービ,5851.T,プライム,intraday_5m,2511.0,0.0,0.0,0.002588577375046082,39.99999999999999,-0.08257215929850203,79873581056.0,7.246753,0.44506246,0.06385,3.8,0.02,20.0
2026-03-09 11:30:00+09:00,5852,アーレスティ,5852.T,プライム,intraday_5m,783.0,0.0,0.5217391304347826,0.0034855196893077253,46.666666666666664,-0.08528037383177567,19528636416.0,10.417775,0.36823353,0.044310004,3.74,0.05,20.0
2026-03-09 11:30:00+09:00,5857,ＡＲＥホールディングス,5857.T,プライム,intraday_5m,3700.0,-0.0013495276653171517,1.5,0.00330582665169143,43.33333333333333,-0.09645909645909645,283528036352.0,16.888807,1.7622807,0.15116,3.05,0.01,20.0
2026-03-09 11:25:00+09:00,5889,Ｊａｐａｎ　Ｅｙｅｗｅａｒ　Ｈｏｌｄｉｎｇｓ,5889.T,プライム,intraday_5m,1859.0,0.0005382131324003225,0.09375,0.0027638477747002482,40.0,-0.04715530497180931,44858085376.0,11.223135,2.63716,0.26508,4.31,0.02,20.0
2026-03-09 11:30:00+09:00,5901,東洋製罐グループホールディングス,5901.T,プライム,intraday_5m,3648.0,-0.0005479452054794054,0.07384615384615384,0.00276111047815192,56.91056910569106,-0.04851330203442883,548555784192.0,12.823397,0.82417095,0.06928,2.97,0.030000000000000006,20.0
2026-03-09 11:30:00+09:00,5902,ホッカンホールディングス,5902.T,プライム,intraday_5m,2365.0,-0.0004226542688081647,0.8,0.0021275588331607555,44.89795918367347,-0.03665987780040736,29121439744.0,8.362209,0.4923154,0.05069,3.79,0.021052631578947368,19.0
2026-03-09 11:25:00+09:00,5911,横河ブリッジホールディングス,5911.T,プライム,intraday_5m,2965.0,0.0010128291694799785,0.4155844155844156,0.0026719719983453027,47.45762711864407,-0.03104575163398693,116692082688.0,9.718762,0.8846075,0.093760006,3.92,0.04,20.0
2026-03-09 11:30:00+09:00,5929,三和ホールディングス,5929.T,プライム,intraday_5m,3741.0,0.0,0.013683010262257697,0.0018266070707376241,49.31506849315068,-0.029320186818889482,788542586880.0,13.3889265,2.5110922,0.19187,3.22,0.02,20.0
2026-03-09 11:30:00+09:00,5930,文化シヤッター,5930.T,プライム,intraday_5m,1928.0,-0.0010362694300518616,0.0,0.0017760866817365215,59.523809523809526,-0.03503503503503502,136190803968.0,10.009865,1.2191914,0.12384,3.7,0.030000000000000006,20.0
2026-03-09 11:30:00+09:00,5932,三協立山,5932.T,プライム,intraday_5m,643.0,0.0015576323987538387,0.0,0.0018825658546991815,31.25,-0.05718475073313778,20151296000.0,,0.21747681,-0.04409,3.67,0.01,20.0
2026-03-09 11:30:00+09:00,5933,アルインコ,5933.T,プライム,intraday_5m,1096.0,0.0027447392497712553,5.907692307692308,0.002223907128565791,54.54545454545455,-0.037752414398595224,21890686976.0,11.792554,0.6745574,0.05683,3.86,0.02,20.0
2026-03-09 11:30:00+09:00,5938,ＬＩＸＩＬ,5938.T,プライム,intraday_5m,1703.0,0.0002936857562407802,0.21354166666666666,0.0011678407514173303,40.0,-0.018443804034582123,489522954240.0,52.207237,0.7329788,0.01543,5.19,0.02,20.0
2026-03-09 11:30:00+09:00,5943,ノーリツ,5943.T,プライム,intraday_5m,2265.0,-0.0008822232024702226,0.11538461538461539,0.002312539761408557,41.379310344827594,-0.03122326775021389,103448895488.0,30.854105,0.73607475,0.02562,4.02,0.04,20.0
2026-03-09 11:25:00+09:00,5946,長府製作所,5946.T,プライム,intraday_5m,1998.0,0.0005007511266901243,0.41379310344827586,0.0017715254184736942,31.42857142857143,-0.03384912959381048,67937955840.0,31.267605,0.49325186,0.01593,2.22,0.030000000000000006,20.0
2026-03-09 11:30:00+09:00,5947,リンナイ,5947.T,プライム,intraday_5m,3781.0,0.000794070937003788,0.1836734693877551,0.0020457216986586773,45.97701149425287,-0.03717850776674303,522067902464.0,15.914639,1.2758253,0.09237,2.55,0.02,20.0
2026-03-09 11:30:00+09:00,5949,ユニプレス,5949.T,プライム,intraday_5m,1292.0,-0.0007733952049496784,0.534521158129176,0.0020888909862477128,31.42857142857143,-0.05762217359591537,57616883712.0,,0.4297606,-0.11286,4.38,0.04,20.0
2026-03-09 11:25:00+09:00,5957,日東精工,5957.T,プライム,intraday_5m,731.0,0.00274348422496562,0.1941747572815534,0.0026444334523557673,50.0,-0.046936114732724854,26536835072.0,12.896965,0.7308451,0.06003,3.13,0.03333333333333334,18.0
2026-03-09 11:25:00+09:00,5959,岡部,5959.T,プライム,intraday_5m,965.0,0.0,4.108108108108108,0.0020064950626790343,42.10526315789474,-0.032096288866599765,44017889280.0,13.443856,0.7113717,0.0541,3.21,0.03529411764705883,17.0
2026-03-09 11:30:00+09:00,5970,ジーテクト,5970.T,プライム,intraday_5m,1851.0,0.0010816657652785722,0.5276381909547739,0.0021991777038710128,50.0,-0.03844155844155839,79246106624.0,6.5413294,0.37025696,0.04644,4.68,0.0,20.0
2026-03-09 11:30:00+09:00,5975,東プレ,5975.T,プライム,intraday_5m,2504.0,-0.0003992015968063978,0.09448818897637797,0.0026769912884778606,56.75675675675676,-0.06287425149700598,123744100352.0,6.7759914,0.52724093,0.07433,2.99,0.030000000000000006,20.0
2026-03-09 11:30:00+09:00,5976,高周波熱錬,5976.T,プライム,intraday_5m,1348.0,0.0,1.8305084745762712,0.001830812668623953,52.17391304347826,-0.04125177809388336,43951255552.0,28.030775,0.77489483,0.03625,4.84,0.04,20.0
2026-03-09 11:25:00+09:00,5981,東京製綱,5981.T,プライム,intraday_5m,1796.0,0.010692177827799743,4.271186440677966,0.0032631758896152353,59.09090909090909,-0.04366347177848773,27763351552.0,7.565928,0.70456487,0.11254,3.46,0.042105263157894736,19.0
2026-03-09 11:30:00+09:00,5988,パイオラックス,5988.T,プライム,intraday_5m,1669.0,0.002402402402402304,0.5835866261398177,0.0017029276403801809,48.71794871794872,-0.021688159437280197,40780664832.0,50.422962,0.641317,0.0070499997,5.39,0.02,20.0
2026-03-09 11:30:00+09:00,5989,エイチワン,5989.T,プライム,intraday_5m,1267.0,0.0015810276679841806,0.6099110546378653,0.00250583819136673,45.23809523809524,-0.06286982248520712,35662483456.0,4.008225,0.48722428,0.11841,4.73,0.0,20.0
2026-03-09 11:30:00+09:00,5991,日本発條,5991.T,プライム,intraday_5m,2569.0,-0.00038910505836575737,0.057034220532319393,0.0037171921669370478,35.57692307692308,-0.07970625111946983,520463908864.0,13.279918,1.2210013,,2.36,0.04,20.0
2026-03-09 11:30:00+09:00,6005,三浦工業,6005.T,プライム,intraday_5m,2976.5,0.00016801075268824128,0.026845637583892617,0.0027705324709066522,36.41025641025641,-0.060448232323232376,344417959936.0,12.1390705,1.4962076,0.13249,2.11,0.01,20.0
2026-03-09 11:25:00+09:00,6013,タクマ,6013.T,プライム,intraday_5m,2858.0,0.0007002801120448154,0.5985037406483791,0.0021839430184379272,48.71794871794872,-0.039327731092436924,214037905408.0,21.587734,1.9420102,0.10585,2.92,0.030000000000000006,20.0
2026-03-09 11:30:00+09:00,6027,弁護士ドットコム,6027.T,プライム,intraday_5m,2772.0,-0.001800504141159509,0.07610993657505286,0.00329254110817747,50.87719298245614,-0.010353445198143518,62677078016.0,46.246246,9.679987,0.27734,,0.030000000000000006,20.0
2026-03-09 11:25:00+09:00,6035,アイ・アールジャパンホールディングス,6035.T,プライム,intraday_5m,746.0,-0.002673796791443861,0.194331983805668,0.003030184355805756,41.66666666666667,-0.05689001264222504,13251484672.0,16.870193,2.2415462,0.15542,2.91,0.04,20.0
2026-03-09 11:30:00+09:00,6036,ＫｅｅＰｅｒ技研,6036.T,プライム,intraday_5m,3245.0,-0.003072196620583667,0.21818181818181817,0.0025238478138505877,42.10526315789474,-0.055312954876273634,88559665152.0,9.43753,3.7533238,0.47561002,1.75,0.030000000000000006,20.0
2026-03-09 11:30:00+09:00,6047,Ｇｕｎｏｓｙ,6047.T,プライム,intraday_5m,535.0,0.001872659176029856,0.0,0.0029652393315407807,45.833333333333336,-0.05975395430579966,12782395392.0,55.32575,1.1712831,0.0196,3.22,-0.01,20.0
2026-03-09 11:30:00+09:00,6050,イー・ガーディアン,6050.T,プライム,intraday_5m,1602.0,0.0,1.4025974025974026,0.003045357530516423,50.0,-0.01172115977791488,18573340672.0,19.6468,1.5791824,,2.34,-0.01,20.0
2026-03-09 11:30:00+09:00,6055,ジャパンマテリアル,6055.T,プライム,intraday_5m,1727.0,-0.0023108030040439598,0.14391143911439114,0.004219817858364066,34.14634146341464,-0.09911319770474702,177491001344.0,19.208096,3.0222054,0.18457001,1.41,0.030000000000000006,20.0
2026-03-09 11:25:00+09:00,6058,ベクトル,6058.T,プライム,intraday_5m,1318.0,0.003044140030441511,0.2962962962962963,0.002721287517252041,53.84615384615384,-0.047687861271676346,61820051456.0,12.514242,3.110596,0.30039,2.38,0.01,20.0
2026-03-09 11:25:00+09:00,6062,チャーム・ケア・コーポレーション,6062.T,プライム,intraday_5m,1342.0,0.0014925373134329067,1.3805309734513276,0.0033464195919983668,43.13725490196078,-0.04415954415954415,43858423808.0,13.256939,2.052719,0.16402,2.42,0.030000000000000006,20.0
2026-03-09 11:30:00+09:00,6070,キャリアリンク,6070.T,プライム,intraday_5m,2662.0,0.0,0.0,0.0014988360017706458,45.65217391304348,-0.02240176276165995,31615733760.0,13.540183,2.017876,0.18441999,4.41,0.05,20.0
2026-03-09 11:25:00+09:00,6071,ＩＢＪ,6071.T,プライム,intraday_5m,707.0,0.0028368794326241176,0.8571428571428571,0.0021194871005508213,53.846153846153854,-0.045883940620782715,26775357440.0,12.875615,2.6170936,0.21188,1.75,0.03157894736842106,19.0
2026-03-09 11:30:00+09:00,6073,アサンテ,6073.T,プライム,intraday_5m,1571.0,-0.0006361323155216203,2.1818181818181817,0.001128116618678831,45.45454545454546,-0.022401991288114487,15353263104.0,31.232605,1.5815107,0.04555,3.86,0.010526315789473684,19.0
2026-03-09 11:30:00+09:00,6078,バリューＨＲ,6078.T,プライム,intraday_5m,1392.0,-0.000717875089734421,0.6760563380281691,0.001774593162760955,50.0,-0.007840342124019961,37171056640.0,60.495438,5.389938,0.092530005,1.92,0.03333333333333334,18.0
2026-03-09 11:30:00+09:00,6080,Ｍ＆Ａキャピタルパートナーズ,6080.T,プライム,intraday_5m,3285.0,0.0,0.03409090909090909,0.003836761402656142,50.0,-0.06008583690987124,104326938624.0,20.886318,2.4130619,0.11132,1.96,0.0,20.0
2026-03-09 11:30:00+09:00,6088,シグマクシス・ホールディングス,6088.T,プライム,intraday_5m,702.0,-0.0028409090909090606,0.25806451612903225,0.0016899604419127706,50.0,-0.02364394993045893,57847013376.0,13.523406,3.9492338,0.30336002,3.62,0.01,20.0
2026-03-09 11:30:00+09:00,6089,ウィルグループ,6089.T,プライム,intraday_5m,1232.0,0.001626016260162677,3.7090909090909094,0.0021108908827152497,68.0,-0.009646302250803873,28228659200.0,15.720301,1.4368604,0.10308,3.54,0.030000000000000006,20.0
2026-03-09 11:30:00+09:00,6098,リクルートホールディングス,6098.T,プライム,intraday_5m,6570.0,0.0003045066991473888,0.3282522447275005,0.0028556815670870567,36.79245283018869,-0.06169665809768643,9183261884416.0,22.130154,5.9212604,0.2732,0.36,0.0,20.0
2026-03-09 11:25:00+09:00,6099,エラン,6099.T,プライム,intraday_5m,726.0,0.0,0.1643835616438356,0.0021195269068250543,53.33333333333333,-0.04849279161205766,43910852608.0,15.858454,3.0402265,0.2082,2.1,0.030000000000000006,20.0
2026-03-09 11:30:00+09:00,6101,ツガミ,6101.T,プライム,intraday_5m,3320.0,-0.0030030030030030463,0.2913907284768212,0.0035762549369337754,32.14285714285715,-0.12401055408970973,155005812736.0,11.886008,2.0925539,0.24914,1.9,0.02,20.0
2026-03-09 11:30:00+09:00,6103,オークマ,6103.T,プライム,intraday_5m,3780.0,-0.0013210039630119352,0.01284796573875803,0.0030072813758653303,39.39393939393939,-0.09025270758122739,227712385024.0,21.66065,0.9516494,0.044,2.41,0.01,20.0
2026-03-09 11:30:00+09:00,6104,芝浦機械,6104.T,プライム,intraday_5m,3795.0,0.0026420079260238705,0.10526315789473684,0.002189825272337902,26.92307692307692,-0.08333333333333337,89740566528.0,15.510688,0.7473025,0.01891,3.38,0.01,20.0
2026-03-09 11:30:00+09:00,6113,アマダ,6113.T,プライム,intraday_5m,2187.0,-0.0011418131993605751,0.064108790675085,0.0028539283467182547,38.06451612903226,-0.10533851503374925,681903259648.0,25.48951,1.3015277,,2.54,0.0,20.0
2026-03-09 11:30:00+09:00,6118,アイダエンジニアリング,6118.T,プライム,intraday_5m,1110.0,0.0,0.35,0.0041133831266911445,48.07692307692308,-0.05290102389078499,60285083648.0,11.66334,0.71035135,0.06145,3.16,0.030000000000000006,20.0
2026-03-09 11:30:00+09:00,6134,ＦＵＪＩ,6134.T,プライム,intraday_5m,4983.0,-0.00020064205457459572,0.12021857923497267,0.0038104275899868015,38.698630136986296,-0.1069892473118279,438072606720.0,30.168917,1.9040049,,1.43,0.02,20.0
2026-03-09 11:30:00+09:00,6135,牧野フライス製作所,6135.T,プライム,intraday_5m,11470.0,0.0,2.7011070110701105,0.0006121291354399954,50.0,-0.008643042350907515,268304400384.0,17.453362,1.067051,0.07453,1.73,0.030000000000000006,20.0
2026-03-09 11:30:00+09:00,6136,オーエスジー,6136.T,プライム,intraday_5m,2508.5,-0.002386160270431481,0.24793388429752064,0.0022975338922383167,35.374149659863946,-0.08398758444403875,206074232832.0,16.445946,1.1397278,0.07925,3.07,0.030000000000000006,20.0
2026-03-09 11:30:00+09:00,6140,旭ダイヤモンド工業,6140.T,プライム,intraday_5m,1325.0,0.0015117157974300355,0.015351812366737739,0.0035088696902472287,56.666666666666664,-0.07729805013927582,66338451456.0,27.381691,1.0463886,,2.09,0.01,20.0
2026-03-09 11:30:00+09:00,6141,ＤＭＧ森精機,6141.T,プライム,intraday_5m,2462.0,0.0008130081300812275,0.04411764705882353,0.002901528896587797,39.59390862944162,-0.09100978401329152,349034446848.0,73.29562,1.0071969,0.02116,3.88,0.030000000000000006,20.0
2026-03-09 11:30:00+09:00,6143,ソディック,6143.T,プライム,intraday_5m,1314.0,-0.0007604562737643095,0.0669767441860465,0.0041156242370907915,51.388888888888886,-0.10184552289815452,66554531840.0,15.757285,0.73523283,0.0515,1.98,0.04,20.0
2026-03-09 11:30:00+09:00,6146,ディスコ,6146.T,プライム,intraday_5m,64660.0,-0.001081415108913908,0.0,0.003632436448462522,31.379310344827587,-0.12039178343082568,7011117826048.0,55.67131,12.929796,,0.59,0.02,20.0
2026-03-09 11:25:00+09:00,6151,日東工器,6151.T,プライム,intraday_5m,1704.0,0.0005871990604815469,0.0,0.00909239602551847,25.0,-0.05752212389380529,31889215488.0,62.417583,0.5325075,0.03507,2.21,0.05,20.0
2026-03-09 11:30:00+09:00,6167,冨士ダイス,6167.T,プライム,intraday_5m,1129.0,-0.0017683465959328348,0.028846153846153848,0.0027601963727987397,26.08695652173914,-0.0753480753480753,22104303616.0,60.438972,1.1112161,0.02084,3.28,0.02,20.0
2026-03-09 11:30:00+09:00,6178,日本郵政,6178.T,プライム,intraday_5m,1776.0,-0.0005627462014631268,0.261734693877551,0.0021626190314238992,41.34615384615385,-0.0573248407643312,5003830886400.0,14.3922205,0.5253339,0.04378,2.65,0.01,20.0
2026-03-09 11:25:00+09:00,6183,ベルシステム２４ホールディングス,6183.T,プライム,intraday_5m,1418.0,0.0007057163020465218,0.3656509695290859,0.0020882478689493427,56.52173913043478,-0.026767330130404887,105421660160.0,11.941052,1.4540116,0.13697,4.12,0.0,20.0
2026-03-09 11:30:00+09:00,6184,鎌倉新書,6184.T,プライム,intraday_5m,509.0,-0.0019607843137254832,0.0,0.0023106124373707625,60.0,-0.03598484848484851,20968241152.0,22.422907,5.302581,0.27224,3.79,0.01,20.0
2026-03-09 11:30:00+09:00,6191,エアトリ,6191.T,プライム,intraday_5m,689.0,0.0,0.0,0.002721860532906371,37.5,-0.054869684499314175,15461749760.0,8.702791,0.9661172,0.15899,1.37,0.04,20.0
2026-03-09 11:20:00+09:00,6194,アトラエ,6194.T,プライム,intraday_5m,711.0,0.0,0.6567164179104478,0.002038493482429531,23.529411764705884,-0.04435483870967738,16363907072.0,14.413136,3.221086,0.13502,8.6,0.0,20.0
2026-03-09 11:30:00+09:00,6196,ストライク,6196.T,プライム,intraday_5m,4200.0,-0.0011890606420927874,0.1751824817518248,0.0026130331182476732,38.095238095238095,-0.05084745762711862,80651599872.0,17.101673,4.2603607,0.28576002,4.07,0.01,20.0
2026-03-09 11:30:00+09:00,6197,ソラスト,6197.T,プライム,intraday_5m,960.0,0.0,4.421861656703672,0.002099700213878216,43.47826086956522,-0.033232628398791486,87208624128.0,20.185028,3.6952922,,2.22,0.02,20.0
2026-03-09 11:30:00+09:00,6200,インソース,6200.T,プライム,intraday_5m,716.0,-0.001394700139469962,0.14659685863874344,0.002191829361592668,53.846153846153854,-0.012413793103448256,60125261824.0,14.543978,5.301034,0.40511,4.07,0.03333333333333334,18.0
2026-03-09 11:25:00+09:00,6201,豊田自動織機,6201.T,プライム,intraday_5m,20540.0,0.0,7.808219178082192,0.00014874216992130965,50.0,0.00048709206039943,6171733262336.0,30.044613,1.0125048,,1.36,0.01,20.0
2026-03-09 11:30:00+09:00,6209,リケンＮＰＲ,6209.T,プライム,intraday_5m,3925.0,-0.0025412960609910717,0.0,0.003655006738221941,45.945945945945944,-0.0742924528301887,105603383296.0,8.987452,0.69474304,0.082159996,3.89,0.09,20.0
2026-03-09 11:30:00+09:00,6222,島精機製作所,6222.T,プライム,intraday_5m,893.0,0.0,0.29411764705882354,0.0028114172877385115,36.666666666666664,-0.06882168925964549,29931784192.0,,0.3713961,-0.03167,1.04,-0.020000000000000004,20.0
2026-03-09 11:30:00+09:00,6235,オプトラン,6235.T,プライム,intraday_5m,2565.0,-0.0042701863354037695,0.218978102189781,0.005648535502371714,41.666666666666664,-0.1340310600945307,102247489536.0,34.498993,1.7818935,0.04881,1.89,0.01,20.0
2026-03-09 11:30:00+09:00,6237,イワキポンプ,6237.T,プライム,intraday_5m,2494.0,0.0,0.0,0.005597559564464801,39.189189189189186,-0.06240601503759402,55325929472.0,12.020436,1.4166213,0.11935,3.08,0.030000000000000006,20.0
2026-03-09 11:30:00+09:00,6238,フリュー,6238.T,プライム,intraday_5m,1206.0,0.0,0.0,0.002137943269250902,43.75,-0.02348178137651824,31943614464.0,17.223652,1.365421,0.091520004,3.16,0.030000000000000006,20.0
2026-03-09 11:30:00+09:00,6240,ヤマシンフィルタ,6240.T,プライム,intraday_5m,512.0,0.0,0.17837837837837836,0.0024102235559781333,46.15384615384615,-0.05009276437847865,35647774720.0,20.471811,1.5911344,0.08131,3.34,0.0,20.0
2026-03-09 11:30:00+09:00,6247,日阪製作所,6247.T,プライム,intraday_5m,1565.0,-0.0006385696040868138,0.0,0.0028734637486754204,48.93617021276596,-0.06455469216975496,41150009344.0,10.279821,0.67230886,0.06713,3.35,0.06,20.0
2026-03-09 11:30:00+09:00,6250,やまびこ,6250.T,プライム,intraday_5m,3410.0,0.0,0.0,0.00370531574318185,51.612903225806456,-0.08456375838926178,139502125056.0,9.666629,1.16283,0.12708001,2.95,0.042105263157894736,19.0
2026-03-09 11:30:00+09:00,6254,野村マイクロ・サイエンス,6254.T,プライム,intraday_5m,2778.0,0.0003601008282319018,0.0,0.004270344428116424,41.007194244604314,-0.10242326332794827,105750659072.0,9.272363,2.7405179,0.32354,3.23,0.01,20.0
2026-03-09 11:30:00+09:00,6258,平田機工,6258.T,プライム,intraday_5m,2558.0,0.001566170712607784,0.12955465587044535,0.0033585706507995344,40.17857142857142,-0.10715532286212914,78340677632.0,12.247438,1.0841409,0.09392,2.27,0.02,20.0
2026-03-09 11:30:00+09:00,6264,マルマエ,6264.T,プライム,intraday_5m,3110.0,0.0,0.0,0.00425054062228591,29.032258064516128,-0.14677640603566533,39379734528.0,29.022022,4.7433987,0.19094999,2.09,0.04,20.0
2026-03-09 11:25:00+09:00,6266,タツモ,6266.T,プライム,intraday_5m,2211.0,-0.00045207956600357146,0.12958963282937364,0.0029114146090470335,49.29577464788732,-0.09607522485690922,31991640064.0,9.048125,1.2055413,0.1388,1.39,0.02,20.0
2026-03-09 11:30:00+09:00,6268,ナブテスコ,6268.T,プライム,intraday_5m,4117.0,0.0,0.18431689571544058,0.0031751844893322446,38.23529411764706,-0.10499999999999998,484338040832.0,8950.0,1.7741523,0.05459,1.78,0.02,20.0
2026-03-09 11:30:00+09:00,6269,三井海洋開発,6269.T,プライム,intraday_5m,11790.0,0.001273885350318471,0.2,0.004989094333474789,52.857142857142854,-0.050724637681159424,805736546304.0,14.232083,3.5431378,0.30591,1.61,0.030000000000000006,20.0
2026-03-09 11:30:00+09:00,6272,レオン自動機,6272.T,プライム,intraday_5m,1476.0,0.0020366598778003286,0.0,0.0021553200361483114,64.86486486486487,-0.038436482084690526,39753953280.0,10.719732,0.9651847,0.102060005,3.52,0.05,20.0
2026-03-09 11:30:00+09:00,6273,ＳＭＣ,6273.T,プライム,intraday_5m,63750.0,0.001413760603204528,0.0,0.0027783329086257164,50.0,-0.08863473909935671,4025119670272.0,25.817766,1.9709511,0.07903,1.43,0.02,20.0
2026-03-09 11:20:00+09:00,6277,ホソカワミクロン,6277.T,プライム,intraday_5m,5800.0,0.0017271157167531026,1.4736842105263157,0.003070625071514174,36.8421052631579,-0.0894819466248038,84888731648.0,18.969126,1.2257016,0.05266,2.04,0.02,20.0
2026-03-09 11:30:00+09:00,6278,ユニオンツール,6278.T,プライム,intraday_5m,14140.0,0.002126151665485576,0.1563517915309446,0.006115686331815979,37.5,-0.14613526570048307,244266074112.0,39.900673,3.0569081,0.07985,0.79,0.01,20.0
2026-03-09 11:30:00+09:00,6279,瑞光,6279.T,プライム,intraday_5m,859.0,0.0,1.3243243243243243,0.0022051471530649706,26.08695652173914,-0.03914988814317677,22746247168.0,97.06214,0.67213243,0.01101,1.34,0.01,20.0
2026-03-09 11:30:00+09:00,6282,オイレス工業,6282.T,プライム,intraday_5m,2375.0,0.0,0.0,0.0017944105428023948,43.99999999999999,-0.0484775641025641,69170249728.0,12.02958,0.8907876,0.0806,3.41,0.04,20.0
2026-03-09 11:30:00+09:00,6284,日精エー・エス・ビー機械,6284.T,プライム,intraday_5m,8400.0,0.008403361344537785,0.14814814814814814,0.004136320134449038,45.65217391304348,-0.08992416034669559,125925310464.0,16.28033,2.1279006,0.13958,2.17,0.030000000000000006,20.0
2026-03-09 11:30:00+09:00,6287,サトー,6287.T,プライム,intraday_5m,2299.0,0.0013066202090592505,0.10434782608695652,0.0019577293525868036,61.11111111111111,-0.04882085229623501,74637295616.0,10.406953,0.8811751,0.08141,3.14,0.02,20.0
2026-03-09 11:30:00+09:00,6289,技研製作所,6289.T,プライム,intraday_5m,2044.0,0.0004894762604013003,0.1276595744680851,0.0032781587292301357,49.31506849315068,-0.06751824817518248,51848187904.0,36.70977,1.3330898,0.052649997,2.46,0.02,20.0
2026-03-09 11:25:00+09:00,6293,日精樹脂工業,6293.T,プライム,intraday_5m,870.0,0.00694444444444442,0.27906976744186046,0.00507717985312582,59.09090909090909,-0.018058690744920947,16735619072.0,,0.42792237,-0.03821,4.74,0.030000000000000006,20.0
2026-03-09 11:20:00+09:00,6294,オカダアイヨン,6294.T,プライム,intraday_5m,2316.0,0.0025974025974024872,0.1643835616438356,0.0022785321044428756,23.25581395348837,-0.038205980066445155,18651842560.0,11.728957,1.0330113,0.09132,3.11,0.042105263157894736,19.0
2026-03-09 11:30:00+09:00,6298,ワイエイシイホールディングス,6298.T,プライム,intraday_5m,1014.0,0.0029673590504450953,0.03380281690140845,0.003149704622655685,48.78048780487806,-0.07818181818181813,18295689216.0,20.761671,1.110279,0.06397,3.64,0.04,20.0
2026-03-09 11:30:00+09:00,6301,小松製作所,6301.T,プライム,intraday_5m,6510.0,0.0,0.0626048071548351,0.0028578411855528624,43.145161290322584,-0.09242994562944373,5866124214272.0,14.497918,1.7524091,0.12517999,2.65,0.0,20.0
2026-03-09 11:30:00+09:00,6302,住友重機械工業,6302.T,プライム,intraday_5m,4998.0,-0.0013986013986013734,0.04731861198738171,0.003039162159020115,40.59405940594059,-0.09143792037811305,600676696064.0,0.93753165,0.8811757,0.046729997,2.73,0.030000000000000006,20.0
2026-03-09 11:30:00+09:00,6305,日立建機,6305.T,プライム,intraday_5m,5460.0,-0.0007320644216690653,0.049146757679180884,0.0029321759680398826,32.71028037383178,-0.09362549800796816,1161542762496.0,13.329102,1.3332341,0.09613,2.91,0.02,20.0
2026-03-09 11:25:00+09:00,6306,日工,6306.T,プライム,intraday_5m,795.0,0.0037878787878788955,1.7755102040816326,0.0021919214271494875,52.94117647058823,-0.023341523341523396,30635540480.0,16.782774,0.8603077,0.053829998,4.18,0.05,20.0
2026-03-09 11:30:00+09:00,6309,巴工業,6309.T,プライム,intraday_5m,1944.0,0.001029866117404632,0.0,0.0028797310089808703,44.444444444444436,-0.06628242074927959,57464766464.0,14.387212,1.361686,0.093830004,3.46,0.030000000000000006,20.0
2026-03-09 11:30:00+09:00,6310,井関農機,6310.T,プライム,intraday_5m,1649.0,-0.003625377643504568,0.821917808219178,0.0034046710149604723,50.70422535211267,-0.0924600990643919,37313761280.0,13.525263,0.50564766,0.03856,2.48,0.02,20.0
2026-03-09 11:30:00+09:00,6315,ＴＯＷＡ,6315.T,プライム,intraday_5m,2415.0,0.00041425020712515526,0.2264605500903433,0.005366004639814696,41.95804195804196,-0.1399572649572649,181189296128.0,29.454813,2.6839447,0.08688,0.71,-0.030000000000000006,20.0
2026-03-09 11:30:00+09:00,6323,ローツェ,6323.T,プライム,intraday_5m,2674.0,0.0014981273408238849,0.04381846635367762,0.004076607354027322,30.324909747292423,-0.13040650406504062,463753773056.0,25.205015,3.7226892,0.15335,0.55,0.0,20.0
2026-03-09 11:30:00+09:00,6324,ハーモニック・ドライブ・システムズ,6324.T,プライム,intraday_5m,3745.0,0.0,0.009716599190283401,0.0038193255244678946,43.75,-0.12089201877934275,354527150080.0,76.44417,4.5703726,0.0591,0.47,0.01,20.0
2026-03-09 11:30:00+09:00,6326,クボタ,6326.T,プライム,intraday_5m,2581.0,-0.00019368584156498336,0.0,0.0027793965617333607,41.48936170212766,-0.08523834839624311,2934763683840.0,15.799461,1.118864,0.07724,1.84,0.030000000000000006,20.0
2026-03-09 11:30:00+09:00,6328,荏原実業,6328.T,プライム,intraday_5m,2472.0,0.0,0.0,0.003330971025101834,28.57142857142857,-0.08546059933407324,58878304256.0,13.410004,2.1083965,0.17058,2.77,0.03157894736842106,19.0
2026-03-09 11:30:00+09:00,6330,東洋エンジニアリング,6330.T,プライム,intraday_5m,2513.0,0.0,0.10810810810810811,0.004618720914678212,53.284671532846716,-0.08916274012323311,147258195968.0,,3.7400565,,0.91,0.01,20.0
2026-03-09 11:30:00+09:00,6331,三菱化工機,6331.T,プライム,intraday_5m,3005.0,0.0016666666666667052,0.0,0.003996256664431402,53.41614906832298,-0.08939393939393936,68406509568.0,11.200566,1.6821992,0.17166,3.94,0.01,20.0
2026-03-09 11:30:00+09:00,6332,月島ホールディングス,6332.T,プライム,intraday_5m,2905.0,-0.0006879944960440643,0.10746268656716418,0.003966694977420214,53.10344827586208,-0.07777777777777772,114476703744.0,7.094017,1.2433983,0.18406,2.54,0.02,20.0
2026-03-09 11:30:00+09:00,6333,帝国電機製作所,6333.T,プライム,intraday_5m,2982.0,-0.002008032128514081,3.958762886597938,0.003555052239404779,36.0,-0.0753488372093023,45706657792.0,10.652663,1.5022663,0.14501001,3.41,0.0,20.0
2026-03-09 11:30:00+09:00,6339,新東工業,6339.T,プライム,intraday_5m,998.0,0.0,0.07826086956521738,0.002855982388120072,39.285714285714285,-0.05402843601895735,52411604992.0,16.801346,0.42233357,0.03223,4.17,-0.04,20.0
2026-03-09 11:20:00+09:00,6340,澁谷工業,6340.T,プライム,intraday_5m,3300.0,0.004566210045662045,0.631578947368421,0.013823442501790989,36.8421052631579,-0.05982905982905984,91298701312.0,10.175136,0.8183452,0.08295,4.06,-0.01,20.0
2026-03-09 11:30:00+09:00,6345,アイチ　コーポレーション,6345.T,プライム,intraday_5m,1341.0,0.0,0.0,0.0017956387267157251,48.275862068965516,-0.04008589835361487,86574759936.0,15.787614,1.2073424,,4.29,0.0,20.0
2026-03-09 11:30:00+09:00,6349,小森コーポレーション,6349.T,プライム,intraday_5m,1590.0,0.0006293266205159576,0.18556701030927833,0.002423191425334722,45.23809523809524,-0.06139315230224318,84364009472.0,11.644939,0.7045499,0.08365,4.13,0.030000000000000006,20.0
2026-03-09 11:20:00+09:00,6351,鶴見製作所,6351.T,プライム,intraday_5m,1889.0,0.0031864046733935947,0.33802816901408456,0.0026895931969572813,37.037037037037045,-0.0671604938271605,90609393664.0,11.320868,0.8942062,0.07959,1.33,0.04,20.0
2026-03-09 11:30:00+09:00,6358,酒井重工業,6358.T,プライム,intraday_5m,2037.0,0.002460629921259949,0.4285714285714286,0.0017003809396446128,41.30434782608696,-0.03960396039603964,17468078080.0,30.882353,0.57604194,0.016,4.95,-0.030000000000000006,20.0
2026-03-09 11:30:00+09:00,6361,荏原製作所,6361.T,プライム,intraday_5m,4694.0,0.0008528784648187404,0.015064862602873484,0.004799424687214552,46.885245901639344,-0.10436939515359667,2143216467968.0,28.25328,4.2116747,0.15808,1.26,0.02,20.0
2026-03-09 11:30:00+09:00,6363,酉島製作所,6363.T,プライム,intraday_5m,2517.0,0.0,0.0,0.004349604187384007,48.4375,-0.03192307692307694,66238971904.0,18.907753,1.1775417,0.086940005,2.38,0.0,20.0
2026-03-09 11:30:00+09:00,6364,ＡＩＲＭＡＮ,6364.T,プライム,intraday_5m,2001.0,0.004518072289156683,0.0,0.0030092895600139728,41.42857142857144,-0.06539000467071465,54280933376.0,10.99511,1.2427398,0.12695,3.74,0.05,20.0
2026-03-09 11:30:00+09:00,6367,ダイキン工業,6367.T,プライム,intraday_5m,18645.0,0.0005366246310705147,0.07989347536617843,0.0022133890710853803,25.89285714285714,-0.0663495242864296,5459793674240.0,19.94971,1.7316467,0.0929,1.65,0.0,20.0
2026-03-09 11:30:00+09:00,6368,オルガノ,6368.T,プライム,intraday_5m,14145.0,-0.001411930815390039,0.03692307692307692,0.004171297867331017,40.833333333333336,-0.1148310387984981,650423173120.0,23.604506,4.9751644,0.23462999,1.19,0.01,20.0
2026-03-09 11:25:00+09:00,6369,トーヨーカネツ,6369.T,プライム,intraday_5m,2662.0,0.0026365348399246535,0.9629629629629629,0.0022619616464451186,52.631578947368425,-0.061022927689594386,41488125952.0,11.205118,1.0586703,0.09712,3.53,0.05,20.0
2026-03-09 11:30:00+09:00,6370,栗田工業,6370.T,プライム,intraday_5m,7431.0,-0.001746372917786121,0.23880597014925373,0.0032232936016276283,39.19753086419753,-0.08710073710073707,813150306304.0,36.515972,2.3238904,0.06791,1.38,0.02,20.0
2026-03-09 11:30:00+09:00,6371,椿本チエイン,6371.T,プライム,intraday_5m,2307.0,-0.0008661758336941938,0.0,0.0022924119112817604,45.33333333333333,-0.061432058584214855,224877838336.0,10.641144,0.8524752,0.087510005,3.25,0.04,20.0
2026-03-09 11:30:00+09:00,6376,日機装,6376.T,プライム,intraday_5m,2274.0,-0.0035056967572304476,0.3442622950819672,0.0025858718453629415,31.764705882352942,-0.0830645161290322,148414332928.0,11.047416,0.938286,0.09137,2.02,0.030000000000000006,20.0
2026-03-09 11:30:00+09:00,6379,レイズネクスト,6379.T,プライム,intraday_5m,2355.0,0.0012755102040815647,0.907563025210084,0.002707543579825206,55.294117647058826,-0.04229361529076858,127204163584.0,11.896944,1.4517331,0.12696,4.8,0.030000000000000006,20.0
2026-03-09 11:30:00+09:00,6381,アネスト岩田,6381.T,プライム,intraday_5m,1591.0,0.0012586532410321372,0.0,0.002166675379381923,47.368421052631575,-0.042719614921781,62663471104.0,14.772516,1.3203429,0.09493,4.99,0.02,20.0
2026-03-09 11:30:00+09:00,6383,ダイフク,6383.T,プライム,intraday_5m,5195.0,-0.000577145055790651,0.06755126658624849,0.00260215950622236,29.629629629629633,-0.09809027777777779,1910253158400.0,25.622688,4.2304626,0.18377,1.42,0.01,20.0
2026-03-09 11:30:00+09:00,6387,サムコ,6387.T,プライム,intraday_5m,5320.0,-0.0018761726078799779,0.19672131147540983,0.0036668196920042963,31.25,-0.13776337115072934,42732441600.0,25.212076,3.151377,0.13126999,0.97,0.02,20.0
2026-03-09 11:25:00+09:00,6390,加藤製作所,6390.T,プライム,intraday_5m,1497.0,0.002008032128514081,0.44813278008298757,0.0027505668522669027,40.35087719298246,-0.07876923076923081,16697657344.0,,0.38796607,0.09892,4.31,0.04,20.0
2026-03-09 11:30:00+09:00,6395,タダノ,6395.T,プライム,intraday_5m,1260.0,0.0015898251192367763,0.0190325138778747,0.0037774816360725077,54.6875,-0.07488986784140972,159077974016.0,8.70286,0.77338904,0.09292,2.5,0.04,20.0
2026-03-09 11:25:00+09:00,6406,フジテック,6406.T,プライム,intraday_5m,5670.0,0.0017667844522968323,0.4444444444444444,0.0007206509108614898,66.66666666666666,0.0017667844522968323,442537836544.0,28.621908,2.7647734,0.09536,2.92,0.04,20.0
2026-03-09 11:30:00+09:00,6407,ＣＫＤ,6407.T,プライム,intraday_5m,4230.0,-0.0011806375442738881,0.0,0.005034949364264615,39.024390243902445,-0.14111675126903556,282639826944.0,22.483257,1.9392487,0.09194,1.42,0.0,20.0
2026-03-09 11:30:00+09:00,6412,平和,6412.T,プライム,intraday_5m,1965.0,0.0010188487009679115,0.0,0.0012947924511528591,76.19047619047619,-0.010075566750629705,193802387456.0,15.564357,0.76383054,0.037809998,4.03,0.0,20.0
2026-03-09 11:25:00+09:00,6413,理想科学工業,6413.T,プライム,intraday_5m,1169.0,0.002572898799313883,0.5387755102040817,0.0022647975823484033,46.42857142857143,-0.03706754530477763,74005864448.0,18.412348,1.1020982,,4.12,0.021052631578947368,19.0
2026-03-09 11:30:00+09:00,6417,ＳＡＮＫＹＯ,6417.T,プライム,intraday_5m,2090.0,-0.0004782400765184214,0.0,0.001736069148923087,40.69767441860465,-0.030162412993039456,412803694592.0,8.08198,1.6594386,,4.18,0.02,20.0
2026-03-09 11:25:00+09:00,6418,日本金銭機械,6418.T,プライム,intraday_5m,1099.0,0.0,0.0,0.002624194142933677,38.70967741935484,-0.05665236051502143,29812748288.0,6.4393272,0.8485982,0.14310001,3.43,0.030000000000000006,20.0
2026-03-09 11:30:00+09:00,6419,マースグループホールディングス,6419.T,プライム,intraday_5m,3050.0,-0.0016366612111292644,0.3185840707964602,0.0014154831957033744,50.0,-0.014539579967689842,56286945280.0,7.7901516,0.67600995,0.08817001,4.85,0.0,20.0
2026-03-09 11:30:00+09:00,6420,ガリレイ,6420.T,プライム,intraday_5m,3260.0,-0.0015313935681470214,0.4363636363636364,0.0025405475687448396,29.411764705882362,-0.05780346820809246,130703417344.0,10.353808,1.1981286,0.1176,2.34,0.01,20.0
2026-03-09 11:30:00+09:00,6430,ダイコク電機,6430.T,プライム,intraday_5m,2424.0,0.0,0.0,0.0024809893597022552,42.10526315789473,-0.03579952267303099,35293007872.0,5.599316,0.69692063,0.13354,3.98,0.0,20.0
2026-03-09 11:25:00+09:00,6432,竹内製作所,6432.T,プライム,intraday_5m,6260.0,0.0032051282051281937,0.39834024896265563,0.0030585925997746737,50.0,-0.08211143695014667,289168556032.0,11.018993,1.626134,0.15553,3.08,0.0,20.0
2026-03-09 11:30:00+09:00,6436,アマノ,6436.T,プライム,intraday_5m,3870.0,0.00025846471956580963,0.0,0.0016948600762500725,42.10526315789474,-0.02837057494350992,274704089088.0,15.496737,2.0819314,0.12810999,4.52,0.01,20.0
2026-03-09 11:30:00+09:00,6440,ＪＵＫＩ,6440.T,プライム,intraday_5m,644.0,-0.0015503875968991832,0.04743083003952569,0.0034491380944825702,47.99999999999999,-0.09677419354838712,19211790336.0,13.705043,0.6327211,0.04409,2.1,0.030000000000000006,20.0
2026-03-09 11:25:00+09:00,6445,ジャノメ,6445.T,プライム,intraday_5m,1370.0,0.002928257686676483,0.0,0.002405986836825283,48.78048780487806,-0.03656821378340369,23932227584.0,41.883217,0.68611974,0.01962,3.87,0.044444444444444446,18.0
2026-03-09 11:30:00+09:00,6448,ブラザー工業,6448.T,プライム,intraday_5m,2919.0,0.0,0.03513909224011713,0.0019146428282072298,39.99999999999999,-0.05011389521640086,729453559808.0,13.589385,0.995898,0.07083,3.25,0.01,20.0
2026-03-09 11:25:00+09:00,6454,マックス,6454.T,プライム,intraday_5m,6500.0,0.0,0.0,0.0024970052623805063,42.10526315789474,-0.044117647058823484,292203233280.0,22.868,2.673014,0.12082,1.94,0.02,20.0
2026-03-09 11:25:00+09:00,6455,モリタホールディングス,6455.T,プライム,intraday_5m,2590.0,0.0034870205346764216,0.11320754716981131,0.002395072685318198,47.22222222222222,-0.06868033081625313,110672986112.0,11.909689,1.1053878,0.11061,2.09,0.02,20.0
2026-03-09 11:25:00+09:00,6457,グローリー,6457.T,プライム,intraday_5m,3776.0,0.0013259082471492878,0.502092050209205,0.002642282048508158,47.89915966386554,-0.0519708762239518,200243396608.0,18.161705,0.9098247,0.031659998,2.81,0.0,20.0
2026-03-09 11:30:00+09:00,6458,新晃工業,6458.T,プライム,intraday_5m,1256.0,0.0,0.5056179775280899,0.0015927215458522862,43.99999999999999,-0.05563909774436093,84824924160.0,12.232178,1.3755732,0.10618,3.76,0.01,20.0
2026-03-09 11:30:00+09:00,6459,大和冷機工業,6459.T,プライム,intraday_5m,1653.0,0.000605326876513379,0.4752475247524753,0.00379460739454514,40.625,-0.029359953024075125,81597849600.0,16.070387,1.1756874,0.06661,3.52,0.042105263157894736,19.0
2026-03-09 11:30:00+09:00,6460,セガサミーホールディングス,6460.T,プライム,intraday_5m,2586.5,-0.0009656237929702716,0.042134831460674156,0.002190519869191049,22.935779816513758,-0.022302022302022273,543881723904.0,31.639143,1.5083277,-0.03656,2.12,-0.01,20.0
2026-03-09 11:30:00+09:00,6463,ＴＰＲ,6463.T,プライム,intraday_5m,1206.0,-0.0008285004142501995,0.0,0.0019178952796470381,35.48387096774192,-0.06147859922178989,78018707456.0,7.6800613,0.4742794,0.055960003,3.89,0.02,20.0
2026-03-09 11:30:00+09:00,6464,ツバキ・ナカシマ,6464.T,プライム,intraday_5m,303.0,-0.003289473684210509,0.8004600345025877,0.0036140945579219118,37.5,-0.07055214723926384,11590641664.0,,0.31097463,-0.5423,7.04,0.030000000000000006,20.0
2026-03-09 11:30:00+09:00,6465,ホシザキ,6465.T,プライム,intraday_5m,4873.0,-0.0022522522522522292,0.24379232505643342,0.002111169096899573,37.301587301587304,-0.035431512272367405,690000429056.0,18.062866,1.7574788,0.09722,2.28,0.01,20.0
2026-03-09 11:30:00+09:00,6471,日本精工,6471.T,プライム,intraday_5m,1136.0,-0.0008795074758135568,0.0,0.003235997339487006,37.362637362637365,-0.08681672025723475,555870912512.0,31.063713,0.81796527,0.030869998,2.73,0.030000000000000006,20.0
2026-03-09 11:30:00+09:00,6472,ＮＴＮ,6472.T,プライム,intraday_5m,338.1000061035156,-0.0011816658684915549,0.0,0.003041962191286624,31.884202192825327,-0.09186135592481215,201002631168.0,,0.7266202,-0.03797,2.95,0.02,20.0
2026-03-09 11:30:00+09:00,6473,ジェイテクト,6473.T,プライム,intraday_5m,1715.0,-0.00029146021568060565,0.22674418604651164,0.003005577008085217,29.599999999999994,-0.09973753280839892,545940602880.0,28.398743,0.70221734,0.03312,3.15,0.02,20.0
2026-03-09 11:25:00+09:00,6474,不二越,6474.T,プライム,intraday_5m,4545.0,0.0011013215859030367,0.06629834254143646,0.0035870561338206355,50.0,-0.09462151394422313,98982625280.0,19.470505,0.5802165,0.03061,1.99,0.03333333333333334,18.0
2026-03-09 11:30:00+09:00,6479,ミネベアミツミ,6479.T,プライム,intraday_5m,2669.5,0.0005622188905547443,0.07544204322200393,0.0031070395011404146,43.41463414634146,-0.10117845117845115,1072059645952.0,17.022701,1.2695177,,1.68,0.02,20.0
2026-03-09 11:30:00+09:00,6480,日本トムソン,6480.T,プライム,intraday_5m,859.0,-0.0011627906976744429,0.0,0.003563498869697168,42.857142857142854,-0.09196617336152224,59905265664.0,18.609186,0.7424842,0.052989997,2.96,0.030000000000000006,20.0
2026-03-09 11:30:00+09:00,6481,ＴＨＫ,6481.T,プライム,intraday_5m,4626.0,-0.00021612275772642242,0.0,0.0029697670165512776,39.77900552486188,-0.0884729064039409,518220054528.0,51.497272,1.9829245,0.03222,3.63,0.01,20.0
2026-03-09 11:30:00+09:00,6486,イーグル工業,6486.T,プライム,intraday_5m,2965.0,0.0,0.06741573033707865,0.0029783027711426076,46.36363636363636,-0.05723370429252783,134487564288.0,19.398102,1.0717357,0.08004,4.13,0.02,20.0
2026-03-09 11:30:00+09:00,6490,ＰＩＬＬＡＲ,6490.T,プライム,intraday_5m,7070.0,-0.0014124293785310327,0.0,0.003271582634120222,37.5,-0.10732323232323238,164505698304.0,19.881332,2.1058557,0.117790006,1.64,0.05,20.0
2026-03-09 11:30:00+09:00,6498,キッツ,6498.T,プライム,intraday_5m,1800.0,0.0,1.6791044776119401,0.0035680877797047016,38.02816901408451,-0.10403185664509706,156393504768.0,13.575685,1.3249489,0.101969995,2.99,0.030000000000000006,20.0
2026-03-09 11:30:00+09:00,6501,日立製作所,6501.T,プライム,intraday_5m,4589.0,-0.0008708904855214694,0.09551569506726458,0.0031912031651214756,52.72727272727273,-0.05009314841647694,20699022360576.0,27.454384,3.2648907,,0.93,0.02,20.0
2026-03-09 11:30:00+09:00,6503,三菱電機,6503.T,プライム,intraday_5m,5116.0,0.0005867396831604754,0.12775017743080197,0.0034451657564050437,43.98148148148148,-0.07285248278361722,10469118050304.0,26.873983,2.5211484,0.09513,1.0,0.01,20.0
2026-03-09 11:30:00+09:00,6504,富士電機,6504.T,プライム,intraday_5m,10055.0,-0.0009935419771485154,0.12413793103448276,0.0035261807148118463,28.235294117647058,-0.11798245614035086,1482093494272.0,17.500349,1.9693344,0.118190005,1.6,0.0,20.0
2026-03-09 11:30:00+09:00,6506,安川電機,6506.T,プライム,intraday_5m,4196.0,0.0004768717215068996,0.0,0.003608007502102651,40.55555555555556,-0.11345869427424471,1088216956928.0,19.024302,2.3494184,,1.44,0.0,20.0
2026-03-09 11:30:00+09:00,6507,シンフォニアテクノロジー,6507.T,プライム,intraday_5m,10330.0,0.0019398642095054264,0.0,0.00432485892338827,45.09803921568627,-0.1102497846683893,291432890368.0,24.112415,3.3638852,0.15156001,1.03,0.02,20.0
2026-03-09 11:30:00+09:00,6508,明電舎,6508.T,プライム,intraday_5m,6620.0,0.001512859304084735,0.0,0.0037351650934060966,43.75,-0.10176390773405697,300314722304.0,16.301805,1.959714,0.15615,1.85,0.01,20.0
2026-03-09 11:30:00+09:00,6516,山洋電気,6516.T,プライム,intraday_5m,4360.0,-0.001145475372279492,0.0,0.002654032109042643,41.379310344827594,-0.08499475341028329,154846707712.0,20.607836,1.2616427,0.06254,1.47,0.030000000000000006,20.0
2026-03-09 11:20:00+09:00,6517,デンヨー,6517.T,プライム,intraday_5m,3520.0,0.002849002849002913,0.0,0.009969541430338144,47.826086956521735,-0.055033557046979875,71165075456.0,14.537644,0.90057105,,2.68,0.04,20.0
2026-03-09 11:25:00+09:00,6523,ＰＨＣホールディングス,6523.T,プライム,intraday_5m,980.0,0.0,0.42572062084257206,0.0021677971474679657,37.037037037037045,-0.05130687318489835,123979661312.0,21.416084,0.7783411,0.02189,4.07,0.01,20.0
2026-03-09 11:30:00+09:00,6525,ＫＯＫＵＳＡＩ　ＥＬＥＣＴＲＩＣ,6525.T,プライム,intraday_5m,5307.0,0.0005656108597285048,0.0,0.0053112810131749275,45.99406528189911,-0.14883720930232558,1238863839232.0,37.005787,5.821377,0.16354,0.58,0.01,20.0
2026-03-09 11:30:00+09:00,6526,ソシオネクスト,6526.T,プライム,intraday_5m,1696.0,-0.0005892751915144157,0.0,0.0032811442853812357,41.984732824427475,-0.07398307398307402,297214312448.0,30.065592,2.305601,0.06007,2.73,-0.01,20.0
2026-03-09 11:30:00+09:00,6532,ベイカレント,6532.T,プライム,intraday_5m,4659.0,0.0006443298969072142,0.029126213592233007,0.00406785998673224,43.72294372294372,-0.022450692404532124,707525476352.0,20.451254,6.73779,,2.1,0.01,20.0
2026-03-09 11:30:00+09:00,6533,Ｏｒｃｈｅｓｔｒａ　Ｈｏｌｄｉｎｇｓ,6533.T,プライム,intraday_5m,1029.0,0.008823529411764675,0.0,0.007302135875167651,62.06896551724138,-0.029245283018867974,9707450368.0,54.531,1.493265,0.13172,1.23,0.05,20.0
2026-03-09 11:25:00+09:00,6535,アイモバイル,6535.T,プライム,intraday_5m,513.0,0.001953125,0.20111731843575417,0.002324563903312411,50.0,-0.03024574669187141,28752199680.0,9.986374,1.9517206,0.15262,5.1,0.02,20.0
2026-03-09 11:25:00+09:00,6539,ＭＳ－Ｊａｐａｎ,6539.T,プライム,intraday_5m,1045.0,0.0019175455417066445,0.4655172413793104,0.0011545084643246875,45.45454545454546,-0.011352885525070966,25969762304.0,25.156475,2.838802,0.11788999,5.3,0.030000000000000006,20.0
2026-03-09 11:30:00+09:00,6544,ジャパンエレベーターサービスホールディングス,6544.T,プライム,intraday_5m,1624.0,-0.0009227929867733353,0.0,0.0024313541765035585,40.0,-0.039621525724423456,289257652224.0,46.17572,13.03078,0.32612,1.12,0.030000000000000006,20.0
2026-03-09 11:30:00+09:00,6560,エル・ティー・エス,6560.T,プライム,intraday_5m,1607.0,0.0006226650062266526,0.0,0.00945748126681149,54.41176470588235,-0.0580304806565064,7152650752.0,8.69777,1.4858923,0.14903,2.34,0.03333333333333334,18.0
2026-03-09 11:25:00+09:00,6564,ミダックホールディングス,6564.T,プライム,intraday_5m,1790.0,0.0,1.1,0.0025538418476329155,25.0,-0.06916276651066045,49537134592.0,17.173557,2.8891845,0.17917,0.94,0.05,20.0
2026-03-09 11:30:00+09:00,6571,キュービーネットホールディングス,6571.T,プライム,intraday_5m,1344.0,-0.0007434944237918462,0.0,0.0011937113583453368,66.66666666666666,-0.0014858841010401136,17847302144.0,16.288935,1.19361,0.07602,2.97,0.05,20.0
2026-03-09 11:25:00+09:00,6572,オープングループ,6572.T,プライム,intraday_5m,223.0,0.0,0.23132530120481926,0.005579128641135559,42.857142857142854,-0.047008547008547064,12425991168.0,30.929264,1.166068,0.07429,1.92,0.01,20.0
2026-03-09 11:30:00+09:00,6584,三櫻工業,6584.T,プライム,intraday_5m,697.0,0.0,0.11549566891241578,0.0030366588933106683,44.444444444444436,-0.05427408412483037,24958576640.0,9.740079,0.5470734,0.03917,3.8,0.01,20.0
2026-03-09 11:30:00+09:00,6586,マキタ,6586.T,プライム,intraday_5m,5298.0,0.0,0.032388663967611336,0.0025551524482569925,41.30434782608696,-0.07199159222280604,1400455299072.0,17.74399,1.3934559,,1.82,0.01,20.0
2026-03-09 11:25:00+09:00,6588,東芝テック,6588.T,プライム,intraday_5m,2849.0,0.0014059753954305254,0.07500000000000001,0.0034524931296285788,50.0,-0.0839228295819936,150963044352.0,,1.8600904,-0.06021,0.64,0.02,20.0
2026-03-09 11:30:00+09:00,6590,芝浦メカトロニクス,6590.T,プライム,intraday_5m,4525.0,0.0,0.026696329254727477,0.0060265158402142026,38.983050847457626,-0.1331417624521073,297019375616.0,25.723381,5.6576004,0.25579,1.11,0.01,20.0
2026-03-09 11:30:00+09:00,6592,マブチモーター,6592.T,プライム,intraday_5m,1608.0,-0.0006215040397762328,0.10245464247598719,0.002486686936280903,35.84905660377359,-0.07293168059959643,394978426880.0,15.198487,1.1817455,0.08036,3.23,0.02,20.0
2026-03-09 11:30:00+09:00,6594,ニデック,6594.T,プライム,intraday_5m,2143.0,-0.0004664179104477695,0.0543956043956044,0.0036750974639113143,54.54545454545455,-0.07108799306458602,2456541986816.0,20.415356,1.3962067,0.06313,1.73,0.01,20.0
2026-03-09 11:25:00+09:00,6615,ユー・エム・シー・エレクトロニクス,6615.T,プライム,intraday_5m,302.0,0.0033222591362125353,1.6867469879518073,0.006077128549956413,53.846153846153854,-0.05625000000000002,8498199552.0,,0.49428222,-0.117460005,3.13,0.01,20.0
2026-03-09 11:30:00+09:00,6616,トレックス・セミコンダクター,6616.T,プライム,intraday_5m,1538.0,-0.0038860103626943143,0.0,0.00845906679319333,26.984126984126974,-0.05932721712538225,16291168256.0,,0.92575705,-0.08211,3.43,0.030000000000000006,20.0
2026-03-09 11:30:00+09:00,6617,東光高岳,6617.T,プライム,intraday_5m,4820.0,-0.0010362694300518616,0.1678321678321678,0.003739460469047168,47.5,-0.09906542056074763,77371170816.0,15.72286,1.2070154,0.086160004,2.17,0.06,20.0
2026-03-09 11:30:00+09:00,6619,ダブル・スコープ,6619.T,プライム,intraday_5m,154.0,0.0,0.3131170662905501,0.005105676052701106,33.33333333333333,-0.08333333333333337,8458448384.0,,0.19596066,,,0.030000000000000006,20.0
2026-03-09 11:30:00+09:00,6620,宮越ホールディングス,6620.T,プライム,intraday_5m,654.0,0.006153846153846176,0.05853658536585366,0.003718373801315053,43.75,-0.05899280575539567,26169145344.0,113.34489,1.0498317,-0.03778,,0.0,20.0
2026-03-09 11:30:00+09:00,6622,ダイヘン,6622.T,プライム,intraday_5m,11230.0,0.0,0.1488833746898263,0.004499936448585967,37.096774193548384,-0.1348228043143297,268478152704.0,20.948757,1.7859328,,1.36,0.02,20.0
2026-03-09 11:30:00+09:00,6630,ヤーマン,6630.T,プライム,intraday_5m,675.0,0.0,0.9913043478260869,0.0016958260669213548,39.99999999999999,-0.014598540145985384,37139300352.0,,1.5231004,,1.31,0.030000000000000006,20.0
2026-03-09 11:30:00+09:00,6632,ＪＶＣケンウッド,6632.T,プライム,intraday_5m,1110.0,0.0009017132551849549,0.0,0.002302464239379878,27.58620689655173,-0.07730673316708225,159582404608.0,9.921345,1.1368862,0.1359,1.5,0.02,20.0
2026-03-09 11:30:00+09:00,6638,ミマキエンジニアリング,6638.T,プライム,intraday_5m,1657.0,0.0,0.05687203791469195,0.00275112277456397,55.55555555555556,-0.09304871373836887,47941292032.0,8.476136,1.2963208,0.16621,2.74,0.02,20.0
2026-03-09 11:30:00+09:00,6644,大崎電気工業,6644.T,プライム,intraday_5m,1528.0,-0.0013071895424836555,0.1137440758293839,0.0036944429316008013,45.33333333333333,-0.0899344848123883,68144082944.0,19.741602,1.3413664,0.03678,2.08,0.07,20.0
2026-03-09 11:30:00+09:00,6645,オムロン,6645.T,プライム,intraday_5m,4434.0,0.0,0.011417697431018078,0.0032621484433432305,48.275862068965516,-0.10024350649350644,871859027968.0,30.49938,1.0786914,0.0228,2.11,0.030000000000000006,20.0
2026-03-09 11:30:00+09:00,6651,日東工業,6651.T,プライム,intraday_5m,4265.0,0.0011737089201877549,0.0,0.002833498811426935,48.38709677419355,-0.0657174151150055,161802551296.0,15.702085,1.3757882,0.09616999,3.07,0.05,20.0
2026-03-09 11:30:00+09:00,6652,ＩＤＥＣ,6652.T,プライム,intraday_5m,2963.0,0.00202908353060538,0.0,0.002493944274409488,50.0,-0.060855784469096674,87492632576.0,38.80812,1.28179,0.0456,4.12,0.030000000000000006,20.0
2026-03-09 11:30:00+09:00,6653,正興電機製作所,6653.T,プライム,intraday_5m,2188.0,0.0013729977116705427,0.0802675585284281,0.004435164208670848,48.85496183206107,-0.08947149396587595,29593853952.0,17.212082,1.6359465,0.11987001,2.29,0.01,20.0
2026-03-09 11:30:00+09:00,6674,ジーエス・ユアサ　コーポレーション,6674.T,プライム,intraday_5m,4773.0,0.0,0.0187012987012987,0.0035811576988305878,48.484848484848484,-0.05653291164261709,478830428160.0,15.2171135,1.2983558,0.09653,1.78,0.0,20.0
2026-03-09 11:30:00+09:00,6699,ダイヤモンドエレクトリックホールディングス,6699.T,プライム,intraday_5m,605.0,0.0,0.0963855421686747,0.003094626499412868,57.14285714285714,-0.04423380726698267,5184731648.0,2.7105734,0.41037983,0.108950004,3.95,0.05555555555555555,18.0
2026-03-09 11:30:00+09:00,6701,日本電気,6701.T,プライム,intraday_5m,4371.0,0.00022883295194509046,0.09295120061967467,0.0036094687505603524,55.223880597014926,-0.016647919010123746,5827180101632.0,24.832405,2.8198798,,0.72,0.01,20.0
2026-03-09 11:30:00+09:00,6702,富士通,6702.T,プライム,intraday_5m,3670.0,0.000818107444777727,0.1272542088550716,0.003281124852422865,71.72413793103448,-0.0035297311973934153,6411774853120.0,22.544384,3.2240465,0.16861,1.36,0.02,20.0
2026-03-09 11:30:00+09:00,6703,沖電気工業,6703.T,プライム,intraday_5m,2687.0,-0.0014864362690449884,0.116254036598493,0.005540551682750236,38.62433862433863,-0.11611842105263159,233088516096.0,21.824236,1.5256305,0.122779995,3.13,0.01,20.0
2026-03-09 11:30:00+09:00,6706,電気興業,6706.T,プライム,intraday_5m,3095.0,-0.001612903225806428,0.0,0.0038129895334681496,45.83333333333333,-0.03281250000000002,26981439488.0,20.980206,0.7621264,0.0718,3.13,0.030000000000000006,20.0
2026-03-09 11:30:00+09:00,6707,サンケン電気,6707.T,プライム,intraday_5m,6799.0,0.0013254786450662692,0.2981366459627329,0.0032292043999968623,31.048387096774192,-0.10515925243485125,135916945408.0,101.690094,1.0959022,-0.026730001,,0.0,20.0
2026-03-09 11:30:00+09:00,6718,アイホン,6718.T,プライム,intraday_5m,2785.0,0.002519798416126706,0.7912087912087912,0.0017258788962277232,45.76271186440678,-0.02724414949353826,45581897728.0,16.403582,0.6667101,0.03861,5.59,-0.01,20.0
2026-03-09 11:30:00+09:00,6723,ルネサスエレクトロニクス,6723.T,プライム,intraday_5m,2304.5,0.0,0.0,0.004113477145282785,46.7005076142132,-0.11721892357785868,4169266626560.0,,1.7105087,-0.0207,1.07,0.01,20.0
2026-03-09 11:30:00+09:00,6724,セイコーエプソン,6724.T,プライム,intraday_5m,1944.5,0.0012873326467559565,0.0,0.0025216870915561267,47.286821705426355,-0.03761445186834944,623071985664.0,12.417779,0.72792023,0.05116,3.66,0.0,20.0
2026-03-09 11:30:00+09:00,6727,ワコム,6727.T,プライム,intraday_5m,756.0,0.0013245033112583293,0.2642201834862385,0.002408489790217768,47.99999999999999,-0.07579462102689483,101719900160.0,17.371323,2.8566573,0.20674999,2.93,0.06999999999999999,20.0
2026-03-09 11:30:00+09:00,6728,アルバック,6728.T,プライム,intraday_5m,8851.0,-0.001128540796749844,0.03934426229508197,0.0042129791096443886,40.67796610169491,-0.0971131286340916,435852345344.0,26.09529,1.9278928,0.060089998,1.67,0.01,20.0
2026-03-09 11:30:00+09:00,6737,ＥＩＺＯ,6737.T,プライム,intraday_5m,2167.0,0.0009237875288683473,0.33466135458167334,0.0016215052549393505,41.66666666666667,-0.023433979269941396,85669838848.0,20.387619,0.6373865,0.03829,4.96,-0.01,20.0
2026-03-09 11:30:00+09:00,6740,ジャパンディスプレイ,6740.T,プライム,intraday_5m,49.0,0.02083333333333326,0.0,0.0395136952906721,46.666666666666664,0.8148148148148149,190139285504.0,,-50.25641,-2.82803,,0.0,20.0
2026-03-09 11:30:00+09:00,6741,日本信号,6741.T,プライム,intraday_5m,1654.0,0.0,0.0,0.003958417572227788,45.67901234567901,-0.07546115148127441,103161544704.0,12.477369,0.96193326,,2.79,0.04,20.0
2026-03-09 11:30:00+09:00,6742,京三製作所,6742.T,プライム,intraday_5m,658.0,0.0,0.0,0.002973893191216325,52.17391304347826,-0.07972027972027973,41168252928.0,8.624984,0.79788816,0.09708,3.22,-0.01,20.0
2026-03-09 11:30:00+09:00,6744,能美防災,6744.T,プライム,intraday_5m,4340.0,0.0011534025374855261,0.11650485436893203,0.002220553515373535,39.130434782608695,-0.04194260485651213,255465553920.0,24.011065,1.9618293,0.087840006,2.21,0.02,20.0
2026-03-09 11:30:00+09:00,6745,ホーチキ,6745.T,プライム,intraday_5m,5880.0,0.0,0.25396825396825395,0.003632957339436258,20.0,-0.11976047904191611,146226151424.0,17.430487,2.2722504,0.1389,1.2,0.030000000000000006,20.0
2026-03-09 11:30:00+09:00,6750,エレコム,6750.T,プライム,intraday_5m,1692.0,0.0,0.0,0.0028598484256323943,51.78571428571429,-0.03203661327231122,138024501248.0,12.769812,1.3223771,0.19886999,2.97,0.030000000000000006,20.0
2026-03-09 11:30:00+09:00,6752,パナソニック　ホールディングス,6752.T,プライム,intraday_5m,2363.5,-0.0006342494714587366,0.03417884780739467,0.003437723876934052,65.60846560846561,-0.05384307445956771,5518004846592.0,17.265688,1.0977823,0.04152,1.6,-0.01,20.0
2026-03-09 11:30:00+09:00,6753,シャープ,6753.T,プライム,intraday_5m,594.5999755859375,-0.00033626800796249245,0.3088057901085645,0.0020807518923559422,45.51714848551176,-0.030490808053535767,386073329664.0,6.5861764,1.4963083,,,0.01,20.0
2026-03-09 11:30:00+09:00,6754,アンリツ,6754.T,プライム,intraday_5m,2643.0,0.0,0.04802134281903068,0.0035364818826659197,39.55223880597015,-0.10300356354997453,338284707840.0,31.808884,2.6439016,0.08383001,1.36,0.0,20.0
2026-03-09 11:30:00+09:00,6758,ソニーグループ,6758.T,プライム,intraday_5m,3270.0,-0.0003057169061448928,0.040184816243482684,0.0029741280161841416,42.201834862385326,-0.05845090699683275,19500126699520.0,15.824622,2.3907092,0.14917,0.72,0.05,20.0
2026-03-09 11:30:00+09:00,6762,ＴＤＫ,6762.T,プライム,intraday_5m,2025.5,0.0004939491232403004,0.0643804828536214,0.004169223290093078,53.53535353535354,-0.09495084897229666,3844300341248.0,22.292538,1.8360775,0.09519,1.52,0.0,20.0
2026-03-09 11:30:00+09:00,6763,帝国通信工業,6763.T,プライム,intraday_5m,2687.0,-0.005183265457238018,1.0212765957446808,0.007971718869151507,38.94736842105262,-0.049186128803963225,24820979712.0,14.450121,0.9015741,0.05923,3.54,0.042105263157894736,19.0
2026-03-09 11:30:00+09:00,6768,タムラ製作所,6768.T,プライム,intraday_5m,639.0,-0.0015625000000000222,0.32684824902723736,0.0025435674822459143,25.0,-0.11740331491712708,50847858688.0,24.250475,0.8315949,0.026500002,2.21,-0.01,20.0
2026-03-09 11:30:00+09:00,6770,アルプスアルパイン,6770.T,プライム,intraday_5m,1992.5,-0.0005016302984700571,0.04088586030664395,0.0032026009439261767,49.664429530201346,-0.06696324045890889,388766695424.0,8.155955,0.88797957,0.12336001,2.9,0.02,20.0
2026-03-09 11:30:00+09:00,6779,日本電波工業,6779.T,プライム,intraday_5m,1163.0,0.000860585197934638,0.17988757026858215,0.004648682667619343,38.02816901408451,-0.13787991104521868,26762340352.0,22.569378,0.86651367,0.029289998,2.22,0.01,20.0
2026-03-09 11:25:00+09:00,6785,鈴木,6785.T,プライム,intraday_5m,2685.0,0.000745434215430496,0.27692307692307694,0.0029817750292296455,51.11111111111111,-0.08267851042022545,38554673152.0,12.247412,1.304992,0.124630004,3.42,0.04,20.0
2026-03-09 11:30:00+09:00,6787,メイコー,6787.T,プライム,intraday_5m,21560.0,0.0,0.00964630225080386,0.005613144769405044,40.90909090909091,-0.14137793707686186,553257861120.0,30.77494,4.332628,0.1357,0.46,0.0,20.0
2026-03-09 11:20:00+09:00,6788,日本トリム,6788.T,プライム,intraday_5m,4835.0,0.002072538860103723,1.3333333333333333,0.007014807920026359,54.285714285714285,-0.022244691607684497,35911479296.0,18.073416,1.5470856,0.08671,2.63,0.0,20.0
2026-03-09 11:30:00+09:00,6794,フォスター電機,6794.T,プライム,intraday_5m,2942.0,-0.0006793478260869179,0.019543973941368076,0.0026977146378428718,64.70588235294117,-0.035409836065573796,66100289536.0,15.78665,1.0249535,0.07998,2.95,0.06,20.0
2026-03-09 11:30:00+09:00,6798,ＳＭＫ,6798.T,プライム,intraday_5m,2900.0,-0.007529089664613298,1.7142857142857142,0.01401877326604544,32.45614035087719,-0.0894819466248038,18354184192.0,,0.6021516,-0.05842,3.14,0.01,20.0
2026-03-09 11:30:00+09:00,6800,ヨコオ,6800.T,プライム,intraday_5m,2897.0,-0.002753872633390664,0.059113300492610835,0.0031523978419550967,26.16822429906543,-0.11541984732824428,67530821632.0,22.623974,1.214533,0.037520003,1.65,0.04,20.0
2026-03-09 11:30:00+09:00,6804,ホシデン,6804.T,プライム,intraday_5m,2718.0,0.0007363770250368162,0.0,0.00240897087352721,55.55555555555556,-0.04665029814100319,133814976512.0,38.756596,0.9137461,0.111049995,1.75,0.04,20.0
2026-03-09 11:25:00+09:00,6806,ヒロセ電機,6806.T,プライム,intraday_5m,20160.0,0.0009930486593843213,1.872340425531915,0.00200720195070077,46.55172413793104,-0.06709856547894488,659833749504.0,21.950502,1.7633188,0.08031999,2.27,0.01,20.0
2026-03-09 11:30:00+09:00,6807,日本航空電子工業,6807.T,プライム,intraday_5m,2298.0,0.0004353504571179556,0.09917355371900827,0.0022561558510600225,40.625,-0.07710843373493981,154911309824.0,19.186775,1.108801,0.054330003,2.41,0.0,20.0
2026-03-09 11:25:00+09:00,6809,ＴＯＡ,6809.T,プライム,intraday_5m,1696.0,0.0023640661938533203,0.47368421052631576,0.00251686433902479,54.34782608695652,-0.04879416713404372,58844389376.0,16.687986,1.0534822,0.07002,5.05,0.02,20.0
2026-03-09 11:30:00+09:00,6810,マクセル,6810.T,プライム,intraday_5m,1920.0,-0.0025974025974025983,0.0339943342776204,0.0022319705771735674,34.375,-0.08089995213020584,82801139712.0,20.607492,0.8323915,0.05386,2.39,0.030000000000000006,20.0
2026-03-09 11:30:00+09:00,6814,古野電気,6814.T,プライム,intraday_5m,6210.0,0.0,0.0,0.003333693493433824,41.379310344827594,-0.10130246020260492,196291641344.0,11.840526,2.3931005,0.21597,2.17,0.01,20.0
2026-03-09 11:30:00+09:00,6817,スミダコーポレーション,6817.T,プライム,intraday_5m,1095.0,0.0,0.03980099502487562,0.0028923685446255315,47.22222222222222,-0.06887755102040816,36201320448.0,10.033905,0.58383465,0.056750003,4.51,0.030000000000000006,20.0
2026-03-09 11:30:00+09:00,6820,アイコム,6820.T,プライム,intraday_5m,3005.0,0.0,4.032786885245902,0.0024437519424193206,50.0,-0.029079159935379684,43128647680.0,18.493444,0.62255174,0.030569999,1.94,-0.020000000000000004,20.0
2026-03-09 11:30:00+09:00,6823,リオン,6823.T,プライム,intraday_5m,2791.0,-0.0007160759040458764,0.0,0.0028792890759992995,43.13725490196078,-0.0593191776204921,34413916160.0,11.040785,1.0405626,0.093660004,2.86,0.02,20.0
2026-03-09 11:30:00+09:00,6841,横河電機,6841.T,プライム,intraday_5m,5165.0,0.0,0.0,0.003608529791616026,40.7563025210084,-0.08954697690816149,1315159146496.0,23.40493,2.6027298,0.12224,1.37,0.0,20.0
2026-03-09 11:30:00+09:00,6844,新電元工業,6844.T,プライム,intraday_5m,3285.0,0.0,0.09523809523809523,0.002968103439055142,50.0,-0.09876543209876543,33905053696.0,31.291674,0.48588708,0.05584,1.78,0.030000000000000006,20.0
2026-03-09 11:30:00+09:00,6845,アズビル,6845.T,プライム,intraday_5m,1356.5,0.0,0.08191126279863482,0.0020300074362098928,38.02816901408451,-0.050070028011204526,688136912896.0,16.23773,2.9149728,0.14881,1.82,0.01,20.0
2026-03-09 11:25:00+09:00,6849,日本光電工業,6849.T,プライム,intraday_5m,1486.5,0.0010101010101009056,0.6097794822627037,0.0020821260481349822,34.40860215053765,-0.057088487155090406,241393074176.0,13.528395,1.3991299,0.07095,2.03,0.01,20.0
2026-03-09 11:30:00+09:00,6850,チノー,6850.T,プライム,intraday_5m,1577.0,0.0,0.0,0.004147393790880835,60.49382716049383,-0.07289829512051738,26585290752.0,14.693003,1.1952602,0.09031,2.5,0.04,20.0
2026-03-09 11:30:00+09:00,6856,堀場製作所,6856.T,プライム,intraday_5m,18140.0,0.0,0.03715170278637771,0.003975837510576151,52.70935960591133,-0.08545500378119486,761809207296.0,20.64437,2.1853306,0.11189,1.51,0.030000000000000006,20.0
2026-03-09 11:30:00+09:00,6857,アドバンテスト,6857.T,プライム,intraday_5m,22410.0,-0.000446030330062408,0.09174412848578185,0.004871182613547764,37.16814159292036,-0.1283547257876313,16278317170688.0,63.162346,24.135443,0.49263,0.19,0.01,20.0
2026-03-09 11:25:00+09:00,6859,エスペック,6859.T,プライム,intraday_5m,3320.0,0.004538577912254205,0.47058823529411764,0.0030895273166771683,48.14814814814815,-0.07777777777777772,71585464320.0,13.269384,1.212525,0.095240004,3.19,0.02,20.0
2026-03-09 11:30:00+09:00,6861,キーエンス,6861.T,プライム,intraday_5m,57320.0,0.00017448961786770134,0.353393085787452,0.002468018060897942,36.36363636363636,-0.07174089068825906,13901544554496.0,34.002064,4.1678896,,0.89,0.01,20.0
2026-03-09 11:25:00+09:00,6866,日置電機,6866.T,プライム,intraday_5m,7240.0,0.0,0.10169491525423728,0.0019515285775060754,35.71428571428572,-0.05851755526657998,97698332672.0,17.967045,2.2299545,,2.6,0.03529411764705883,17.0
2026-03-09 11:30:00+09:00,6869,シスメックス,6869.T,プライム,intraday_5m,1518.0,0.0006591957811470373,0.07172207695181174,0.0022577877922651144,58.82352941176471,-0.014925373134328401,945987256320.0,20.26973,1.888795,0.09243,2.34,0.030000000000000006,20.0
2026-03-09 11:30:00+09:00,6871,日本マイクロニクス,6871.T,プライム,intraday_5m,9870.0,0.0010141987829614951,0.04395604395604396,0.00599849905085616,41.66666666666667,-0.12422360248447206,382602936320.0,31.731234,5.7924504,0.10159001,0.84,0.01,20.0
2026-03-09 11:25:00+09:00,6875,メガチップス,6875.T,プライム,intraday_5m,8380.0,0.0011947431302270495,0.38095238095238093,0.0032348547569519344,41.17647058823529,-0.04772727272727273,129834598400.0,52.90404,0.6876539,0.075840004,2.84,-0.01,20.0
2026-03-09 11:30:00+09:00,6902,デンソー,6902.T,プライム,intraday_5m,1948.5,0.0002566735112936591,0.0,0.0020423224642803217,33.33333333333333,-0.042035398230088505,5240343494656.0,15.326831,0.99164593,0.07893,3.15,0.01,20.0
2026-03-09 11:30:00+09:00,6905,コーセル,6905.T,プライム,intraday_5m,1223.0,0.0,0.03488372093023256,0.002289883245704097,35.0,-0.06712433257055683,50307076096.0,,0.9056019,-0.00699,4.2,-0.020000000000000004,20.0
2026-03-09 11:25:00+09:00,6908,イリソ電子工業,6908.T,プライム,intraday_5m,3355.0,0.0014925373134329067,0.16744186046511628,0.0030413268249362526,50.0,-0.06545961002785516,71630938112.0,19.883839,0.9462205,0.042480003,3.06,0.02,20.0
2026-03-09 11:30:00+09:00,6914,オプテックスグループ,6914.T,プライム,intraday_5m,2670.0,0.0,0.056338028169014086,0.0026634956392751906,41.66666666666667,-0.101010101010101,95107162112.0,15.553096,1.6946162,0.124239996,2.19,0.01,20.0
2026-03-09 11:30:00+09:00,6920,レーザーテック,6920.T,プライム,intraday_5m,29090.0,0.000171909919202351,0.0,0.003976993631554363,34.0,-0.1266886820774542,2621376299008.0,30.968552,11.559375,0.42963,0.99,0.01,20.0
2026-03-09 11:30:00+09:00,6923,スタンレー電気,6923.T,プライム,intraday_5m,2857.0,0.0,0.026845637583892617,0.0016168661964333915,42.05607476635514,-0.041918175720992656,351135760384.0,14.006962,0.79950345,0.07508,3.42,-0.01,20.0
2026-03-09 11:25:00+09:00,6925,ウシオ電機,6925.T,プライム,intraday_5m,2720.0,0.002210759027265974,0.3238095238095238,0.002679059510284434,44.25287356321839,-0.07796610169491525,219868626944.0,54.237286,1.1210088,0.02424,2.37,0.02,20.0
2026-03-09 11:30:00+09:00,6929,日本セラミック,6929.T,プライム,intraday_5m,3525.0,0.0,0.175609756097561,0.0023304581484753697,42.10526315789474,-0.05622489959839361,74445750272.0,10.860523,1.5697665,0.13819,4.42,0.02,20.0
2026-03-09 10:55:00+09:00,6941,山一電機,6941.T,プライム,intraday_5m,7610.0,-0.001312335958005284,0.30414746543778803,0.02210367140075879,28.070175438596493,-0.16465422612513725,140004048896.0,24.497023,3.1789317,0.18048,2.13,0.01,20.0
2026-03-09 11:30:00+09:00,6947,図研,6947.T,プライム,intraday_5m,4450.0,0.0,0.13636363636363635,0.002007828151255336,35.294117647058826,-0.037837837837837784,93787471872.0,17.029581,2.3920166,0.15471,2.16,0.04,20.0
2026-03-09 11:25:00+09:00,6951,日本電子,6951.T,プライム,intraday_5m,5817.0,0.003103983445421621,0.6341463414634146,0.0032293805249207614,44.444444444444436,-0.09151960018741212,297725558784.0,16.88632,1.9843382,0.111949995,1.66,0.0,20.0
2026-03-09 11:30:00+09:00,6952,カシオ計算機,6952.T,プライム,intraday_5m,1345.0,0.0018621973929235924,0.2850650692005784,0.002441662188117244,30.0,-0.03825527350732927,306722373632.0,38.166855,1.3250697,0.08479,3.22,0.0,20.0
2026-03-09 11:30:00+09:00,6954,ファナック,6954.T,プライム,intraday_5m,5707.0,0.000175254118471857,0.027842227378190254,0.0035347629467685168,46.8503937007874,-0.09182049649904522,5325540294656.0,33.887535,2.9664228,0.093660004,1.63,0.0,20.0
2026-03-09 11:30:00+09:00,6958,日本シイエムケイ,6958.T,プライム,intraday_5m,527.0,0.0,0.23162583518930957,0.003886326616112522,44.444444444444436,-0.09914529914529913,37571567616.0,13.967665,0.48822287,0.03056,3.42,0.02,20.0
2026-03-09 11:30:00+09:00,6961,エンプラス,6961.T,プライム,intraday_5m,13230.0,-0.002262443438914019,0.08362369337979095,0.006266883919513899,45.45454545454546,-0.1502890173410405,117355380736.0,28.803448,1.9668981,0.08602,0.58,0.01,20.0
2026-03-09 11:30:00+09:00,6962,大真空,6962.T,プライム,intraday_5m,597.0,0.0,0.28614008941877794,0.0030620038839129136,31.818181818181827,-0.08715596330275233,18987194368.0,41.865356,0.49696702,0.01051,4.28,0.01,20.0
2026-03-09 11:30:00+09:00,6963,ローム,6963.T,プライム,intraday_5m,3415.0,0.0008792497069167737,0.08251878775971315,0.0043017769083735355,48.275862068965516,0.05303731113166821,1318310510592.0,,1.4244158,,1.54,0.0,20.0
2026-03-09 11:30:00+09:00,6965,浜松ホトニクス,6965.T,プライム,intraday_5m,1901.0,0.000526315789473708,0.10120383595184657,0.004108416196241005,41.41414141414141,-0.10414703110273327,556741165056.0,40.17329,1.7567677,0.04124,1.79,0.02,20.0
2026-03-09 11:30:00+09:00,6966,三井ハイテック,6966.T,プライム,intraday_5m,708.0,0.0,0.07203601800900451,0.0030663449810408496,42.30769230769231,-0.08997429305912596,129386758144.0,13.871473,1.1386865,,2.31,-0.01,20.0
2026-03-09 11:30:00+09:00,6971,京セラ,6971.T,プライム,intraday_5m,2484.5,0.0004026575397624299,0.04226454474302113,0.0026147592629680075,40.993788819875775,-0.05925785687239682,3322925285376.0,79.733635,0.9996838,0.03185,1.89,0.01,20.0
2026-03-09 11:30:00+09:00,6976,太陽誘電,6976.T,プライム,intraday_5m,3838.0,-0.0010411244143675447,0.05172413793103448,0.005161536455408783,45.291479820627806,-0.11260115606936416,479944179712.0,124.97558,1.4157184,0.020130001,2.08,0.0,20.0
2026-03-09 11:30:00+09:00,6981,村田製作所,6981.T,プライム,intraday_5m,3379.0,-0.0008870490833826628,0.03659108678655199,0.0036675875054968873,49.64028776978417,-0.10679355009251912,6150780616704.0,32.71689,2.3526268,0.07253,1.59,0.01,20.0
2026-03-09 11:30:00+09:00,6986,双葉電子工業,6986.T,プライム,intraday_5m,643.0,0.0,0.05955334987593052,0.0030862869711144776,46.15384615384615,-0.06811594202898552,27273146368.0,97.12991,0.3328049,0.0011,1.45,0.0,20.0
2026-03-09 11:30:00+09:00,6988,日東電工,6988.T,プライム,intraday_5m,3088.0,0.0,0.023466666666666667,0.002791733024208549,47.107438016528924,-0.07406296851574212,2080261144576.0,16.866022,1.8849382,0.12399,1.8,0.0,20.0
2026-03-09 11:30:00+09:00,6995,東海理化電機製作所,6995.T,プライム,intraday_5m,2973.0,0.0003364737550470842,0.15584415584415584,0.0023762783136577733,46.51162790697675,-0.05318471337579622,253028302848.0,7.0816064,0.73530084,0.094,3.18,0.04,20.0
2026-03-09 11:30:00+09:00,6996,ニチコン,6996.T,プライム,intraday_5m,1786.0,0.0,0.10714285714285714,0.0036832597001651693,53.48837209302325,-0.09063136456211818,119946018816.0,35.109104,1.04037,0.02775,1.83,-0.01,20.0
2026-03-09 11:25:00+09:00,6997,日本ケミコン,6997.T,プライム,intraday_5m,1492.0,0.0026881720430107503,0.6201117318435754,0.0039005449579133417,43.75,-0.11611374407582942,33313525760.0,267.86356,0.5787688,0.023340002,1.18,0.02,20.0
2026-03-09 11:30:00+09:00,6999,ＫＯＡ,6999.T,プライム,intraday_5m,1608.0,0.0,0.07010710808179162,0.003807405693402697,43.20987654320988,-0.1145374449339207,59719163904.0,30.0168,0.70353025,,1.65,0.05,20.0
2026-03-09 11:30:00+09:00,7003,三井Ｅ＆Ｓ,7003.T,プライム,intraday_5m,5987.0,-0.00033394556687260657,0.18711423930698431,0.004757176626253158,41.83381088825215,-0.12470760233918132,604065169408.0,24.866055,2.9537003,0.15937,0.73,0.02,20.0
2026-03-09 11:30:00+09:00,7004,カナデビア,7004.T,プライム,intraday_5m,946.0,-0.001055966209081327,0.06693227091633466,0.0025347141302358676,48.484848484848484,-0.06243805748265607,159159648256.0,8.980445,0.90097386,0.058080003,2.48,-0.01,20.0
2026-03-09 11:30:00+09:00,7011,三菱重工業,7011.T,プライム,intraday_5m,4424.0,0.0004522840343736956,0.05509468166860431,0.003459255228863158,44.91017964071856,-0.07078344885528254,14865152344064.0,54.342216,5.6031137,,0.5,0.01,20.0
2026-03-09 11:30:00+09:00,7012,川崎重工業,7012.T,プライム,intraday_5m,15245.0,0.0,0.11482433590402742,0.0046671197971942975,53.672316384180796,-0.0670134638922889,2548495548416.0,26.430305,3.1552675,,1.11,0.01,20.0
2026-03-09 11:30:00+09:00,7013,ＩＨＩ,7013.T,プライム,intraday_5m,3630.0,0.0,0.063908613769682,0.00409611249571182,55.55555555555556,-0.04849279161205766,3848352825344.0,29.7346,6.8270426,0.23552,0.52,0.01,20.0
2026-03-09 11:25:00+09:00,7033,マネジメントソリューションズ,7033.T,プライム,intraday_5m,1417.0,0.002830856334041121,0.16216216216216217,0.0024234577320000257,60.46511627906977,-0.033424283765347895,22277787648.0,14.469519,3.764362,0.31179002,3.41,0.030000000000000006,20.0
2026-03-09 11:30:00+09:00,7034,プロレド・パートナーズ,7034.T,プライム,intraday_5m,447.0,0.0,0.11538461538461539,0.007597028306145474,45.833333333333336,-0.046908315565031944,4886422528.0,23.713528,0.7084106,0.40367,,0.030000000000000006,20.0
2026-03-09 11:30:00+09:00,7038,フロンティア・マネジメント,7038.T,プライム,intraday_5m,534.0,0.0,0.0,0.002859232168445862,27.272727272727266,-0.037837837837837784,6286344192.0,,3.5994985,-0.11184,,0.044444444444444446,18.0
2026-03-09 11:30:00+09:00,7059,コプロ・ホールディングス,7059.T,プライム,intraday_5m,918.0,0.0021834061135370675,7.350993377483444,0.0024026759430559714,34.48275862068965,-0.047717842323651505,35115741184.0,17.96829,4.043999,0.23986,5.19,0.030000000000000006,20.0
2026-03-09 11:30:00+09:00,7071,アンビスホールディングス,7071.T,プライム,intraday_5m,472.0,-0.00421940928270037,0.0712166172106825,0.0028470010379515356,33.33333333333333,-0.05600000000000005,46035972096.0,12.586667,1.249818,0.09616,0.8,0.01,20.0
2026-03-09 11:25:00+09:00,7085,カーブスホールディングス,7085.T,プライム,intraday_5m,802.0,0.0012484394506866447,0.5547445255474452,0.0020922485811366355,53.33333333333333,-0.03256936067551264,73833144320.0,17.151413,3.5425122,0.22358,2.41,0.030000000000000006,20.0
2026-03-09 11:05:00+09:00,7088,フォーラムエンジニアリング,7088.T,プライム,intraday_5m,1698.0,0.0005892751915144157,2.360655737704918,0.0007038627020215804,50.0,0.0,89468534784.0,28.408901,6.4830937,0.21826,3.12,0.022222222222222223,18.0
2026-03-09 11:25:00+09:00,7092,Ｆａｓｔ　Ｆｉｔｎｅｓｓ　Ｊａｐａｎ,7092.T,プライム,intraday_5m,2303.0,0.0004344048653344146,0.0,0.00027800738738436144,,0.0004344048653344146,43191869440.0,18.664398,2.8727174,0.17665,1.95,0.04,20.0
2026-03-09 11:30:00+09:00,7095,Ｍａｃｂｅｅ　Ｐｌａｎｅｔ,7095.T,プライム,intraday_5m,1354.0,0.0,0.10714285714285714,0.00277816226657751,48.78048780487806,-0.042432814710042455,18865741824.0,6.733973,1.4345485,0.2743,3.89,0.030000000000000006,20.0
2026-03-09 11:30:00+09:00,7102,日本車輌製造,7102.T,プライム,intraday_5m,3595.0,-0.00277392510402219,0.3116883116883117,0.0031637599480621743,44.44444444444444,-0.07345360824742264,51874373632.0,5.6052766,0.7068904,0.16147,1.03,0.05,20.0
2026-03-09 11:30:00+09:00,7128,ユニソルホールディングス,7128.T,プライム,intraday_5m,2196.0,0.0004555808656037108,0.0,0.0015603725153357931,40.54054054054053,-0.02917771883289122,52806324224.0,27.501566,0.7264425,0.027409999,4.47,0.022222222222222223,18.0
2026-03-09 11:30:00+09:00,7130,ヤマエグループホールディングス,7130.T,プライム,intraday_5m,2732.0,-0.000731528895391409,0.0502092050209205,0.0029741062237930516,45.833333333333336,-0.048415186346220884,75747966976.0,9.912198,0.78195775,0.10443,2.44,0.030000000000000006,20.0
2026-03-09 11:30:00+09:00,7148,ＦＰＧ,7148.T,プライム,intraday_5m,1975.0,0.0010136847440445074,0.22437137330754353,0.002460786583787624,58.62068965517242,-0.01985111662531014,165373313024.0,9.134637,2.9585001,0.31698,6.22,0.01,20.0
2026-03-09 11:30:00+09:00,7157,ライフネット生命保険,7157.T,プライム,intraday_5m,2123.0,0.0023607176581681433,0.0718562874251497,0.0027674501938554103,31.395348837209312,-0.03543843707405725,170562502656.0,23.298946,1.7514261,0.075890005,,0.01,20.0
2026-03-09 11:30:00+09:00,7164,全国保証,7164.T,プライム,intraday_5m,3110.0,0.0003216468317785992,0.0,0.0011733501676041106,65.71428571428572,-0.010814249363867656,413189799936.0,13.2957115,1.7885765,0.13933,3.66,0.02,20.0
2026-03-09 11:30:00+09:00,7167,めぶきフィナンシャルグループ,7167.T,プライム,intraday_5m,1144.0,0.0,0.015873015873015872,0.002319616185326268,38.46153846153846,-0.08880923934687379,1073704665088.0,15.76409,1.0158614,0.07261,2.55,0.05,20.0
2026-03-09 11:30:00+09:00,7172,ジャパンインベストメントアドバイザー,7172.T,プライム,intraday_5m,1891.0,0.0015889830508475367,0.0,0.0026333735055758954,50.79365079365079,-0.05260521042084165,114497650688.0,10.864694,1.557889,0.14528,5.41,0.030000000000000006,20.0
2026-03-09 11:30:00+09:00,7173,東京きらぼしフィナンシャルグループ,7173.T,プライム,intraday_5m,10530.0,-0.000948766603415585,0.0,0.004024083059758127,50.0,-0.0714285714285714,318965383168.0,11.694802,0.7858859,0.09907,1.5,0.03529411764705883,17.0
2026-03-09 11:30:00+09:00,7180,九州フィナンシャルグループ,7180.T,プライム,intraday_5m,1126.0,0.0,0.03858520900321544,0.002863687692219069,43.24324324324324,-0.0856678846934632,480876036096.0,13.328598,0.6346816,0.05503,2.11,0.030000000000000006,20.0
2026-03-09 11:30:00+09:00,7181,かんぽ生命保険,7181.T,プライム,intraday_5m,4483.0,0.0006696428571428825,0.0,0.002481636387784207,44.370860927152314,-0.05401983540831401,1628858875904.0,10.910994,0.3960927,0.04137,2.62,0.01,20.0
2026-03-09 11:30:00+09:00,7182,ゆうちょ銀行,7182.T,プライム,intraday_5m,2636.0,-0.0001896453631708983,0.0,0.0024440742804251398,47.972972972972975,-0.0660761736049601,9396878835712.0,21.922821,1.0053478,0.05311,2.48,0.030000000000000006,20.0
2026-03-09 11:30:00+09:00,7184,富山第一銀行,7184.T,プライム,intraday_5m,2212.0,0.0004522840343736956,0.015727391874180867,0.00395993013988311,55.55555555555556,-0.07910074937552036,139026153472.0,13.786226,0.71936154,0.05836,4.16,0.04,20.0
2026-03-09 11:30:00+09:00,7186,横浜フィナンシャルグループ,7186.T,プライム,intraday_5m,1414.5,0.0,0.058191018342821,0.0026053472722917595,38.29787234042553,-0.08416963418582069,1587037470720.0,17.279501,1.148245,,2.4,0.030000000000000006,20.0
2026-03-09 11:30:00+09:00,7187,ジェイリース,7187.T,プライム,intraday_5m,1295.0,0.0,0.07228915662650603,0.0023059251548769176,41.935483870967744,-0.047794117647058876,23221649408.0,9.898341,3.4009407,0.39005002,3.68,0.04,20.0
2026-03-09 11:30:00+09:00,7189,西日本フィナンシャルホールディングス,7189.T,プライム,intraday_5m,3761.0,-0.0010624169986719334,0.04428044280442804,0.0031535501249153135,41.04477611940298,-0.08735743751516623,523845926912.0,14.649062,0.87977844,0.07019,2.67,0.02,20.0
2026-03-09 11:25:00+09:00,7198,ＳＢＩアルヒ,7198.T,プライム,intraday_5m,844.0,0.0011862396204034287,1.080568720379147,0.0023000427038878304,47.368421052631575,-0.034324942791762014,37485592576.0,20.67614,0.89292616,0.04859,4.58,0.02,20.0
2026-03-09 11:30:00+09:00,7199,プレミアグループ,7199.T,プライム,intraday_5m,1833.0,0.002186987424822373,0.5058548009367682,0.002177332607155589,50.0,-0.02603613177470776,71565025280.0,15.658637,3.04345,0.21893999,2.87,0.01,20.0
2026-03-09 11:30:00+09:00,7201,日産自動車,7201.T,プライム,intraday_5m,361.20001220703125,0.0,0.09510257322423811,0.0022146437229338604,33.73496633857037,-0.06424867303877912,1262660878336.0,,0.25792134,-0.15938,,0.0,20.0
2026-03-09 11:30:00+09:00,7202,いすゞ自動車,7202.T,プライム,intraday_5m,2444.5,-0.0004089143324473854,0.044178554993097106,0.0025613269003443725,41.66666666666667,-0.06627196333078689,1679953625088.0,13.262981,1.1554248,0.10573,3.51,0.02,20.0
2026-03-09 11:30:00+09:00,7203,トヨタ自動車,7203.T,プライム,intraday_5m,3334.0,-0.0005995203836930418,0.074408402581516,0.0024949002785223037,45.63106796116505,-0.051493598862019874,43453308207104.0,11.739023,1.1149111,0.10032,2.7,-0.01,20.0
2026-03-09 11:30:00+09:00,7205,日野自動車,7205.T,プライム,intraday_5m,396.0,0.0,0.033421011913971836,0.0028381104455608105,36.36363636363636,-0.04347826086956519,227321659392.0,9.333019,1.0561606,0.35362998,,0.01,20.0
2026-03-09 11:30:00+09:00,7211,三菱自動車工業,7211.T,プライム,intraday_5m,357.20001220703125,0.0005602582830006586,0.07296778323021122,0.0022476750957607806,35.365967123063356,-0.062221008320346605,478059659264.0,140.07845,0.5360152,0.010620001,2.63,0.02,20.0
2026-03-09 11:30:00+09:00,7220,武蔵精密工業,7220.T,プライム,intraday_5m,2490.0,-0.0008025682182986049,0.014354066985645933,0.005543403816886253,46.89265536723163,-0.12200282087447112,163203153920.0,17.845625,1.3750653,0.02394,1.41,0.0,20.0
2026-03-09 11:30:00+09:00,7224,新明和工業,7224.T,プライム,intraday_5m,2300.0,0.0,0.06196213425129087,0.002983608232812129,38.144329896907216,-0.09018987341772156,152130961408.0,17.734598,1.2959287,0.092159994,2.14,0.030000000000000006,20.0
2026-03-09 11:30:00+09:00,7226,極東開発工業,7226.T,プライム,intraday_5m,3005.0,0.0,0.0,0.001989897098640671,40.25974025974026,-0.06240249609984394,115522813952.0,91.03303,1.0519484,0.02352,4.37,0.04,20.0
2026-03-09 11:30:00+09:00,7231,トピー工業,7231.T,プライム,intraday_5m,3170.0,0.0,0.0,0.0021455293163967393,50.0,-0.06627393225331368,69911953408.0,11.276725,0.49119863,0.07455,3.83,0.04,20.0
2026-03-09 11:30:00+09:00,7236,ティラド,7236.T,プライム,intraday_5m,8870.0,0.0,0.0,0.003673168727617642,40.74074074074074,-0.09025641025641029,50687410176.0,7.313051,1.042682,0.21312,3.28,0.030000000000000006,20.0
2026-03-09 11:30:00+09:00,7238,曙ブレーキ工業,7238.T,プライム,intraday_5m,122.0,-0.008130081300813052,0.7446246699358732,0.005983915315353352,39.99999999999999,-0.09629629629629632,33114505216.0,,0.6851623,0.00459,,0.04,20.0
2026-03-09 11:25:00+09:00,7239,タチエス,7239.T,プライム,intraday_5m,2104.0,0.0019047619047618536,0.5023255813953488,0.0018055230963949216,55.55555555555556,-0.043636363636363584,72203657216.0,5.7233014,0.7395111,0.11885,4.72,0.05,20.0
2026-03-09 11:30:00+09:00,7240,ＮＯＫ,7240.T,プライム,intraday_5m,2922.5,0.0,0.0,0.0021924112715299357,40.93567251461988,-0.061797752808988804,478100520960.0,15.901301,0.7673452,,4.17,0.0,20.0
2026-03-09 11:30:00+09:00,7241,フタバ産業,7241.T,プライム,intraday_5m,1002.0,-0.0019920318725099584,0.3371900826446281,0.0024642144536465914,46.666666666666664,-0.06355140186915886,89269125120.0,8.143031,0.68291396,0.11553001,3.74,0.04,20.0
2026-03-09 11:30:00+09:00,7242,カヤバ,7242.T,プライム,intraday_5m,4385.0,0.0,0.22085889570552147,0.0020226661896541377,45.45454545454546,-0.06303418803418803,186054508544.0,7.9268956,0.81701535,0.13303,3.21,0.04,20.0
2026-03-09 11:30:00+09:00,7244,市光工業,7244.T,プライム,intraday_5m,485.0,0.0,0.0,0.004601231372605521,50.0,-0.08317580340264652,46681051136.0,7.520546,0.5901054,0.08394,3.4,0.03157894736842106,19.0
2026-03-09 11:30:00+09:00,7245,大同メタル工業,7245.T,プライム,intraday_5m,979.0,0.0,0.0,0.0025392645466108216,39.285714285714285,-0.10756608933454881,45881262080.0,11.883953,0.60221064,0.05768,2.92,0.02,20.0
2026-03-09 11:30:00+09:00,7246,プレス工業,7246.T,プライム,intraday_5m,835.0,0.0,0.0,0.0027745947680319705,45.16129032258065,-0.07530454042081947,82887720960.0,13.699754,0.70846283,0.07199,4.21,0.02,20.0
2026-03-09 11:30:00+09:00,7250,太平洋工業,7250.T,プライム,intraday_5m,3020.0,0.0,0.2553191489361702,0.0009566707499435096,60.0,0.0016583747927032544,172776587264.0,13.179715,0.9279981,0.08808,2.12,0.04,20.0
2026-03-09 11:30:00+09:00,7259,アイシン,7259.T,プライム,intraday_5m,2355.0,-0.0002122691572914448,0.07720144752714113,0.002847818900033205,44.623655913978496,-0.05931695626123423,1706370138112.0,10.665278,0.80370873,0.08387,2.8,0.01,20.0
2026-03-09 11:30:00+09:00,7261,マツダ,7261.T,プライム,intraday_5m,1109.5,0.0009021199819576609,0.11059422452383041,0.0023596373616583915,37.333333333333336,-0.07657095297544736,699850555392.0,20.937912,0.3860981,0.00521,4.58,0.02,20.0
2026-03-09 11:30:00+09:00,7267,本田技研工業,7267.T,プライム,intraday_5m,1437.0,0.0003480682213714559,0.09848586359372907,0.001966374772129685,56.944444444444436,-0.017099863201094356,5593596166144.0,11.522733,0.44872037,0.042969998,4.79,0.01,20.0
2026-03-09 11:30:00+09:00,7269,スズキ,7269.T,プライム,intraday_5m,2009.0,0.0004980079681276006,0.16443200235744806,0.0026544308699572253,34.58646616541354,-0.05347467608951706,3875912548352.0,9.900941,1.1733497,0.13446,2.17,0.0,20.0
2026-03-09 11:30:00+09:00,7270,ＳＵＢＡＲＵ,7270.T,プライム,intraday_5m,2629.5,0.00038044512079138393,0.06230529595015576,0.002122636407749099,40.845070422535215,-0.03504587155963301,1881219530752.0,7.249793,0.68436927,0.037639998,4.22,-0.01,20.0
2026-03-09 11:30:00+09:00,7272,ヤマハ発動機,7272.T,プライム,intraday_5m,1108.0,0.00045146726862310693,0.0,0.0020912818424598835,47.69230769230769,-0.03400174367916309,1074289311744.0,6.8999877,0.9494568,0.02882,4.36,0.01,20.0
2026-03-09 11:30:00+09:00,7276,小糸製作所,7276.T,プライム,intraday_5m,2496.5,-0.0017992802878848968,0.21401273885350316,0.0016733123757813305,42.608695652173914,-0.04256951102588691,667350335488.0,15.49274,1.0575696,0.06459,2.15,0.02,20.0
2026-03-09 11:30:00+09:00,7278,エクセディ,7278.T,プライム,intraday_5m,5660.0,0.0,0.09523809523809523,0.002526152452302233,46.15384615384615,-0.04230118443316411,206865350656.0,16.950167,1.0959078,0.07421,5.08,0.06000000000000001,20.0
2026-03-09 11:30:00+09:00,7280,ミツバ,7280.T,プライム,intraday_5m,1224.0,-0.0016313213703099683,0.0,0.002997605224214556,39.130434782608695,-0.07692307692307687,56284053504.0,6.0850115,0.50848365,0.06565,1.51,0.030000000000000006,20.0
2026-03-09 11:30:00+09:00,7282,豊田合成,7282.T,プライム,intraday_5m,4278.0,-0.0009341429238673982,0.0,0.002915872146294321,41.358024691358025,-0.08745733788395904,522608148480.0,11.866522,0.91985774,0.088999994,2.35,0.01,20.0
2026-03-09 11:30:00+09:00,7283,愛三工業,7283.T,プライム,intraday_5m,1913.0,0.0,0.06315789473684211,0.0029018374310782196,48.333333333333336,-0.07718282682103228,109094100992.0,8.907618,0.78994095,0.097449996,3.71,0.02,20.0
2026-03-09 11:30:00+09:00,7294,ヨロズ,7294.T,プライム,intraday_5m,959.0,0.0,2.1928934010152283,0.0027276398273021196,30.30303030303031,-0.05424063116370814,19751157760.0,,0.38989222,-0.1275,3.06,0.05,20.0
2026-03-09 11:30:00+09:00,7296,エフ・シー・シー,7296.T,プライム,intraday_5m,3450.0,0.0,0.3137254901960784,0.0018498354486613346,42.857142857142854,-0.04432132963988922,167102054400.0,9.781684,0.8471532,0.07627,3.71,0.020000000000000004,20.0
2026-03-09 11:30:00+09:00,7309,シマノ,7309.T,プライム,intraday_5m,16155.0,-0.001236476043276702,0.0,0.0018215368479608397,36.73469387755102,-0.007373271889400956,1396849770496.0,41.532764,1.6088014,0.03897,2.23,0.01,20.0
2026-03-09 11:30:00+09:00,7313,テイ・エス　テック,7313.T,プライム,intraday_5m,1833.0,0.0005458515283842669,0.967741935483871,0.0013665738676706468,45.833333333333336,-0.030158730158730163,214684336128.0,40.580032,0.6952882,0.024619998,4.76,0.021052631578947368,19.0
2026-03-09 11:30:00+09:00,7322,三十三フィナンシャルグループ,7322.T,プライム,intraday_5m,5610.0,0.0,0.25806451612903225,0.0039079561931120495,47.368421052631575,-0.08631921824104238,145956208640.0,15.460082,0.63841397,0.05336,2.08,0.02,20.0
2026-03-09 11:30:00+09:00,7327,第四北越フィナンシャルグループ,7327.T,プライム,intraday_5m,1875.0,-0.0010655301012253426,0.0,0.0027367782343154508,47.826086956521735,-0.08447265625,491648647168.0,13.097234,0.8992991,0.08083,2.64,0.04,20.0
2026-03-09 11:30:00+09:00,7337,ひろぎんホールディングス,7337.T,プライム,intraday_5m,1735.5,0.00028818443804023985,0.0489225393127548,0.002631093380443016,53.2258064516129,-0.061891891891891926,518158614528.0,13.8154745,0.9259976,0.07316,3.35,0.05,20.0
2026-03-09 11:30:00+09:00,7347,マーキュリアホールディングス,7347.T,プライム,intraday_5m,783.0,-0.0012755102040816757,0.24096385542168675,0.002954527568001254,37.93103448275862,-0.026119402985074647,15149581312.0,221.18645,0.842392,0.09349,2.74,0.02,20.0
2026-03-09 11:30:00+09:00,7350,おきなわフィナンシャルグループ,7350.T,プライム,intraday_5m,5110.0,0.0,0.12631578947368421,0.002949196534448873,50.0,-0.0809352517985612,109072007168.0,11.678131,0.67508984,0.06765,2.52,0.05,20.0
2026-03-09 11:25:00+09:00,7366,ＬＩＴＡＬＩＣＯ,7366.T,プライム,intraday_5m,1303.0,0.001537279016141424,0.9588377723970944,0.002430960840355681,41.66666666666667,-0.03979366249078853,45673447424.0,16.056684,3.3330777,0.22233999,0.81,0.01,20.0
2026-03-09 11:30:00+09:00,7380,十六フィナンシャルグループ,7380.T,プライム,intraday_5m,8750.0,-0.0022805017103763037,0.0,0.0039282574054211525,54.76190476190476,-0.07797681770284515,309937602560.0,14.361685,0.6658656,0.05246,2.11,0.04,20.0
2026-03-09 11:30:00+09:00,7381,ＣＣＩグループ,7381.T,プライム,intraday_5m,931.0,0.0,0.0,0.0033188487716336898,46.42857142857143,-0.08814887365328106,207155494912.0,19.95285,0.82376546,0.058379997,2.35,0.030000000000000006,20.0
2026-03-09 11:30:00+09:00,7383,ネットプロテクションズホールディングス,7383.T,プライム,intraday_5m,469.0,0.002136752136752129,0.2408336549594751,0.004973645569250611,39.39393939393939,-0.11342155009451793,46632669184.0,25.406284,2.2348764,0.09624,,0.030000000000000006,20.0
2026-03-09 11:30:00+09:00,7384,プロクレアホールディングス,7384.T,プライム,intraday_5m,2798.0,0.00394689630426992,0.5429864253393665,0.004123578925059007,36.15384615384615,-0.07808896210873151,79188713472.0,107.203064,0.47778943,0.00033,1.65,0.0,20.0
2026-03-09 11:30:00+09:00,7388,ＦＰパートナー,7388.T,プライム,intraday_5m,2304.0,0.0008688097306690512,0.27906976744186046,0.0014416436526389425,44.11764705882352,-0.04596273291925468,52843380736.0,18.17178,4.529343,0.17267,3.89,0.03333333333333334,18.0
2026-03-09 11:30:00+09:00,7389,あいちフィナンシャルグループ,7389.T,プライム,intraday_5m,5560.0,0.0,0.03,0.004082527147549589,55.99999999999999,-0.07333333333333336,270951661568.0,22.768223,0.6426595,0.0434,2.0,0.030000000000000006,20.0
2026-03-09 11:30:00+09:00,7414,小野建,7414.T,プライム,intraday_5m,1404.0,0.0,0.06666666666666667,0.0015396850514353322,64.70588235294119,-0.025000000000000022,34303236096.0,14.931405,0.35678753,0.0369,4.86,0.02,20.0
2026-03-09 11:30:00+09:00,7419,ノジマ,7419.T,プライム,intraday_5m,1084.0,-0.0009216589861751334,0.1870824053452116,0.002346824436366595,52.0,-0.026929982046678624,313641271296.0,8.894724,1.3295344,0.17813,1.41,0.05,20.0
2026-03-09 11:30:00+09:00,7420,佐鳥電機,7420.T,プライム,intraday_5m,1843.0,0.0005428881650380024,0.0,0.002184394879378829,50.0,-0.030510257759074122,26494347264.0,12.477151,0.750548,0.08723,4.73,0.03157894736842106,19.0
2026-03-09 11:30:00+09:00,7421,カッパ・クリエイト,7421.T,プライム,intraday_5m,1567.0,0.0,1.5384615384615385,0.001024118152611936,42.857142857142854,-0.0019108280254777066,77335175168.0,59.763542,7.0548406,0.06039,0.32,0.02,20.0
2026-03-09 11:30:00+09:00,7433,伯東,7433.T,プライム,intraday_5m,4095.0,0.00244798041615657,0.0,0.0019387376314493239,43.47826086956522,-0.03076923076923077,77096902656.0,16.885204,1.1378607,0.07597,4.73,0.03529411764705883,17.0
2026-03-09 11:30:00+09:00,7438,コンドーテック,7438.T,プライム,intraday_5m,1458.0,-0.0006854009595613775,4.0,0.0019801650620282453,47.05882352941176,-0.02081934184016121,37344776192.0,11.629576,0.99063313,0.08569,3.49,0.030000000000000006,20.0
2026-03-09 11:30:00+09:00,7447,ナガイレーベン,7447.T,プライム,intraday_5m,1706.0,0.0,0.3037974683544304,0.0018926018309737332,55.17241379310345,-0.012159814707585426,51127922688.0,20.494955,1.3501204,0.06271,3.47,0.0,20.0
2026-03-09 11:30:00+09:00,7453,良品計画,7453.T,プライム,intraday_5m,3520.0,0.0,0.0,0.0031457788664515872,43.33333333333333,-0.018131101813110173,1867890163712.0,36.773922,5.088941,0.16833,0.78,0.01,20.0
2026-03-09 11:30:00+09:00,7456,松田産業,7456.T,プライム,intraday_5m,6980.0,-0.0028571428571428914,0.6599999999999999,0.004371073013564368,41.463414634146346,-0.1164556962025316,180376567808.0,16.545774,1.7225313,0.12477,1.27,0.04,20.0
2026-03-09 11:30:00+09:00,7458,第一興商,7458.T,プライム,intraday_5m,1661.0,0.0003011141222524216,1.9578947368421054,0.0012045752855854807,46.51162790697675,-0.0165778567199526,171709022208.0,11.806098,1.4486295,0.1234,3.37,0.0,20.0
2026-03-09 11:30:00+09:00,7459,メディパルホールディングス,7459.T,プライム,intraday_5m,2852.5,0.0,0.05940594059405941,0.0012909365999157483,47.252747252747255,-0.028770854613551222,583903019008.0,14.539476,0.9106349,0.06734,2.18,0.02,20.0
2026-03-09 11:30:00+09:00,7466,ＳＰＫ,7466.T,プライム,intraday_5m,2517.0,0.0,0.30000000000000004,0.004919929990912217,44.64285714285714,-0.03192307692307694,25413294080.0,9.6518135,0.9005889,0.10411,3.08,0.030000000000000006,20.0
2026-03-09 11:30:00+09:00,7467,萩原電気ホールディングス,7467.T,プライム,intraday_5m,3585.0,0.0,1.8876404494382024,0.0022480125460630344,43.75,-0.04016064257028118,35737870336.0,13.405377,0.6991796,0.046729997,5.09,0.030000000000000006,20.0
2026-03-09 11:30:00+09:00,7475,アルビス,7475.T,プライム,intraday_5m,2652.0,-0.0018818216033119617,1.7142857142857142,0.0029517363642640815,24.691358024691354,-0.012290502793296132,22158278656.0,14.9881315,0.68206596,0.0419,2.61,0.01,20.0
2026-03-09 11:25:00+09:00,7476,アズワン,7476.T,プライム,intraday_5m,2318.5,0.0008633714655730262,0.27692307692307694,0.0018336826124832777,37.5,-0.016959932160271363,165230477312.0,19.050945,2.415439,0.13489,2.67,0.030000000000000006,20.0
2026-03-09 11:30:00+09:00,7482,シモジマ,7482.T,プライム,intraday_5m,1396.0,0.0007168458781361409,7.324675324675325,0.001967474966979189,41.66666666666667,-0.012729844413012725,32653328384.0,14.064074,0.8988724,0.0699,3.82,0.05263157894736842,19.0
2026-03-09 11:30:00+09:00,7483,ドウシシャ,7483.T,プライム,intraday_5m,3435.0,0.0,0.42857142857142855,0.0021805481047199433,57.142857142857146,-0.04583333333333328,121825804288.0,15.489719,1.3127629,0.0938,2.78,0.05,20.0
2026-03-09 11:20:00+09:00,7504,高速,7504.T,プライム,intraday_5m,3155.0,0.0015873015873015817,0.9,0.002829499475685892,45.00000000000001,-0.03369065849923425,61693521920.0,17.012672,1.4703238,0.09244,1.72,0.05,20.0
2026-03-09 11:30:00+09:00,7508,Ｇ‐７ホールディングス,7508.T,プライム,intraday_5m,1384.0,0.000723065798987621,0.288,0.0017983557824518943,64.0,-0.026038001407459488,60506554368.0,11.776719,1.7321717,0.15786,2.81,0.06,20.0
2026-03-09 11:30:00+09:00,7510,たけびし,7510.T,プライム,intraday_5m,2434.0,0.0,0.0,0.0028105890697508336,51.06382978723405,-0.0543900543900544,39009693696.0,13.988505,0.9118676,0.068959996,3.03,0.05,20.0
2026-03-09 11:30:00+09:00,7513,コジマ,7513.T,プライム,intraday_5m,1273.0,0.0,0.21301775147928995,0.002384669892588341,47.82608695652174,-0.02452107279693483,98528174080.0,20.934057,1.4181079,0.07609,1.69,0.05,20.0
2026-03-09 11:25:00+09:00,7516,コーナン商事,7516.T,プライム,intraday_5m,4100.0,0.0,0.08633093525179857,0.0019990811439512153,50.0,-0.020310633213859064,115825082368.0,8.533844,0.67308855,0.08012,3.11,-0.02,20.0
2026-03-09 11:30:00+09:00,7520,エコス,7520.T,プライム,intraday_5m,2710.0,0.0,1.5483870967741937,0.0018692387675241211,65.78947368421052,-0.01704751541530647,30446856192.0,6.830842,1.0304551,0.16319,2.54,0.01,20.0
2026-03-09 11:30:00+09:00,7522,ワタミ,7522.T,プライム,intraday_5m,942.0,0.0,2.746987951807229,0.0014350293575012367,53.846153846153854,-0.019771071800208095,37778874368.0,11.437591,1.3020743,0.13462,1.04,0.030000000000000006,20.0
2026-03-09 11:30:00+09:00,7525,リックス,7525.T,プライム,intraday_5m,3555.0,-0.001404494382022503,0.0,0.008574876931329344,45.00000000000001,-0.04048582995951422,28816619520.0,9.912447,1.055878,0.11415,4.43,0.05,20.0
2026-03-09 11:30:00+09:00,7532,パン・パシフィック・インターナショナルホールディングス,7532.T,プライム,intraday_5m,1039.0,0.0,0.0,0.0019316595782706775,35.48387096774192,-0.018422295701464364,3105065271296.0,31.061285,4.719145,0.15955,0.8,0.01,20.0
2026-03-09 11:30:00+09:00,7537,丸文,7537.T,プライム,intraday_5m,1126.0,0.000888888888888939,0.1021276595744681,0.002609473268439134,54.285714285714285,-0.048182586644125114,29549776896.0,9.433646,0.5488544,0.05764,4.23,0.0,20.0
2026-03-09 11:25:00+09:00,7545,西松屋チェーン,7545.T,プライム,intraday_5m,2109.0,0.0009492168960607561,0.14634146341463414,0.001971060751938277,48.64864864864865,-0.007529411764705896,126250057728.0,15.129126,1.2981074,0.0861,1.51,0.02,20.0
2026-03-09 11:30:00+09:00,7550,ゼンショーホールディングス,7550.T,プライム,intraday_5m,9729.0,0.0007200164575189572,0.0,0.0021478520601376037,74.38423645320196,-0.010375343301800455,1522227216384.0,42.290806,4.6851025,0.14186,0.71,0.01,20.0
2026-03-09 11:30:00+09:00,7552,ハピネット,7552.T,プライム,intraday_5m,3015.0,0.0016611295681063787,0.0,0.0023679423387867175,55.95238095238095,-0.04889589905362779,132403216384.0,14.837599,2.1602156,0.19048999,2.92,0.01,20.0
2026-03-09 11:30:00+09:00,7554,幸楽苑,7554.T,プライム,intraday_5m,1170.0,0.001712328767123239,0.2222222222222222,0.001361311619478481,47.05882352941176,-0.02010050251256279,22357997568.0,25.319195,3.2534432,0.46769002,1.68,0.030000000000000006,20.0
2026-03-09 11:30:00+09:00,7575,日本ライフライン,7575.T,プライム,intraday_5m,1448.0,0.0,0.06896551724137931,0.0017762448520328496,48.14814814814815,-0.03273213092852367,101586247680.0,10.52555,1.6075653,0.15016,3.61,0.0,20.0
2026-03-09 11:30:00+09:00,7581,サイゼリヤ,7581.T,プライム,intraday_5m,6420.0,0.0,0.014285714285714285,0.00314768178303135,43.99999999999999,-0.050295857988165715,315530117120.0,28.349377,2.6094804,0.1008,0.44,0.02,20.0
2026-03-09 11:30:00+09:00,7593,ＶＴホールディングス,7593.T,プライム,intraday_5m,524.0,0.0,0.03092783505154639,0.0021686457112355165,58.33333333333333,-0.031423290203327126,60917706752.0,10.9807205,0.8400586,0.08479,4.44,0.04,20.0
2026-03-09 11:30:00+09:00,7595,アルゴグラフィックス,7595.T,プライム,intraday_5m,1497.0,0.0,1.1147540983606556,0.002033370042513133,37.5,-0.038535645472061675,102859612160.0,16.296537,2.2320464,0.34893,2.57,0.0,20.0
2026-03-09 11:25:00+09:00,7596,魚力,7596.T,プライム,intraday_5m,2296.0,0.00043572984749462584,0.18181818181818182,0.002180042301135804,75.0,-0.004768097095795398,32046329856.0,23.640856,1.7367414,0.07954,2.25,-2.7755575615628915e-18,20.0
2026-03-09 11:30:00+09:00,7599,ＩＤＯＭ,7599.T,プライム,intraday_5m,1275.0,0.0007849293563579884,1.2700228832951945,0.0024515276505634857,42.42424242424243,-0.05555555555555558,128019218432.0,10.552889,1.5052756,0.15835,2.77,0.0,20.0
2026-03-09 11:30:00+09:00,7600,日本エム・ディ・エム,7600.T,プライム,intraday_5m,609.0,-0.0016393442622950616,0.0,0.004326258669023698,22.222222222222214,-0.10834553440702777,16049303552.0,,0.63881946,-0.041139998,2.49,-0.020000000000000004,20.0
2026-03-09 11:30:00+09:00,7606,ユナイテッドアローズ,7606.T,プライム,intraday_5m,2594.0,0.0011578541103820505,0.0,0.001909975294509275,55.102040816326536,-0.018910741301058964,71647133696.0,20.396288,1.6792524,0.1456,3.1,0.04,20.0
2026-03-09 11:25:00+09:00,7607,進和,7607.T,プライム,intraday_5m,3040.0,0.0016474464579900872,0.6666666666666666,0.007239580013670584,47.368421052631575,-0.03645007923930266,40740798464.0,12.290277,0.92377657,0.08131,3.93,0.030000000000000006,20.0
2026-03-09 11:30:00+09:00,7609,ダイトロン,7609.T,プライム,intraday_5m,2710.0,-0.003676470588235281,0.05687203791469195,0.0031033660931744896,42.857142857142854,-0.0668044077134986,57086869504.0,11.664945,1.6062268,0.14415,3.79,0.042105263157894736,19.0
2026-03-09 11:30:00+09:00,7611,ハイデイ日高,7611.T,プライム,intraday_5m,2980.0,0.0,0.2926829268292683,0.0019128292900561334,36.170212765957444,-0.018121911037891292,107289976832.0,23.546144,4.534264,0.19529,1.52,0.04,20.0
2026-03-09 11:30:00+09:00,7613,シークス,7613.T,プライム,intraday_5m,1223.0,-0.0008169934640522847,0.043478260869565216,0.0028812337817144904,53.48837209302325,-0.06712433257055683,57649348608.0,23.149725,0.5583542,0.02419,3.81,0.04,20.0
2026-03-09 11:30:00+09:00,7616,コロワイド,7616.T,プライム,intraday_5m,1866.0,0.0005361930294907058,4.464285714285714,0.001468671637415001,56.36363636363637,-0.0018721583311045453,198367199232.0,142.55156,2.3654537,0.03384,0.27,0.06,20.0
2026-03-09 11:30:00+09:00,7628,オーハシテクニカ,7628.T,プライム,intraday_5m,1139.0,-0.0008771929824561431,0.64,0.0029820115508384093,46.42857142857143,-0.037193575655114164,29132261376.0,12.871511,0.7442518,0.06329,3.13,0.06,20.0
2026-03-09 11:30:00+09:00,7630,壱番屋,7630.T,プライム,intraday_5m,902.0,-0.001107419712070845,0.03301237964236589,0.0020102131658160972,53.33333333333333,0.00445434298440972,143963996160.0,48.055405,4.54605,0.089899994,1.78,0.01,20.0
2026-03-09 11:30:00+09:00,7637,白銅,7637.T,プライム,intraday_5m,2469.0,0.0008107012565869987,2.4406779661016946,0.0029579164528949057,41.791044776119406,-0.049653579676674386,28002678784.0,16.4996,1.1482177,0.08902001,4.0,0.04,20.0
2026-03-09 11:25:00+09:00,7649,スギホールディングス,7649.T,プライム,intraday_5m,3493.0,0.0005729017473503628,0.33766233766233766,0.002199885746862954,59.45945945945946,-0.005126744517231607,632138498048.0,15.329588,2.253307,0.16108999,1.0,0.02,20.0
2026-03-09 11:25:00+09:00,7679,薬王堂ホールディングス,7679.T,プライム,intraday_5m,1953.0,0.001025115325474113,0.8,0.0030149763089782045,58.69565217391305,-0.022522522522522515,37987782656.0,8.604661,0.959675,0.11316,1.45,0.01,20.0
2026-03-09 11:25:00+09:00,7683,ダブルエー,7683.T,プライム,intraday_5m,1343.0,-0.0014869888475836923,1.309090909090909,0.0015522868982517208,38.095238095238095,-0.010316875460574804,25622986752.0,25.310968,2.362087,0.084180005,1.25,0.0,20.0
2026-03-09 11:30:00+09:00,7701,島津製作所,7701.T,プライム,intraday_5m,3780.0,-0.0005288207297725611,0.08946877912395154,0.0026019543027363365,40.57971014492754,-0.04569553143145666,1092194992128.0,19.595646,2.0551622,,1.69,0.01,20.0
2026-03-09 11:30:00+09:00,7715,長野計器,7715.T,プライム,intraday_5m,2695.0,0.0,0.06779661016949153,0.003304336289020752,50.806451612903224,-0.09259259259259256,50053844992.0,9.653271,1.0949303,0.11699,1.75,0.01,20.0
2026-03-09 11:30:00+09:00,7717,ブイ・テクノロジー,7717.T,プライム,intraday_5m,3970.0,0.0,2.3122923588039868,0.00489867443431939,48.88888888888889,-0.1138392857142857,37529657344.0,48.68776,1.081671,0.058590002,1.79,0.01,20.0
2026-03-09 11:05:00+09:00,7718,スター精密,7718.T,プライム,intraday_5m,2198.0,0.0,1.173913043478261,0.0003939564500833626,50.0,0.0,105205014528.0,26.386553,1.0175544,0.040009998,3.18,0.04,20.0
2026-03-09 11:30:00+09:00,7721,東京計器,7721.T,プライム,intraday_5m,7580.0,0.0013210039630118242,0.08040201005025126,0.004528766440321811,43.24324324324324,-0.09438470728793313,124564398080.0,27.195751,2.975215,0.117180005,0.48,0.030000000000000006,20.0
2026-03-09 11:25:00+09:00,7723,愛知時計電機,7723.T,プライム,intraday_5m,2990.0,0.0,0.0,0.0027805538166999657,32.87671232876713,-0.05229793977812991,45871542272.0,11.772581,0.9250891,0.09204,3.58,0.06,20.0
2026-03-09 11:30:00+09:00,7725,インターアクション,7725.T,プライム,intraday_5m,1298.0,0.0023166023166023564,0.17266187050359713,0.0032895928675510827,40.90909090909091,-0.07483962936564503,13168719872.0,36.56338,1.2455045,0.033859998,3.14,0.04,20.0
2026-03-09 11:30:00+09:00,7729,東京精密,7729.T,プライム,intraday_5m,13895.0,-0.002870470039468942,0.13086150490730644,0.00408237388726598,36.8421052631579,-0.1398947694212318,563819839488.0,26.142992,3.135903,0.12477,1.37,0.02,20.0
2026-03-09 11:25:00+09:00,7730,マニー,7730.T,プライム,intraday_5m,1514.0,0.0026490066225166586,1.4729241877256316,0.0018674397334011283,42.857142857142854,-0.05315822388993119,149132935168.0,32.096672,2.7269256,0.10212,2.56,0.02,20.0
2026-03-09 11:30:00+09:00,7731,ニコン,7731.T,プライム,intraday_5m,1864.0,0.0002683123155353684,0.0,0.0025083840593687528,54.78260869565218,-0.05404719614311093,613568544768.0,73.32809,1.0648124,-0.13925,2.03,0.01,20.0
2026-03-09 11:30:00+09:00,7733,オリンパス,7733.T,プライム,intraday_5m,1327.0,0.0007541478129713397,0.09057782404997397,0.001996515456188481,55.73770491803278,-0.024981631153563555,1461116076032.0,15.378375,1.8893391,0.11247,2.2,0.01,20.0
2026-03-09 11:25:00+09:00,7734,理研計器,7734.T,プライム,intraday_5m,3210.0,0.0,0.32727272727272727,0.002625339723693684,25.000000000000014,-0.08022922636103147,146458869760.0,17.32139,1.7960705,,1.43,0.02,20.0
2026-03-09 11:30:00+09:00,7735,ＳＣＲＥＥＮホールディングス,7735.T,プライム,intraday_5m,18340.0,0.0005455537370431252,0.058165548098434,0.0039592714997068075,30.405405405405403,-0.1182692307692308,1733937987584.0,29.391026,3.9129148,0.19765,1.35,0.01,20.0
2026-03-09 11:15:00+09:00,7739,キヤノン電子,7739.T,プライム,intraday_5m,3625.0,0.0,0.11881188118811882,0.0008897279398781529,33.33333333333333,0.0,148272758784.0,22.778685,1.1696484,0.05243,1.93,0.03157894736842106,19.0
2026-03-09 11:30:00+09:00,7740,タムロン,7740.T,プライム,intraday_5m,969.0,-0.0010309278350515427,0.0,0.002212670877898553,31.818181818181827,-0.04059405940594063,156231335936.0,13.306784,1.8185469,0.13981,3.66,0.02,20.0
2026-03-09 11:30:00+09:00,7741,ＨＯＹＡ,7741.T,プライム,intraday_5m,26450.0,-0.0001890001890001436,0.0,0.002927608758565882,34.50292397660819,-0.0722553490003508,8942199504896.0,43.5563,8.716663,0.24176,0.84,0.01,20.0
2026-03-09 11:30:00+09:00,7743,シード,7743.T,プライム,intraday_5m,523.0,0.0019157088122605526,0.06818181818181818,0.002059216805368957,37.5,-0.027881040892193343,15829006336.0,11.50462,0.85207605,0.06282,2.79,0.030000000000000006,20.0
2026-03-09 11:30:00+09:00,7744,ノーリツ鋼機,7744.T,プライム,intraday_5m,2086.0,-0.0014360938247965915,0.028169014084507043,0.0024252662081707403,40.54054054054053,-0.06205035971223016,221152804864.0,14.609889,0.98055905,0.069299996,3.37,0.030000000000000006,20.0
2026-03-09 11:30:00+09:00,7745,Ａ＆Ｄホロンホールディングス,7745.T,プライム,intraday_5m,2511.0,-0.0015904572564612307,0.07164179104477612,0.003205850717660382,52.17391304347826,-0.0902173913043478,68769710080.0,10.766658,1.4802554,0.13617,1.81,0.01,20.0
2026-03-09 11:30:00+09:00,7747,朝日インテック,7747.T,プライム,intraday_5m,3133.0,-0.0006379585326953263,0.20671834625322996,0.001948695355764047,47.61904761904762,-0.0488767455980571,831261114368.0,47.319138,5.2686453,0.11178,1.22,0.01,20.0
2026-03-09 11:30:00+09:00,7751,キヤノン,7751.T,プライム,intraday_5m,4435.0,0.0009027307605506962,0.44628099173553715,0.0017754352760004826,47.77777777777777,-0.01902234019022342,3896700043264.0,12.080848,1.1159551,0.096549995,3.54,0.030000000000000006,20.0
2026-03-09 11:30:00+09:00,7752,リコー,7752.T,プライム,intraday_5m,1320.5,0.0011372251705836778,0.14292015880017644,0.002017893493070597,51.515151515151516,-0.03858755005460501,751671508992.0,12.502367,0.6596606,0.059180003,2.91,0.04,20.0
2026-03-09 11:30:00+09:00,7762,シチズン時計,7762.T,プライム,intraday_5m,1604.0,-0.001245330012453305,0.021957913998170174,0.003194550633154339,38.80597014925374,-0.08447488584474883,391368310784.0,16.677063,1.4016604,0.08525,2.68,0.04,20.0
2026-03-09 11:30:00+09:00,7769,リズム,7769.T,プライム,intraday_5m,3910.0,-0.0012771392081737387,1.28,0.001934123866241942,38.46153846153846,-0.04283965728274175,32272855040.0,42.541615,0.9438447,0.07511,3.71,0.030000000000000006,20.0
2026-03-09 11:30:00+09:00,7780,メニコン,7780.T,プライム,intraday_5m,1727.0,0.001159420289855051,0.36610169491525424,0.0021180916076486726,33.33333333333333,-0.025395033860045158,128013803520.0,25.853292,1.3629558,0.07532,1.58,0.04,20.0
2026-03-09 11:30:00+09:00,7818,トランザクション,7818.T,プライム,intraday_5m,1222.0,0.0,0.062176165803108814,0.001692351719265863,38.095238095238095,-0.04081632653061229,69016952832.0,17.252577,3.5309856,0.22528,2.35,0.04,20.0
2026-03-09 11:20:00+09:00,7820,ニホンフラッシュ,7820.T,プライム,intraday_5m,809.0,0.0012376237623761277,0.12244897959183675,0.00182721132789481,36.36363636363636,-0.01820388349514568,18410217472.0,,0.61497855,-0.0874,4.37,0.04,20.0
2026-03-09 11:30:00+09:00,7821,前田工繊,7821.T,プライム,intraday_5m,2120.0,0.0004719207173193851,0.0,0.0015797440091477064,32.5,-0.03680145388459788,142438219776.0,14.354391,1.9207647,0.14145,1.27,0.030000000000000006,20.0
2026-03-09 11:30:00+09:00,7826,フルヤ金属,7826.T,プライム,intraday_5m,6200.0,-0.0016103059581320522,0.6506024096385542,0.005737777206275681,40.0,-0.15531335149863756,152515690496.0,20.159325,2.2671833,0.11618,1.63,0.05,20.0
2026-03-09 11:30:00+09:00,7832,バンダイナムコホールディングス,7832.T,プライム,intraday_5m,4090.0,-0.0004887585532746819,0.023310023310023312,0.002233127952194753,47.11538461538462,-0.008725157537566641,2647738023936.0,20.824848,3.0989215,0.13791999,1.11,0.04,20.0
2026-03-09 11:30:00+09:00,7839,ＳＨＯＥＩ,7839.T,プライム,intraday_5m,1611.0,0.0,0.03529411764705882,0.0018341872363346501,39.39393939393939,-0.03992848629320622,83144146944.0,13.409356,2.8197167,0.21052,3.58,0.01,20.0
2026-03-09 11:30:00+09:00,7840,フランスベッドホールディングス,7840.T,プライム,intraday_5m,1323.0,0.0007564296520423675,0.0,0.0012392611980548576,37.5,-0.006756756756756799,44152020992.0,18.918919,1.1235459,0.06931,3.6,0.01,20.0
2026-03-09 11:25:00+09:00,7844,マーベラス,7844.T,プライム,intraday_5m,462.0,-0.002159827213822907,0.5581395348837209,0.0021441187858605155,25.0,-0.045454545454545414,27984803840.0,30.295082,1.0270774,0.04997,2.48,0.030000000000000006,20.0
2026-03-09 11:25:00+09:00,7846,パイロットコーポレーション,7846.T,プライム,intraday_5m,4440.0,-0.004037685060565233,1.492063492063492,0.001795929604980811,34.883720930232556,-0.02844638949671774,165164236800.0,13.999243,1.1356097,0.08441,0.92,0.030000000000000006,20.0
2026-03-09 11:25:00+09:00,7856,萩原工業,7856.T,プライム,intraday_5m,1734.0,0.004634994206257348,1.0909090909090908,0.0022609632438829108,47.22222222222222,-0.031284916201117285,24383901696.0,13.605336,0.7881285,0.059809998,4.47,0.02,20.0
2026-03-09 11:30:00+09:00,7860,エイベックス,7860.T,プライム,intraday_5m,1193.0,0.0008389261744965459,0.0736196319018405,0.00145199865354223,58.33333333333333,-0.016488046166529213,50706554880.0,119.8995,0.99812174,0.04615,4.12,0.030000000000000006,20.0
2026-03-09 11:30:00+09:00,7864,フジシールインターナショナル,7864.T,プライム,intraday_5m,2580.0,0.0003877471888329431,0.3533742331288343,0.0022119404030932284,36.36363636363636,-0.05563689604685207,137598533632.0,8.850772,0.88394004,0.14774999,2.6,0.02,20.0
2026-03-09 11:30:00+09:00,7867,タカラトミー,7867.T,プライム,intraday_5m,2728.0,-0.0009155832265153041,0.03230148048452221,0.001462573869846401,48.07692307692308,-0.02011494252873558,242466603008.0,15.215573,2.186274,0.1043,2.3,0.01,20.0
2026-03-09 11:30:00+09:00,7868,広済堂ホールディングス,7868.T,プライム,intraday_5m,458.0,-0.002178649237472796,0.042704626334519574,0.0035654443450660336,47.82608695652174,-0.047817047817047764,64716111872.0,15.842269,1.3618671,,2.77,0.0,20.0
2026-03-09 11:30:00+09:00,7874,レック,7874.T,プライム,intraday_5m,1143.0,0.0,2.030769230769231,0.002434313638847418,50.0,-0.04030226700251893,37408731136.0,17.576504,1.0046117,0.07376,1.43,0.05,20.0
2026-03-09 11:30:00+09:00,7888,三光合成,7888.T,プライム,intraday_5m,894.0,0.0011198208286673506,0.5217391304347826,0.0037892030677212827,41.935483870967744,-0.09053916581892163,27252484096.0,6.807279,0.7652825,0.120299995,2.85,0.030000000000000006,20.0
2026-03-09 11:30:00+09:00,7893,プロネクサス,7893.T,プライム,intraday_5m,1147.0,0.0,4.521739130434782,0.0013736575871527992,52.94117647058823,-0.008643042350907515,28726935552.0,,1.1690995,-0.01691,3.11,0.030000000000000006,20.0
2026-03-09 11:30:00+09:00,7911,ＴＯＰＰＡＮホールディングス,7911.T,プライム,intraday_5m,4722.0,0.0008478168715557732,0.0,0.0040121189755399295,38.75,-0.11257282465701934,1333430190080.0,16.076536,1.0158103,0.05499,1.05,0.01,20.0
2026-03-09 11:30:00+09:00,7912,大日本印刷,7912.T,プライム,intraday_5m,2910.0,-0.0001717917883524711,0.0,0.0024305687703710895,31.55080213903743,-0.06909788867562383,1307318943744.0,12.184399,1.1088684,0.06647,1.28,0.01,20.0
2026-03-09 11:30:00+09:00,7914,共同印刷,7914.T,プライム,intraday_5m,1616.0,0.0006191950464395912,0.19047619047619047,0.001677183186526106,42.857142857142854,-0.04094955489614238,44941602816.0,12.139423,0.69293535,0.05762,2.26,0.022222222222222223,18.0
2026-03-09 11:25:00+09:00,7915,ＮＩＳＳＨＡ,7915.T,プライム,intraday_5m,1210.0,0.0008271298593878207,0.19879518072289157,0.0019195708428905074,37.5,-0.07984790874524716,57293778944.0,57.156353,0.49707505,0.01184,3.8,0.04,20.0
2026-03-09 11:30:00+09:00,7917,ＺＡＣＲＯＳ,7917.T,プライム,intraday_5m,1308.0,0.0,2.245614035087719,0.003133911542000545,52.17391304347826,-0.074964639321075,93753024512.0,14.296645,1.0049957,0.08685,2.55,0.030000000000000006,20.0
2026-03-09 11:25:00+09:00,7921,ＴＡＫＡＲＡ　＆　ＣＯＭＰＡＮＹ,7921.T,プライム,intraday_5m,3915.0,0.0012787723785165905,0.0,0.008435291007421875,54.166666666666664,-0.03808353808353804,50525167616.0,12.222534,1.6430492,0.13977,2.95,0.04,20.0
2026-03-09 11:30:00+09:00,7925,前澤化成工業,7925.T,プライム,intraday_5m,2206.0,0.001361779391738649,1.2173913043478262,0.0022728764672345727,41.860465116279066,-0.05565068493150682,32765698048.0,17.076948,0.76240087,0.04645,3.0,0.05,20.0
2026-03-09 11:30:00+09:00,7931,未来工業,7931.T,プライム,intraday_5m,3170.0,0.0,0.9230769230769231,0.002183594986959162,50.0,-0.030581039755351647,51213963264.0,11.053769,0.9478736,0.08935001,3.98,0.01,20.0
2026-03-09 11:30:00+09:00,7936,アシックス,7936.T,プライム,intraday_5m,4338.0,-0.0004608294930875667,0.10208562019758506,0.002747531843829929,62.10526315789473,-0.05838940742348597,3074059665408.0,40.0702,11.311722,0.38886002,0.87,0.01,20.0
2026-03-09 11:30:00+09:00,7942,ＪＳＰ,7942.T,プライム,intraday_5m,2340.0,0.0038610038610038533,0.13581244947453516,0.008185923147957706,24.858757062146893,-0.08450704225352113,61324836864.0,11.458231,0.5908369,0.05524,3.52,0.05,20.0
2026-03-09 11:30:00+09:00,7943,ニチハ,7943.T,プライム,intraday_5m,3205.0,-0.0015576323987538387,0.20689655172413793,0.002150428621690289,43.75,-0.054572271386430726,106418413568.0,32.37701,0.8791053,0.027460001,3.36,0.030000000000000006,20.0
2026-03-09 11:20:00+09:00,7944,ローランド,7944.T,プライム,intraday_5m,3815.0,0.001312335958005173,0.2181818181818182,0.00243001540113087,41.66666666666667,-0.03783102143757877,100502929408.0,46.70666,2.4493692,0.049569998,4.29,0.04,20.0
2026-03-09 11:30:00+09:00,7947,エフピコ,7947.T,プライム,intraday_5m,2414.0,0.0,0.16122840690978885,0.0018554218798052247,21.568627450980387,-0.05960264900662249,195236544512.0,13.396227,1.2082965,0.09307,2.79,0.02,20.0
2026-03-09 11:30:00+09:00,7949,小松ウオール工業,7949.T,プライム,intraday_5m,2711.0,0.0,0.8135593220338982,0.001830729954659009,31.578947368421055,-0.04238784881667257,47715942400.0,17.766565,1.2623934,0.07935,4.59,0.04,20.0
2026-03-09 11:30:00+09:00,7951,ヤマハ,7951.T,プライム,intraday_5m,1074.0,0.0,0.713052310817674,0.0022186723331686464,36.507936507936506,-0.048294195835179465,477898997760.0,27.910603,1.0104992,0.03986,2.3,0.05,20.0
2026-03-09 11:25:00+09:00,7952,河合楽器製作所,7952.T,プライム,intraday_5m,2771.0,0.003985507246376807,0.19047619047619047,0.0022419312083509636,49.25373134328358,-0.029081990189208096,23837302784.0,29.87279,0.5326653,0.023729999,3.33,0.0,20.0
2026-03-09 11:25:00+09:00,7955,クリナップ,7955.T,プライム,intraday_5m,1021.0,0.0029469548133596035,1.0799999999999998,0.0029576616117317454,53.65853658536585,-0.027619047619047654,36822413312.0,21.418083,0.61845505,0.05485,3.43,0.04,20.0
2026-03-09 11:30:00+09:00,7956,ピジョン,7956.T,プライム,intraday_5m,1607.5,0.000311138767890462,0.11834319526627218,0.0014779416759202878,37.73584905660377,-0.0213089802130898,192305577984.0,22.447983,2.31928,0.103649996,4.63,0.01,20.0
2026-03-09 11:00:00+09:00,7962,キングジム,7962.T,プライム,intraday_5m,812.0,0.0,0.1518987341772152,0.0014196441672092428,53.846153846153854,-0.002457002457002422,22866046976.0,43.37607,0.91931224,0.02155,1.72,0.030000000000000006,20.0
2026-03-09 11:30:00+09:00,7965,象印マホービン,7965.T,プライム,intraday_5m,1523.0,0.0006570302233903647,0.13114754098360656,0.0016999821702099913,45.833333333333336,-0.02057877813504827,96703356928.0,16.488037,1.0900817,0.06893,2.96,0.02,20.0
2026-03-09 11:30:00+09:00,7966,リンテック,7966.T,プライム,intraday_5m,4695.0,-0.002125398512221044,0.04316546762589928,0.002776269514745567,38.23529411764706,-0.0883495145631068,307436552192.0,24.773111,1.2652501,0.05059,2.14,0.0,20.0
2026-03-09 11:30:00+09:00,7970,信越ポリマー,7970.T,プライム,intraday_5m,1975.0,0.0005065856129686797,0.032,0.0020992701695749945,49.056603773584904,-0.06530998580217695,158316003328.0,15.474419,1.272258,0.08518,2.84,0.02,20.0
2026-03-09 11:30:00+09:00,7972,イトーキ,7972.T,プライム,intraday_5m,3230.0,0.0,0.038709677419354833,0.0029001135251238543,50.0,-0.06376811594202902,159587680256.0,16.991056,2.8141942,0.17708,2.61,0.04,20.0
2026-03-09 11:30:00+09:00,7974,任天堂,7974.T,プライム,intraday_5m,8449.0,-0.00035494557501181134,0.2783974301775676,0.002078372633872568,32.30769230769231,-0.02661290322580645,9836823576576.0,26.668139,3.3062215,0.14130001,2.09,0.030000000000000006,20.0
2026-03-09 11:25:00+09:00,7976,三菱鉛筆,7976.T,プライム,intraday_5m,2240.0,-0.00044622936189198104,0.15483870967741933,0.001764421040477318,51.11111111111111,-0.029462738301559765,123673034752.0,10.941774,0.8746686,0.04777,2.21,0.04,20.0
2026-03-09 11:30:00+09:00,7979,松風,7979.T,プライム,intraday_5m,1814.0,0.0022099447513812542,1.278688524590164,0.0014976580728654821,48.78048780487806,-0.03510638297872337,64559034368.0,14.210732,1.4174776,0.096920006,2.82,0.0,20.0
2026-03-09 11:25:00+09:00,7981,タカラスタンダード,7981.T,プライム,intraday_5m,2735.0,0.0021986075485525003,0.23684210526315788,0.002150334505434763,49.33333333333333,-0.03356890459363959,173256589312.0,12.954718,0.905505,,3.53,0.05263157894736842,19.0
2026-03-09 11:30:00+09:00,7984,コクヨ,7984.T,プライム,intraday_5m,835.5999755859375,0.00047888334897083773,0.0916030534351145,0.001998644641402732,34.597138575999,-0.04481025692047491,359510605824.0,17.30379,1.4399002,0.08359,2.8,0.01,20.0
2026-03-09 11:30:00+09:00,7988,ニフコ,7988.T,プライム,intraday_5m,4646.0,0.0,0.04054054054054054,0.0020558663979365057,41.732283464566926,-0.052996331023236865,432548413440.0,9.302605,1.5384228,0.17174,1.63,0.0,20.0
2026-03-09 11:30:00+09:00,7989,立川ブラインド工業,7989.T,プライム,intraday_5m,2488.0,0.00040209087253728626,0.5581395348837209,0.001567325158377512,56.75675675675676,-0.023930953315025483,50012495872.0,16.404036,0.88747096,0.05926,5.49,0.05,20.0
2026-03-09 11:30:00+09:00,7990,グローブライド,7990.T,プライム,intraday_5m,2167.0,0.0009237875288683473,1.3928571428571428,0.001465577952248324,41.463414634146346,-0.03085867620751337,47239819264.0,9.256332,0.7683896,,4.03,0.04,20.0
2026-03-09 11:30:00+09:00,7994,オカムラ,7994.T,プライム,intraday_5m,2514.0,0.0011947431302270495,0.16666666666666666,0.0016596510902956224,41.50943396226415,-0.04410646387832695,238016970752.0,11.076354,1.2428348,0.13382,3.69,0.02,20.0
2026-03-09 11:30:00+09:00,7995,バルカー,7995.T,プライム,intraday_5m,4610.0,0.0,0.2608695652173913,0.003074411691705194,48.38709677419355,-0.0871287128712871,81234747392.0,15.525022,1.5878242,0.10988,2.97,0.01,20.0
2026-03-09 11:30:00+09:00,8001,伊藤忠商事,8001.T,プライム,intraday_5m,1982.5,0.00025227043390518844,0.0849645980841316,0.0023102006332915343,48.21428571428571,-0.051208423067719555,13876220395520.0,14.918354,2.1980276,0.14241,2.11,0.01,20.0
2026-03-09 11:30:00+09:00,8002,丸紅,8002.T,プライム,intraday_5m,5000.0,0.0010010010010010895,0.04214876033057851,0.0034307349047768155,54.751131221719454,-0.07114991640349244,8194351431680.0,14.513367,1.9841498,0.12854,2.0,0.01,20.0
2026-03-09 11:30:00+09:00,8005,スクロール,8005.T,プライム,intraday_5m,1337.0,0.0007485029940119681,0.0,0.0017901829581286877,63.333333333333336,-0.014011799410029502,45218942976.0,15.169049,1.2281593,0.06948,4.35,0.042105263157894736,19.0
2026-03-09 11:25:00+09:00,8007,高島,8007.T,プライム,intraday_5m,846.0,0.0,0.2814498933901919,0.0019450803429437577,39.99999999999999,-0.046223224351747416,28916056064.0,16.27549,1.247188,0.07454,5.07,0.03157894736842106,19.0
2026-03-09 11:25:00+09:00,8008,ヨンドシーホールディングス,8008.T,プライム,intraday_5m,1797.0,0.000556792873051215,0.36,0.0014375889024053614,52.38095238095237,-0.009371554575523744,38590181376.0,25.934479,0.9792227,0.04164,4.58,0.04,20.0
2026-03-09 11:25:00+09:00,8011,三陽商会,8011.T,プライム,intraday_5m,3910.0,0.0,0.17391304347826086,0.0024781300149847004,43.75,-0.04283965728274175,39944474624.0,13.75211,1.050005,0.082440004,3.4,-0.01,20.0
2026-03-09 11:30:00+09:00,8012,長瀬産業,8012.T,プライム,intraday_5m,4254.0,0.0,0.5128205128205128,0.0026700867564040374,47.26027397260274,-0.07481513701609399,438034792448.0,18.503698,1.0693655,,2.17,0.05,20.0
2026-03-09 11:30:00+09:00,8014,蝶理,8014.T,プライム,intraday_5m,4075.0,0.002460024600245969,0.0,0.002557119535342213,50.0,-0.06321839080459768,100431740928.0,10.3169775,1.0452352,0.1102,3.31,0.01,20.0
2026-03-09 11:30:00+09:00,8015,豊田通商,8015.T,プライム,intraday_5m,5773.0,-0.0001731901627987087,0.05525709900230238,0.004345077063789801,51.768488745980704,-0.08277724817286303,6094998470656.0,16.556253,2.023897,0.135,1.84,0.01,20.0
2026-03-09 11:30:00+09:00,8016,オンワードホールディングス,8016.T,プライム,intraday_5m,765.0,0.0,0.05985037406483791,0.0018485842470265087,60.0,-0.03652392947103278,104044052480.0,11.268229,1.2100257,0.12363,7.05,0.04,20.0
2026-03-09 11:30:00+09:00,8020,兼松,8020.T,プライム,intraday_5m,2135.5,-0.0004680552305171837,0.08786610878661087,0.00296859464666721,50.0,-0.08190025795356837,355372072960.0,12.5425825,1.792023,0.15476,2.69,0.02,20.0
2026-03-09 11:25:00+09:00,8022,美津濃,8022.T,プライム,intraday_5m,3525.0,-0.0014164305949008194,0.8717948717948718,0.002832499455592531,40.0,-0.06498673740053051,270666727424.0,15.901299,1.6171074,0.11071,1.59,0.04,20.0
2026-03-09 11:30:00+09:00,8031,三井物産,8031.T,プライム,intraday_5m,5626.0,0.0014239943040228464,0.08361640972040763,0.0031884938953757867,65.86538461538461,-0.051424717585567326,16021591162880.0,17.830317,1.9075441,0.10781,2.02,0.01,20.0
2026-03-09 11:30:00+09:00,8032,日本紙パルプ商事,8032.T,プライム,intraday_5m,1013.0,0.0,0.0,0.0020456280872302784,40.74074074074074,-0.062037037037037,118679969792.0,45.102406,0.89565015,0.04701,3.15,0.021052631578947368,19.0
2026-03-09 11:30:00+09:00,8035,東京エレクトロン,8035.T,プライム,intraday_5m,38100.0,-0.0005246589716684236,0.17016029593094945,0.0037087601833319817,45.45454545454546,-0.08829863603732946,17465145819136.0,32.32978,8.709763,0.26457,1.44,0.0,20.0
2026-03-09 11:30:00+09:00,8037,カメイ,8037.T,プライム,intraday_5m,3010.0,0.0016638935108153063,0.0,0.0026013316394524646,55.23809523809524,-0.048973143759873605,92104884224.0,8.606639,0.5623723,0.06904,3.48,0.030000000000000006,20.0
2026-03-09 11:30:00+09:00,8043,スターゼン,8043.T,プライム,intraday_5m,1283.0,0.0,0.7671232876712328,0.0018252464017302402,51.85185185185185,-0.01911314984709478,73321750528.0,5.973832,0.7862416,0.14224,3.29,0.03157894736842106,19.0
2026-03-09 11:25:00+09:00,8050,セイコーグループ,8050.T,プライム,intraday_5m,11810.0,-0.0016906170752324368,0.42048517520215634,0.0038952565894408127,43.63636363636363,-0.06934594168636721,482689253376.0,28.11637,2.7702174,,1.42,0.0,20.0
2026-03-09 11:30:00+09:00,8051,山善,8051.T,プライム,intraday_5m,1438.0,0.0006958942240780086,0.5714285714285714,0.0019176995889861363,51.85185185185185,-0.02043596730245234,122123378688.0,14.299921,0.92033297,0.06929,4.36,0.030000000000000006,20.0
2026-03-09 11:30:00+09:00,8052,椿本興業,8052.T,プライム,intraday_5m,2815.0,0.00035536602700791953,5.0602409638554215,0.001993239400350581,56.25,-0.03628894214310163,51684356096.0,11.167089,1.0782301,0.105229996,2.74,0.04,20.0
2026-03-09 11:30:00+09:00,8053,住友商事,8053.T,プライム,intraday_5m,5445.0,-0.0005506607929515184,0.3076923076923077,0.003070667628339403,47.5,-0.07256004087889623,6506997612544.0,10.822038,1.4319937,0.12635,2.38,0.0,20.0
2026-03-09 11:30:00+09:00,8056,ＢＩＰＲＯＧＹ,8056.T,プライム,intraday_5m,4530.0,-0.00044130626654903526,0.0,0.0016990461157658583,56.60377358490566,-0.01692708333333337,437431369728.0,14.585614,2.5676646,0.19158001,2.6,0.02,20.0
2026-03-09 11:30:00+09:00,8057,内田洋行,8057.T,プライム,intraday_5m,1988.0,0.0015113350125943725,0.10650887573964497,0.0028008672036108424,66.66666666666666,-0.01972386587771202,98049179648.0,8.182754,1.3884233,0.17313999,3.25,0.030000000000000006,20.0
2026-03-09 11:30:00+09:00,8058,三菱商事,8058.T,プライム,intraday_5m,4800.0,0.00020837674515528093,0.10129327034771161,0.0031560750486784774,60.30927835051547,-0.05381431105854528,17691869970432.0,27.425436,1.9540824,0.08528,2.17,-0.01,20.0
2026-03-09 11:30:00+09:00,8059,第一実業,8059.T,プライム,intraday_5m,3225.0,0.0,0.5454545454545454,0.0024222482769366296,71.42857142857143,-0.05425219941348969,102985154560.0,10.821058,1.1760103,0.120129995,3.58,0.06,20.0
2026-03-09 11:30:00+09:00,8060,キヤノンマーケティングジャパン,8060.T,プライム,intraday_5m,6763.0,0.0,0.03680981595092025,0.0022430780180038453,53.475935828877006,-0.027606038820992107,725083881472.0,17.744602,1.7560933,0.10418,2.44,0.01,20.0
2026-03-09 11:30:00+09:00,8061,西華産業,8061.T,プライム,intraday_5m,2356.0,0.0,0.32786885245901637,0.0032522762758952248,55.05617977528089,-0.09034749034749034,84693704704.0,10.9729395,1.7083482,0.13578,3.47,0.04,20.0
2026-03-09 11:25:00+09:00,8065,佐藤商事,8065.T,プライム,intraday_5m,2221.0,0.0027088036117381975,0.0,0.002455636723259027,42.857142857142854,-0.05969517358171039,45947039744.0,7.739215,0.61804783,0.084180005,3.22,0.05,20.0
2026-03-09 11:30:00+09:00,8070,東京産業,8070.T,プライム,intraday_5m,891.0,-0.002239641657334812,1.5,0.002833693637517373,51.42857142857143,-0.05313496280552599,23236079616.0,10.723312,0.9296948,0.20397,4.04,0.04,20.0
2026-03-09 11:25:00+09:00,8074,ユアサ商事,8074.T,プライム,intraday_5m,5830.0,0.0,0.0,0.00249355005550772,33.33333333333333,-0.058158319870759256,122614579200.0,12.013188,1.0642786,0.10424,3.68,0.05,20.0
2026-03-09 11:25:00+09:00,8075,神鋼商事,8075.T,プライム,intraday_5m,2379.0,0.003374103753690516,0.18604651162790697,0.0024244244468669997,51.470588235294116,-0.05445151033386331,62858821632.0,7.7887635,0.6596513,0.084910005,4.21,0.022222222222222223,18.0
2026-03-09 11:25:00+09:00,8078,阪和興業,8078.T,プライム,intraday_5m,7650.0,0.0,0.5373134328358209,0.0025221820654430277,42.857142857142854,-0.07047387606318345,299190059008.0,7.330675,0.7516369,,3.04,0.02,20.0
2026-03-09 11:30:00+09:00,8079,正栄食品工業,8079.T,プライム,intraday_5m,4000.0,-0.0012484394506866447,0.40909090909090906,0.0017169296159845544,42.857142857142854,0.0,66293485568.0,22.075056,1.2091395,0.05682,2.25,0.030000000000000006,20.0
2026-03-09 11:30:00+09:00,8081,カナデン,8081.T,プライム,intraday_5m,2140.0,0.0014038371548901196,1.6470588235294117,0.0028336442898008454,50.0,-0.05892700087950753,47713095680.0,11.561317,0.9780184,0.08357,3.17,0.04,20.0
2026-03-09 11:30:00+09:00,8084,ＲＹＯＤＥＮ,8084.T,プライム,intraday_5m,3330.0,0.0015037593984963404,12.78688524590164,0.0020100627176717063,46.666666666666664,-0.04034582132564846,71785693184.0,14.696148,0.7980412,0.05939,3.92,0.02,20.0
2026-03-09 11:30:00+09:00,8086,ニプロ,8086.T,プライム,intraday_5m,1524.0,-0.0006557377049180024,0.05005213764337852,0.0013561480971523447,43.47826086956522,-0.019935691318327953,248557617152.0,25.791166,0.97427136,0.058119997,2.32,0.02,20.0
2026-03-09 11:30:00+09:00,8088,岩谷産業,8088.T,プライム,intraday_5m,1688.5,0.0005925925925927,0.05562913907284768,0.0026127082339400215,54.86725663716815,-0.05933147632311975,388656922624.0,8.208157,0.9469963,0.10373,2.62,0.01,20.0
2026-03-09 11:20:00+09:00,8091,ニチモウ,8091.T,プライム,intraday_5m,2545.0,0.0023631350925561456,0.4444444444444444,0.0022041777705522126,55.38461538461538,-0.03488813045127037,21382043648.0,7.2947717,0.6278466,0.09714,3.79,0.05,20.0
2026-03-09 11:30:00+09:00,8093,極東貿易,8093.T,プライム,intraday_5m,1889.0,0.0,0.09836065573770492,0.002342307634354565,50.98039215686275,-0.059731209556993514,22827737088.0,6.260149,0.74755895,0.0675,3.68,0.06,20.0
2026-03-09 11:30:00+09:00,8095,アステナホールディングス,8095.T,プライム,intraday_5m,467.0,0.0,0.043010752688172046,0.0025125064374149327,50.0,-0.0331262939958592,18848851968.0,8.609881,0.6961411,0.08274,3.73,0.03157894736842106,19.0
2026-03-09 11:30:00+09:00,8097,三愛オブリ,8097.T,プライム,intraday_5m,2315.0,0.001297577854671328,0.05286343612334801,0.002610597447215682,82.14285714285714,0.0,144290955264.0,20.66042,1.2756332,0.070700005,4.32,0.02,20.0
2026-03-09 11:30:00+09:00,8098,稲畑産業,8098.T,プライム,intraday_5m,3955.0,-0.0025220680958385477,0.46153846153846156,0.0019125381515822156,43.75,-0.048134777376654614,211127828480.0,10.57628,0.9171542,0.086660005,3.08,0.030000000000000006,20.0
2026-03-09 11:30:00+09:00,8101,ＧＳＩクレオス,8101.T,プライム,intraday_5m,2561.0,0.0,0.4444444444444444,0.0019243212565576361,56.86274509803922,-0.030291556228701277,31453548544.0,12.742561,0.99708927,0.08788,3.86,0.06315789473684211,19.0
2026-03-09 11:30:00+09:00,8103,明和産業,8103.T,プライム,intraday_5m,816.0,-0.00366300366300365,20.42346208869814,0.002628795910750656,45.45454545454546,-0.08211473565804273,32799279104.0,9.216173,0.81137437,0.07972,4.27,0.0,20.0
2026-03-09 11:30:00+09:00,8111,ゴールドウイン,8111.T,プライム,intraday_5m,2292.5,0.00043639537420903096,0.30490018148820325,0.0017812005999455793,51.13636363636364,-0.028395846577664807,313478152192.0,13.236907,2.6489785,0.19478,2.32,0.01,20.0
2026-03-09 11:30:00+09:00,8113,ユニ・チャーム,8113.T,プライム,intraday_5m,913.5,-0.0004377113506687236,0.0,0.0012634313863551503,44.954251733058584,-0.04104553494438978,1589421801472.0,24.464382,2.000013,0.080290005,2.31,0.030000000000000006,20.0
2026-03-09 11:30:00+09:00,8125,ワキタ,8125.T,プライム,intraday_5m,1903.0,0.0,0.2967032967032967,0.0012452734147628695,42.857142857142854,-0.030565461029037233,94265565184.0,23.877039,0.9482834,0.03358,5.09,-0.030000000000000006,20.0
2026-03-09 11:25:00+09:00,8129,東邦ホールディングス,8129.T,プライム,intraday_5m,4797.0,0.0006257822277846437,0.43902439024390244,0.0021862463381431448,52.87356321839081,-0.010519801980197974,310374694912.0,15.9337015,1.1546205,0.09097,3.09,0.0,20.0
2026-03-09 11:25:00+09:00,8130,サンゲツ,8130.T,プライム,intraday_5m,3225.0,0.0015527950310558758,0.670807453416149,0.0018839612541345636,58.33333333333333,-0.006163328197226536,189533274112.0,15.080664,1.6429379,0.12467,4.78,0.042105263157894736,19.0
2026-03-09 11:15:00+09:00,8132,シナネンホールディングス,8132.T,プライム,intraday_5m,6670.0,-0.0014970059880239361,0.34285714285714286,0.007249175849575235,51.42857142857142,-0.008915304606240682,72568733696.0,21.131668,1.2863526,0.055120002,1.34,0.03529411764705883,17.0
2026-03-09 11:30:00+09:00,8133,伊藤忠エネクス,8133.T,プライム,intraday_5m,1979.0,0.0,0.028169014084507043,0.001997613063520447,66.66666666666666,-0.012967581047381493,223456935936.0,13.804408,1.2632605,0.08095,3.09,-0.01,20.0
2026-03-09 11:30:00+09:00,8136,サンリオ,8136.T,プライム,intraday_5m,5706.0,0.0,0.0,0.004169206433213162,62.564102564102555,-0.01891334250343879,1383652524032.0,27.951406,10.046306,,1.13,0.0,20.0
2026-03-09 11:30:00+09:00,8137,サンワテクノス,8137.T,プライム,intraday_5m,3130.0,-0.0015948963317384823,0.0,0.0022649290133127213,47.05882352941176,-0.050075872534142696,47654989824.0,19.998722,0.9642227,0.054419998,3.64,0.06,20.0
2026-03-09 11:25:00+09:00,8141,新光商事,8141.T,プライム,intraday_5m,1063.0,0.0009416195856872811,1.2923076923076924,0.0017722858662727965,18.181818181818173,-0.013914656771799594,30351056896.0,37.923653,0.58107847,0.0064,1.16,0.01,20.0
2026-03-09 11:30:00+09:00,8142,トーホー,8142.T,プライム,intraday_5m,1258.0,0.0007955449482894839,0.3888888888888889,0.0017506945281075682,59.375,-0.04841149773071107,40110673920.0,10.145162,1.2421196,0.15209,3.78,0.03157894736842106,19.0
2026-03-09 11:30:00+09:00,8150,三信電気,8150.T,プライム,intraday_5m,2922.0,0.0,0.13333333333333333,0.0021717666154030296,54.41176470588235,-0.0435351882160393,35772977152.0,7.615126,0.8121352,,4.91,0.030000000000000006,20.0
2026-03-09 11:30:00+09:00,8151,東陽テクニカ,8151.T,プライム,intraday_5m,1705.0,-0.0029239766081871066,0.8866995073891625,0.002319764761323828,37.037037037037045,-0.05540166204986152,36778426368.0,30.870903,1.3389751,0.04398,3.88,0.02,20.0
2026-03-09 11:30:00+09:00,8153,モスフードサービス,8153.T,プライム,intraday_5m,4215.0,0.0,0.200836820083682,0.0018798886674342259,41.17647058823529,0.0023781212841855748,130049368064.0,30.93805,2.2138174,0.080740005,0.71,0.030000000000000006,20.0
2026-03-09 11:30:00+09:00,8154,加賀電子,8154.T,プライム,intraday_5m,3845.0,0.0013020833333332593,0.0,0.003340103462133899,51.85185185185185,-0.06561360874848121,183249125376.0,8.217919,1.04893,0.16999,2.67,0.04,20.0
2026-03-09 11:15:00+09:00,8157,都築電気,8157.T,プライム,intraday_5m,3685.0,-0.005398110661268607,0.8,0.010727910677672365,44.44444444444444,-0.06114649681528661,67081461760.0,12.036584,1.4792353,0.14908,3.08,0.05,20.0
2026-03-09 11:30:00+09:00,8158,ソーダニッカ,8158.T,プライム,intraday_5m,1085.0,0.0,1.9622641509433962,0.0019761206800729485,34.78260869565217,-0.05157342657342656,24763670528.0,11.899539,0.749619,0.07012,3.5,0.05263157894736842,19.0
2026-03-09 11:30:00+09:00,8159,立花エレテック,8159.T,プライム,intraday_5m,2904.0,0.000689179875947632,0.15000000000000002,0.0021602178013882998,41.791044776119406,-0.05407166123778506,66522857472.0,9.691954,0.6380087,0.064380005,3.26,0.021052631578947368,19.0
2026-03-09 11:30:00+09:00,8160,木曽路,8160.T,プライム,intraday_5m,2512.0,0.0007968127490038945,1.1009174311926606,0.0012078648075952308,33.33333333333333,-0.013741656851197437,70737829888.0,17.738861,2.3285778,0.12272,1.18,0.01,20.0
2026-03-09 11:30:00+09:00,8163,ＳＲＳホールディングス,8163.T,プライム,intraday_5m,1237.0,0.0,0.0,0.001404620688796419,23.07692307692308,-0.011191047162270151,51151405056.0,69.144775,2.8952537,0.06384,0.8,0.06000000000000001,20.0
2026-03-09 11:30:00+09:00,8167,リテールパートナーズ,8167.T,プライム,intraday_5m,1234.0,0.0,0.04308797127468581,0.0023219689787811262,43.75,-0.041181041181041156,52979585024.0,9.597884,0.59938437,0.06034,3.11,0.01,20.0
2026-03-09 11:30:00+09:00,8173,上新電機,8173.T,プライム,intraday_5m,2762.0,0.0,0.0,0.0018257697171182004,37.254901960784316,-0.020567375886524797,71479689216.0,22.99176,0.6895789,0.036760002,3.55,0.05,20.0
2026-03-09 11:30:00+09:00,8174,日本瓦斯,8174.T,プライム,intraday_5m,2987.5,-0.0010031767262999036,0.0855614973262032,0.0016064356052240812,35.164835164835154,-0.02209492635024546,320793509888.0,24.570278,5.1749077,0.2078,3.37,0.01,20.0
2026-03-09 11:25:00+09:00,8179,ロイヤルホールディングス,8179.T,プライム,intraday_5m,1486.0,-0.0006724949562878502,0.9130434782608696,0.0017316320885349891,27.272727272727266,-0.022368421052631593,146340741120.0,25.86147,2.7950823,0.10982,1.15,0.04,20.0
2026-03-09 11:30:00+09:00,8185,チヨダ,8185.T,プライム,intraday_5m,1052.0,0.0,0.16,0.0013100586706578199,58.33333333333333,-0.025925925925925908,35714600960.0,16.343016,0.70329267,0.04508,5.0,0.0,20.0
2026-03-09 11:30:00+09:00,8194,ライフコーポレーション,8194.T,プライム,intraday_5m,2453.0,0.0,0.12307692307692308,0.0019452752550121084,41.66666666666667,-0.022709163346613548,212228128768.0,11.802916,1.4588617,0.12949,2.59,0.01,20.0
2026-03-09 11:25:00+09:00,8200,リンガーハット,8200.T,プライム,intraday_5m,2221.0,0.0,0.4816053511705686,0.0017040702178499373,63.333333333333336,0.0013525698827772104,57554264064.0,49.820545,4.076688,0.07886,0.59,0.030000000000000006,20.0
2026-03-09 11:25:00+09:00,8203,ＭｒＭａｘＨＤ,8203.T,プライム,intraday_5m,750.0,0.001335113484646211,0.25263157894736843,0.001327575828007905,39.99999999999999,-0.022164276401564487,24995504128.0,8.562622,0.662776,0.08031,3.52,0.04,20.0
2026-03-09 11:30:00+09:00,8214,ＡＯＫＩホールディングス,8214.T,プライム,intraday_5m,1716.0,0.0,0.3287671232876712,0.0013923448590546503,45.45454545454545,-0.02277904328018221,144419799040.0,16.647264,1.0415087,0.06336,4.56,0.02,20.0
2026-03-09 11:25:00+09:00,8217,オークワ,8217.T,プライム,intraday_5m,829.0,0.0,3.611650485436893,0.0016310026579657467,25.0,-0.015439429928741144,33725855744.0,,0.464166,-0.02757,3.09,0.030000000000000006,20.0
2026-03-09 11:30:00+09:00,8218,コメリ,8218.T,プライム,intraday_5m,3315.0,-0.001506024096385561,0.0,0.0023232184330773324,40.0,-0.025000000000000022,155591000064.0,10.833333,0.60767543,0.05702,1.65,0.02,20.0
2026-03-09 11:30:00+09:00,8219,青山商事,8219.T,プライム,intraday_5m,2473.0,0.0004045307443365509,0.28509719222462204,0.0020713668832263122,50.81967213114754,-0.020981789390340455,117933613056.0,13.106153,0.6897504,0.04654,6.41,0.02,20.0
2026-03-09 11:30:00+09:00,8227,しまむら,8227.T,プライム,intraday_5m,3361.0,0.0002976190476191576,0.0,0.001661157517912605,47.27272727272727,-0.0397142857142857,697805242368.0,17.36502,1.4188678,0.08545,1.95,0.0,20.0
2026-03-09 11:30:00+09:00,8233,高島屋,8233.T,プライム,intraday_5m,1728.5,-0.0005782017924255145,0.02894356005788712,0.0019421134477272477,46.57534246575342,-0.030294530154277743,506475380736.0,15.034357,1.0610237,0.08924,1.91,0.02,20.0
2026-03-09 11:30:00+09:00,8237,松屋,8237.T,プライム,intraday_5m,1882.0,0.0,0.09571286141575273,0.004894181462789795,32.53012048192771,-0.0815031722791606,95649267712.0,248.28496,3.803803,0.03647,0.59,0.030000000000000006,20.0
2026-03-09 11:30:00+09:00,8242,エイチ・ツー・オー　リテイリング,8242.T,プライム,intraday_5m,2229.0,-0.0004484304932735883,0.21201413427561835,0.0019523547030153943,53.0,-0.0383951682484901,256316309504.0,19.348959,0.84344083,0.0866,1.9,0.03333333333333334,18.0
2026-03-09 11:30:00+09:00,8252,丸井グループ,8252.T,プライム,intraday_5m,3129.0,0.00031969309462920315,0.041284403669724766,0.0015535677152558104,48.38709677419355,-0.011374407582938395,562331779072.0,19.461376,2.3602536,,4.17,0.01,20.0
2026-03-09 11:30:00+09:00,8253,クレディセゾン,8253.T,プライム,intraday_5m,4219.0,0.0007115749525616888,0.0,0.0024778914121453455,45.92592592592593,-0.06659292035398234,605308846080.0,9.763718,0.8186145,0.078449994,2.88,0.0,20.0
2026-03-09 11:25:00+09:00,8255,アクシアル　リテイリング,8255.T,プライム,intraday_5m,1223.0,0.0016380016380015405,0.5405405405405406,0.002202969354614526,57.14285714285714,0.0,108342501376.0,12.09215,1.1669558,0.10677,2.62,0.04,20.0
2026-03-09 11:30:00+09:00,8267,イオン,8267.T,プライム,intraday_5m,2008.0,0.0007475703962123159,0.19555975436939063,0.001966514897798756,51.94805194805195,-0.01857282502443791,5555721601024.0,178.48889,4.806346,0.03787,1.32,0.0,20.0
2026-03-09 11:30:00+09:00,8273,イズミ,8273.T,プライム,intraday_5m,992.0,-0.001007049345417954,0.026373626373626374,0.0019967410305834895,50.0,-0.017821782178217838,208417751040.0,17.954752,0.72944504,0.03704,8.91,0.01,20.0
2026-03-09 11:25:00+09:00,8276,平和堂,8276.T,プライム,intraday_5m,2826.0,-0.001413427561837488,0.27906976744186046,0.0019965113725200247,45.283018867924525,-0.01840916985064256,139760025600.0,12.8988085,0.7356076,0.053150002,2.29,0.0,20.0
2026-03-09 11:25:00+09:00,8278,フジ,8278.T,プライム,intraday_5m,1950.0,0.0005130836326321386,1.6363636363636365,0.001077866688272906,58.33333333333333,-0.0066225165562914245,168961425408.0,42.8195,0.77390623,0.01751,1.53,-0.020000000000000004,20.0
2026-03-09 11:30:00+09:00,8281,ゼビオホールディングス,8281.T,プライム,intraday_5m,1053.0,-0.000948766603415585,0.0,0.001816067523964422,42.10526315789474,-0.02859778597785978,43575345152.0,,0.36255312,-0.01811,3.23,-0.02,20.0
2026-03-09 11:30:00+09:00,8282,ケーズホールディングス,8282.T,プライム,intraday_5m,1596.0,0.0006269592476488839,0.3274478330658106,0.0016679714281971731,41.50943396226415,-0.024747937671860676,246593667072.0,22.418879,0.99337935,0.043369997,2.93,0.01,20.0
2026-03-09 11:25:00+09:00,8283,ＰＡＬＴＡＣ,8283.T,プライム,intraday_5m,4642.0,0.0006466910972191542,0.9557522123893806,0.0018017933905793767,39.99999999999999,-0.03170629954109305,283093401600.0,12.979896,0.9458425,0.07491,2.63,0.021052631578947368,19.0
2026-03-09 11:30:00+09:00,8303,ＳＢＩ新生銀行,8303.T,プライム,intraday_5m,1686.0,-0.000888888888888939,0.16246906391032173,0.003728854316184645,43.90243902439024,-0.04394669690955488,,12.2886305,1.2596322,,1.93,0.02,20.0
2026-03-09 11:30:00+09:00,8304,あおぞら銀行,8304.T,プライム,intraday_5m,2457.0,0.0010185373803217601,0.14021421616358323,0.0016521717957431305,45.65217391304348,-0.05409047160731473,340002406400.0,15.455747,0.7166849,0.0557,3.39,0.02,20.0
2026-03-09 11:30:00+09:00,8306,三菱ＵＦＪフィナンシャル・グループ,8306.T,プライム,intraday_5m,2594.0,0.00019278966647395812,0.14631340087570713,0.0021446126137687612,57.14285714285714,-0.05997463308570394,29343357075456.0,15.410206,1.3763325,0.06113,2.83,0.01,20.0
2026-03-09 11:30:00+09:00,8308,りそなホールディングス,8308.T,プライム,intraday_5m,1696.5,0.00029481132075481753,0.0,0.0028776398361205404,52.84552845528455,-0.06322473771397019,3822287847424.0,16.068384,1.3155793,0.09394,1.6,0.01,20.0
2026-03-09 11:30:00+09:00,8309,三井住友トラストグループ,8309.T,プライム,intraday_5m,4877.0,0.0006155108740253379,0.040555764175741645,0.0019234269935732575,47.863247863247864,-0.06030828516377651,3399143653376.0,11.529823,1.0223378,0.09287,3.28,0.02,20.0
2026-03-09 11:30:00+09:00,8316,三井住友フィナンシャルグループ,8316.T,プライム,intraday_5m,5065.0,-0.0011831985801616929,0.0,0.002382408751729466,56.20915032679739,-0.06601512078185501,19338186719232.0,13.555829,1.2388024,0.04933,2.9,-0.01,20.0
2026-03-09 11:30:00+09:00,8331,千葉銀行,8331.T,プライム,intraday_5m,1975.0,0.0,0.10619469026548672,0.0027440931747155554,49.166666666666664,-0.06685565792582093,1378248425472.0,15.735798,1.1091169,0.07361,2.65,0.030000000000000006,20.0
2026-03-09 11:30:00+09:00,8334,群馬銀行,8334.T,プライム,intraday_5m,1981.0,0.0015166835187057082,0.0,0.002976213165739585,50.66666666666667,-0.07169634489222121,749810614272.0,15.497145,1.2382473,0.09689999,2.81,0.02,20.0
2026-03-09 11:30:00+09:00,8336,武蔵野銀行,8336.T,プライム,intraday_5m,5670.0,-0.0017605633802817433,0.06382978723404255,0.002581213952397686,50.0,-0.07504078303425776,187385495552.0,13.194945,0.67390037,0.057189997,2.61,0.06315789473684211,19.0
2026-03-09 11:30:00+09:00,8337,千葉興業銀行,8337.T,プライム,intraday_5m,1972.0,-0.0010131712259371373,0.17647058823529413,0.003643128951878777,53.84615384615384,-0.09082526509912403,113190739968.0,20.340382,0.6048265,0.051119998,0.46,0.05,20.0
2026-03-09 11:30:00+09:00,8338,筑波銀行,8338.T,プライム,intraday_5m,570.0,-0.0034965034965035446,0.11369019422074846,0.004342606829704946,48.275862068965516,-0.0966719492868463,46974951424.0,21.558245,0.44791,0.07278,0.79,0.02,20.0
2026-03-09 11:30:00+09:00,8341,七十七銀行,8341.T,プライム,intraday_5m,8536.0,0.001172882946282039,0.034383954154727794,0.0028548667558933516,53.89830508474576,-0.07267789244975553,634798276608.0,14.466816,0.9479584,0.07525,2.46,0.02,20.0
2026-03-09 11:25:00+09:00,8343,秋田銀行,8343.T,プライム,intraday_5m,4805.0,0.0,0.18181818181818182,0.0040763052882248334,46.51162790697675,-0.07596153846153841,85399994368.0,11.132994,0.47836939,0.049650002,2.88,0.05,20.0
2026-03-09 11:30:00+09:00,8344,山形銀行,8344.T,プライム,intraday_5m,2349.0,0.00213310580204773,0.0,0.003009900907172976,57.142857142857146,-0.07882352941176474,73751568384.0,14.762444,0.48379582,0.03497,3.06,0.05,20.0
2026-03-09 11:25:00+09:00,8345,岩手銀行,8345.T,プライム,intraday_5m,6130.0,0.0016339869281045694,0.7559055118110237,0.003411311720060606,48.14814814814815,-0.08779761904761907,105661071360.0,12.865988,0.54947305,0.043390002,2.86,0.05,20.0
2026-03-09 11:30:00+09:00,8346,東邦銀行,8346.T,プライム,intraday_5m,608.0,0.0,0.07602339181286549,0.0032953548437978848,52.94117647058823,-0.0829562594268477,151931682816.0,16.612022,0.71610796,0.052059997,2.71,0.04,20.0
2026-03-09 11:30:00+09:00,8354,ふくおかフィナンシャルグループ,8354.T,プライム,intraday_5m,5782.0,0.00017298045320868205,0.3057324840764331,0.0023621469561722385,50.299401197604794,-0.0625810635538262,1092596400128.0,14.289951,1.0390396,,3.08,0.030000000000000006,20.0
2026-03-09 11:30:00+09:00,8358,スルガ銀行,8358.T,プライム,intraday_5m,1827.0,-0.000547045951859948,1.1450980392156862,0.0024186934288618948,44.26229508196722,-0.06690500510725228,311436083200.0,13.292107,1.0199513,0.08465999,2.25,0.030000000000000006,20.0
2026-03-09 11:30:00+09:00,8359,八十二長野銀行,8359.T,プライム,intraday_5m,1822.5,0.0,0.015599610009749755,0.0028472341462363647,49.557522123893804,-0.0703902065799541,828238069760.0,14.547414,0.7830017,0.061079998,2.3,0.030000000000000006,20.0
2026-03-09 11:30:00+09:00,8360,山梨中央銀行,8360.T,プライム,intraday_5m,4610.0,0.0,1.012987012987013,0.0041088660347690055,51.612903225806456,-0.09251968503937003,141266305024.0,15.75476,0.61515707,0.045289997,2.32,0.05,20.0
2026-03-09 11:30:00+09:00,8361,大垣共立銀行,8361.T,プライム,intraday_5m,5890.0,0.0,0.0,0.0036866728946463637,46.15384615384615,-0.08112324492979717,245225586688.0,13.552692,0.6695135,0.055170003,1.56,0.03157894736842106,19.0
2026-03-09 11:25:00+09:00,8362,福井銀行,8362.T,プライム,intraday_5m,3140.0,0.0015948963317384823,0.11764705882352941,0.0029635277697767507,57.692307692307686,-0.06824925816023741,74190503936.0,18.56121,0.49217722,0.0477,2.23,0.05,20.0
2026-03-09 11:20:00+09:00,8364,清水銀行,8364.T,プライム,intraday_5m,2553.0,0.0007840062720501084,0.17647058823529413,0.002820274383573922,63.15789473684211,-0.07700650759219085,28838133760.0,13.553833,0.36949193,0.03196,2.17,0.030000000000000006,20.0
2026-03-09 11:30:00+09:00,8366,滋賀銀行,8366.T,プライム,intraday_5m,7850.0,0.0,0.0851063829787234,0.0035812108926107067,47.99999999999999,-0.08079625292740045,363277189120.0,17.053724,0.7302681,0.04072,1.52,0.04,20.0
2026-03-09 11:30:00+09:00,8367,南都銀行,8367.T,プライム,intraday_5m,6720.0,0.0,0.05333333333333334,0.0030785921344303395,47.61904761904762,-0.08321964529331516,211097763840.0,14.505893,0.6899498,0.05366,2.59,0.04,20.0
2026-03-09 11:30:00+09:00,8368,百五銀行,8368.T,プライム,intraday_5m,1432.0,0.0006988120195667857,0.0577319587628866,0.0040204397840897755,51.42857142857143,-0.09079365079365076,347500511232.0,18.441725,0.68893355,0.04005,1.65,0.02,20.0
2026-03-09 11:30:00+09:00,8370,紀陽銀行,8370.T,プライム,intraday_5m,3785.0,-0.0026350461133070047,0.0,0.002991199001968501,51.85185185185185,-0.07116564417177917,242547621888.0,12.829204,0.9920692,0.089379996,2.85,0.030000000000000006,20.0
2026-03-09 11:30:00+09:00,8377,ほくほくフィナンシャルグループ,8377.T,プライム,intraday_5m,5434.0,0.0005523844595838323,0.03018867924528302,0.003470662051661988,41.0891089108911,-0.09898855911125848,657710252032.0,13.191881,0.9381864,0.077259995,1.49,0.02,20.0
2026-03-09 11:30:00+09:00,8381,山陰合同銀行,8381.T,プライム,intraday_5m,1483.0,0.0006747638326585204,0.27860696517412936,0.0024574888225092537,52.08333333333334,-0.06729559748427671,225154547712.0,10.683668,0.68895227,0.06965,3.52,0.04,20.0
2026-03-09 11:30:00+09:00,8386,百十四銀行,8386.T,プライム,intraday_5m,8050.0,0.00249066002490661,0.07142857142857142,0.004401572063488906,51.16279069767442,-0.09039548022598876,227593273344.0,14.324353,0.6292812,0.049289998,2.44,0.04,20.0
2026-03-09 11:30:00+09:00,8387,四国銀行,8387.T,プライム,intraday_5m,2137.0,0.0,0.0223463687150838,0.003172601824678458,56.62650602409638,-0.07207989578810248,89246187520.0,13.606265,0.47652742,0.09653,2.43,0.05,20.0
2026-03-09 11:30:00+09:00,8388,阿波銀行,8388.T,プライム,intraday_5m,5250.0,0.0,0.37974683544303794,0.003848011361344489,54.166666666666664,-0.06749555950266428,205021904896.0,14.547771,0.5341093,0.04198,2.13,0.06,20.0
2026-03-09 11:30:00+09:00,8392,大分銀行,8392.T,プライム,intraday_5m,9030.0,-0.0022099447513812542,0.07272727272727272,0.004823804314878718,48.48484848484849,-0.08787878787878789,136233189376.0,16.859911,0.575358,0.036530003,1.72,0.05,20.0
2026-03-09 11:25:00+09:00,8393,宮崎銀行,8393.T,プライム,intraday_5m,8350.0,0.0036057692307691624,0.34285714285714286,0.004033283271608375,42.42424242424243,-0.09924487594390508,140132302848.0,12.155887,0.6471096,0.059439998,1.19,0.08,20.0
2026-03-09 11:30:00+09:00,8395,佐賀銀行,8395.T,プライム,intraday_5m,4425.0,0.0,1.7727272727272727,0.0032307640345472866,47.22222222222223,-0.0809968847352025,74794713088.0,9.162629,0.6042687,0.06987,2.08,0.06,20.0
2026-03-09 11:30:00+09:00,8399,琉球銀行,8399.T,プライム,intraday_5m,2161.0,0.0,0.25688073394495414,0.0036663087602432694,61.53846153846154,-0.0717353951890034,88617304064.0,11.810034,0.60653895,0.06126,2.32,0.06999999999999999,20.0
2026-03-09 11:30:00+09:00,8410,セブン銀行,8410.T,プライム,intraday_5m,276.1000061035156,0.0007249445866472914,0.0,0.0016099290934155368,49.05654945270079,-0.02403671947570607,323916464128.0,17.744215,1.1786805,0.04306,3.89,0.02,20.0
2026-03-09 11:30:00+09:00,8411,みずほフィナンシャルグループ,8411.T,プライム,intraday_5m,6037.0,-0.0006621420294653513,0.08475680008014827,0.0028695591171210063,52.38095238095237,-0.07860195360195366,14857108717568.0,14.307382,1.3343993,0.09653,2.21,-0.01,20.0
2026-03-09 11:30:00+09:00,8418,山口フィナンシャルグループ,8418.T,プライム,intraday_5m,2411.0,0.0010379904504878024,0.026402640264026403,0.002646449577397967,54.6583850931677,-0.06676988581381849,502932635648.0,12.543571,0.7448996,0.05954,2.48,0.01,20.0
2026-03-09 11:30:00+09:00,8424,芙蓉総合リース,8424.T,プライム,intraday_5m,4296.0,-0.0006978367062107083,0.0,0.0018273289275963756,50.0,-0.030467163168585,387438739456.0,14.320954,0.81195694,0.06008,3.57,0.02,20.0
2026-03-09 11:30:00+09:00,8425,みずほリース,8425.T,プライム,intraday_5m,1403.0,0.0007132667617688604,0.0,0.0019765654112528304,54.54545454545455,-0.04232081911262797,393102098432.0,8.690535,0.9509479,0.118240006,3.41,0.02,20.0
2026-03-09 11:30:00+09:00,8439,東京センチュリー,8439.T,プライム,intraday_5m,2053.0,0.00024360535931799987,0.6891891891891893,0.001901571593436206,37.99999999999999,-0.049537037037037046,1003428315136.0,7.454612,0.9453019,0.12068,3.33,0.02,20.0
2026-03-09 11:30:00+09:00,8473,ＳＢＩホールディングス,8473.T,プライム,intraday_5m,2846.0,0.0010552233556102575,1.07008547008547,0.0028149230771691075,44.95412844036697,-0.06565988181221272,1851458584576.0,6.603095,1.0704798,,2.95,0.01,20.0
2026-03-09 11:25:00+09:00,8511,日本証券金融,8511.T,プライム,intraday_5m,2130.0,0.0,0.55,0.0022185080407151926,54.716981132075475,-0.053753887161261615,172677971968.0,18.849558,1.2767289,0.070650004,4.09,0.03333333333333334,18.0
2026-03-09 11:30:00+09:00,8515,アイフル,8515.T,プライム,intraday_5m,463.0,-0.004301075268817178,0.0,0.0022338948577737185,42.857142857142854,-0.05122950819672134,221775347712.0,7.926725,0.9363769,0.13305001,2.46,0.02,20.0
2026-03-09 11:30:00+09:00,8522,名古屋銀行,8522.T,プライム,intraday_5m,5080.0,0.0019723865877712132,0.5167464114832536,0.0034791154177318483,60.0,-0.09123434704830058,249923584000.0,15.273602,0.8041244,0.06537,1.79,0.05,20.0
2026-03-09 11:30:00+09:00,8524,北洋銀行,8524.T,プライム,intraday_5m,913.0,0.0010964912280702066,0.0,0.0029127628744163546,48.38709677419355,-0.08973080757726815,343740481536.0,13.981623,0.86604726,0.069510005,2.59,0.02,20.0
2026-03-09 11:30:00+09:00,8541,愛媛銀行,8541.T,プライム,intraday_5m,1582.0,-0.0006317119393556281,0.0,0.0030143480664858546,45.283018867924525,-0.08870967741935487,61809872896.0,10.025349,0.4269682,0.04987,1.96,0.04,20.0
2026-03-09 11:30:00+09:00,8544,京葉銀行,8544.T,プライム,intraday_5m,1865.0,0.0005364806866952065,0.16184971098265896,0.0033155157682989165,52.94117647058823,-0.09378036929057332,224196313088.0,16.567469,0.70092225,0.04126,2.04,0.021052631578947368,19.0
2026-03-09 11:30:00+09:00,8550,栃木銀行,8550.T,プライム,intraday_5m,840.0,0.0011918951132301459,0.0,0.004069630606393393,51.21951219512195,-0.09385113268608414,87471497216.0,,0.55091107,-0.12127,2.59,0.06,20.0
2026-03-09 11:30:00+09:00,8551,北日本銀行,8551.T,プライム,intraday_5m,4520.0,0.0,0.0,0.003369821626058988,57.692307692307686,-0.06995884773662553,37030817792.0,9.852217,0.39643738,0.03849,3.46,0.05,20.0
2026-03-09 11:30:00+09:00,8558,東和銀行,8558.T,プライム,intraday_5m,1012.0,0.0009891196834816984,0.5590062111801242,0.0032901591842047512,45.23809523809524,-0.08992805755395683,35862118400.0,5.913287,0.40976122,0.06667,3.15,0.030000000000000006,20.0
2026-03-09 11:30:00+09:00,8566,リコーリース,8566.T,プライム,intraday_5m,5980.0,-0.0016694490818029983,2.1818181818181817,0.0014456552037410161,44.444444444444436,-0.027642276422764178,184330158080.0,13.504969,0.76700366,0.056739997,3.09,0.01,20.0
2026-03-09 11:30:00+09:00,8570,イオンフィナンシャルサービス,8570.T,プライム,intraday_5m,1554.5,-0.0003215434083601032,0.0897196261682243,0.0024052837526071565,47.67441860465116,-0.05444038929440387,335592128512.0,18.576721,0.7163974,0.05955,3.22,0.01,20.0
2026-03-09 11:25:00+09:00,8584,ジャックス,8584.T,プライム,intraday_5m,4110.0,0.0012180267965895553,0.05321507760532151,0.0016783858269802682,46.666666666666664,-0.030660377358490587,183973314560.0,8.480697,0.6278074,0.058369998,4.72,-0.01,20.0
2026-03-09 11:30:00+09:00,8585,オリエントコーポレーション,8585.T,プライム,intraday_5m,1019.0,0.0,0.0525164113785558,0.0016389261636224385,50.0,-0.03136882129277563,174438776832.0,10.609057,0.72525656,0.049250003,3.8,0.02,20.0
2026-03-09 11:30:00+09:00,8591,オリックス,8591.T,プライム,intraday_5m,4823.0,0.0006224066390041472,0.12364181341326339,0.002620889405774293,56.21301775147929,-0.04721453970762546,5000971419648.0,11.577052,1.1642848,0.106850006,3.7,0.02,20.0
2026-03-09 11:30:00+09:00,8593,三菱ＨＣキャピタル,8593.T,プライム,intraday_5m,1396.0,0.0007168458781361409,0.03330249768732655,0.0018653187002534337,53.96825396825397,-0.04120879120879117,2004101365760.0,14.865296,1.0455911,0.098050006,3.16,0.02,20.0
2026-03-09 11:30:00+09:00,8595,ジャフコ　グループ,8595.T,プライム,intraday_5m,2371.0,0.001055520371543217,0.15306122448979592,0.0015068775462164256,61.72839506172839,-0.01659062629614272,124762251264.0,19.629108,0.90970373,0.04634,5.52,-0.01,20.0
2026-03-09 11:30:00+09:00,8600,トモニホールディングス,8600.T,プライム,intraday_5m,835.0,0.0011990407673860837,0.2191780821917808,0.0025343557882854923,51.85185185185185,-0.07015590200445432,160419217408.0,12.755881,0.5527418,0.046479996,2.9,0.04,20.0
2026-03-09 11:30:00+09:00,8601,大和証券グループ本社,8601.T,プライム,intraday_5m,1408.5,0.000710479573712286,0.04077411729945339,0.0024268673391471306,48.71794871794872,-0.07639344262295078,1947308523520.0,12.917278,1.1357982,0.08713,3.8,0.030000000000000006,20.0
2026-03-09 11:30:00+09:00,8604,野村ホールディングス,8604.T,プライム,intraday_5m,1157.0,0.0004323389537397304,0.0,0.0024739281672046254,47.945205479452056,-0.07180104292017653,3394496102400.0,9.801762,0.92952937,0.09928001,4.33,0.01,20.0
2026-03-09 11:30:00+09:00,8609,岡三証券グループ,8609.T,プライム,intraday_5m,820.0,0.0024449877750611915,0.09033877038895859,0.002386541692813594,46.15384615384615,-0.0639269406392694,164069457920.0,14.764133,0.74814653,0.06526,3.42,0.04,20.0
2026-03-09 11:30:00+09:00,8613,丸三証券,8613.T,プライム,intraday_5m,1006.0,0.0009950248756218638,0.0,0.0018771156010003683,50.0,-0.03732057416267942,66651402240.0,14.630599,1.3505313,0.09097999,3.25,0.05,20.0
2026-03-09 11:30:00+09:00,8614,東洋証券,8614.T,プライム,intraday_5m,726.0,0.0,0.0,0.002318393414880691,50.0,-0.04849279161205766,49307426816.0,18.80342,1.7203629,0.12696,6.55,0.02,20.0
2026-03-09 11:30:00+09:00,8616,東海東京フィナンシャル・ホールディングス,8616.T,プライム,intraday_5m,723.0,0.0,3.8868458274398865,0.0023066509979692627,55.55555555555556,-0.04993429697766094,181950119936.0,14.570738,0.97768635,0.07359,3.94,0.044444444444444446,18.0
2026-03-09 11:30:00+09:00,8622,水戸証券,8622.T,プライム,intraday_5m,694.0,0.0,0.0,0.0031631559467088567,60.869565217391305,-0.03477051460361613,41802321920.0,18.889492,1.0168409,0.07527,6.95,0.01,20.0
2026-03-09 11:25:00+09:00,8624,いちよし証券,8624.T,プライム,intraday_5m,1337.0,0.0014981273408238849,8.428571428571429,0.004084358486938935,44.827586206896555,-0.07345807345807343,42855493632.0,23.697271,1.4966022,0.09239,2.77,0.02,20.0
2026-03-09 11:30:00+09:00,8628,松井証券,8628.T,プライム,intraday_5m,934.0,0.0,0.01084010840108401,0.0016634999529603607,52.94117647058823,-0.023012552301255207,240564486144.0,22.05431,3.0988617,0.17216,5.23,0.02,20.0
2026-03-09 11:30:00+09:00,8630,ＳＯＭＰＯホールディングス,8630.T,プライム,intraday_5m,5647.0,0.0007088428141059921,0.050505050505050504,0.00214314956506253,49.10179640718563,-0.05993008157149993,5070803435520.0,12.418358,1.016803,0.17385,2.5,0.01,20.0
2026-03-09 11:30:00+09:00,8697,日本取引所グループ,8697.T,プライム,intraday_5m,1895.0,-0.0010542962572482883,0.061246810061975944,0.003599346720039156,46.97986577181208,-0.07198824681684624,1947889172480.0,31.035048,6.0783744,0.21275,2.45,0.0,20.0
2026-03-09 11:25:00+09:00,8698,マネックスグループ,8698.T,プライム,intraday_5m,702.0,0.0,0.6291891891891892,0.002157485717652715,38.888888888888886,-0.03438789546079779,176457302016.0,,1.4242847,0.06949,4.21,0.030000000000000006,20.0
2026-03-09 11:30:00+09:00,8706,極東証券,8706.T,プライム,intraday_5m,1736.0,0.0,0.08080808080808081,0.0021005437305221517,50.0,-0.04667764964305332,55380762624.0,12.952324,1.0389785,0.07942,6.04,0.01,20.0
2026-03-09 11:30:00+09:00,8707,岩井コスモホールディングス,8707.T,プライム,intraday_5m,3440.0,0.0014556040756914523,0.0784313725490196,0.0030869301984099966,55.99999999999999,-0.06139154160982263,80801251328.0,9.9009905,1.1405069,0.13328,5.05,0.05,20.0
2026-03-09 11:30:00+09:00,8708,アイザワ証券グループ,8708.T,プライム,intraday_5m,1402.0,0.0,0.1352112676056338,0.0021608962054027654,50.0,-0.03774879890185312,43657195520.0,16.476673,0.95325315,0.04903,1.78,0.02,20.0
2026-03-09 11:25:00+09:00,8713,フィデアホールディングス,8713.T,プライム,intraday_5m,1877.0,0.003206841261357507,0.13953488372093023,0.00274222699168515,50.87719298245614,-0.06056056056056058,33902209024.0,8.432923,0.39561707,0.0367,3.75,0.04,20.0
2026-03-09 11:30:00+09:00,8714,池田泉州ホールディングス,8714.T,プライム,intraday_5m,778.0,0.0012870012870012104,0.2709544988026001,0.001938867297075009,46.666666666666664,-0.07710557532621587,216625496064.0,16.161198,0.8897164,,2.49,0.04,20.0
2026-03-09 11:30:00+09:00,8715,アニコム　ホールディングス,8715.T,プライム,intraday_5m,1249.0,0.0,0.023575638506876228,0.0031050326235941826,65.21739130434783,-0.024218749999999956,91974402048.0,37.239117,3.2455046,0.07427,0.7,0.0,20.0
2026-03-09 11:30:00+09:00,8725,ＭＳ＆ＡＤインシュアランスグループホールディングス,8725.T,プライム,intraday_5m,3934.0,0.0005086469989827869,0.2714663143989432,0.002050725484122403,52.68817204301075,-0.04560892770499758,5772185960448.0,8.157256,1.2596201,0.16309999,2.91,0.01,20.0
2026-03-09 11:30:00+09:00,8729,ソニーフィナンシャルグループ,8729.T,プライム,intraday_5m,147.3000030517578,0.0,0.08118237296794613,0.001263685842176667,39.1305213156952,-0.03409834064421102,993855471616.0,0.8362192,1.519434,,2.49,-0.01,20.0
2026-03-09 11:30:00+09:00,8739,スパークス・グループ,8739.T,プライム,intraday_5m,1909.0,0.0020997375328084544,1.8893617021276596,0.001956963414408015,46.93877551020408,-0.04406609914872306,75442380800.0,12.935357,2.0366533,0.18311001,4.51,0.01,20.0
2026-03-09 11:30:00+09:00,8750,第一生命ホールディングス,8750.T,プライム,intraday_5m,1459.5,0.00034270047978068874,0.030086917762424784,0.002779045843762477,54.629629629629626,-0.05227272727272725,5290007199744.0,13.18071,1.2984506,0.11201999,3.64,0.02,20.0
2026-03-09 11:30:00+09:00,8766,東京海上ホールディングス,8766.T,プライム,intraday_5m,5944.0,0.0001682651859329365,0.13752993499828944,0.0021498055227272433,59.63855421686747,-0.03647268601069864,11165234102272.0,10.813958,2.1228957,0.20663999,3.42,0.01,20.0
2026-03-09 11:30:00+09:00,8771,イー・ギャランティ,8771.T,プライム,intraday_5m,1768.0,-0.001129943502824804,0.03773584905660377,0.002751656561141765,37.5,-0.012841987716359582,78384398336.0,23.617418,4.003614,0.15803,2.12,0.02,20.0
2026-03-09 11:30:00+09:00,8793,ＮＥＣキャピタルソリューション,8793.T,プライム,intraday_5m,4085.0,0.0024539877300613355,0.5217391304347826,0.0026037693984586473,55.0,-0.022727272727272707,88010637312.0,11.363636,0.70255625,0.04397,3.59,0.04,20.0
2026-03-09 11:30:00+09:00,8795,Ｔ＆Ｄホールディングス,8795.T,プライム,intraday_5m,3732.0,0.0008045052292839916,0.029309141660851364,0.0022970841982027173,46.846846846846844,-0.05447175069673171,1807980691456.0,14.866749,1.1193328,0.07617,3.14,0.01,20.0
2026-03-09 11:25:00+09:00,8798,アドバンスクリエイト,8798.T,プライム,intraday_5m,197.0,0.0,0.7619047619047619,0.004933425149996468,57.14285714285714,-0.01990049751243783,7273915392.0,,13.442512,,,0.030000000000000006,20.0
2026-03-09 11:30:00+09:00,8801,三井不動産,8801.T,プライム,intraday_5m,1909.5,0.0002619172341540299,0.0737073707370737,0.0024845328081047387,50.476190476190474,-0.05353159851301115,5216016007168.0,16.961271,1.6371249,,1.69,0.0,20.0
2026-03-09 11:30:00+09:00,8802,三菱地所,8802.T,プライム,intraday_5m,4649.0,0.0004303851947493609,0.0,0.002757571388604812,50.3448275862069,-0.06533976678729392,5637299765248.0,29.392426,2.2289472,0.09404001,0.92,0.01,20.0
2026-03-09 11:30:00+09:00,8803,平和不動産,8803.T,プライム,intraday_5m,2436.0,0.000410677618069899,0.0,0.0013188282903039323,52.777777777777786,-0.023647294589178358,163478519808.0,15.571465,1.3002707,0.09044,3.13,0.05,20.0
2026-03-09 11:30:00+09:00,8804,東京建物,8804.T,プライム,intraday_5m,3872.0,0.0007753941586974289,0.06504065040650407,0.0023805567284020117,45.45454545454546,-0.061105722599418044,803872702464.0,13.686331,1.3601084,0.10379,2.96,0.01,20.0
2026-03-09 11:30:00+09:00,8818,京阪神ビルディング,8818.T,プライム,intraday_5m,1913.0,0.002095337873232017,0.14285714285714285,0.0029005984476757306,52.38095238095238,-0.03335017685699848,91254923264.0,18.916246,1.1429992,0.05906,2.02,0.05,20.0
2026-03-09 11:30:00+09:00,8830,住友不動産,8830.T,プライム,intraday_5m,4703.0,0.00021267545725223158,0.0,0.00319753375405492,48.94736842105264,-0.07475900059020268,4345279807488.0,21.977661,1.8073329,0.09603,0.85,0.0,20.0
2026-03-09 11:30:00+09:00,8848,レオパレス２１,8848.T,プライム,intraday_5m,682.0,0.001468428781204123,0.00796812749003984,0.0019209812360150944,46.666666666666664,-0.04078762306610406,216673910784.0,24.28775,6.398949,0.21846001,1.41,0.042105263157894736,19.0
2026-03-09 11:30:00+09:00,8850,スターツコーポレーション,8850.T,プライム,intraday_5m,4850.0,0.0010319917440659854,0.4363636363636364,0.0021350617616982407,36.8421052631579,-0.04150197628458496,233634562048.0,10.207732,1.2565255,0.13301,2.57,0.02,20.0
2026-03-09 11:30:00+09:00,8860,フジ住宅,8860.T,プライム,intraday_5m,833.0,0.0,6.769230769230769,0.0017957669161785253,56.25,-0.04142692750287691,29817171968.0,5.729811,0.51923764,0.09658,3.68,0.044444444444444446,18.0
2026-03-09 11:30:00+09:00,8876,リログループ,8876.T,プライム,intraday_5m,1897.0,0.0005274261603376296,0.06642066420664207,0.001876161778297281,51.72413793103448,-0.016333938294010864,286575624192.0,14.703146,3.6713617,0.28939,2.54,-0.01,20.0
2026-03-09 11:30:00+09:00,8877,エスリード,8877.T,プライム,intraday_5m,6520.0,0.0,1.7142857142857142,0.0018072637075060146,33.33333333333333,-0.06590257879656158,100599455744.0,11.02823,1.2839329,0.12656,3.87,0.05,20.0
2026-03-09 11:30:00+09:00,8881,日神グループホールディングス,8881.T,プライム,intraday_5m,761.0,0.001315789473684159,0.10300429184549356,0.0018778628489200038,69.23076923076923,-0.03180661577608146,35542216704.0,8.947678,0.50866705,0.0629,4.45,0.030000000000000006,20.0
2026-03-09 11:30:00+09:00,8892,エスコン,8892.T,プライム,intraday_5m,1077.0,0.0009293680297397522,0.05687203791469195,0.0018380678386850694,45.833333333333336,-0.024456521739130488,103040499712.0,8.892742,1.3103927,,4.35,0.03157894736842106,19.0
2026-03-09 11:30:00+09:00,8897,ＭＩＲＡＲＴＨホールディングス,8897.T,プライム,intraday_5m,405.0,0.0024752475247524774,0.029435813573180706,0.0019576238601600824,62.50000000000001,-0.021739130434782594,55021510656.0,6.517541,0.6824708,0.11354,5.07,0.02,20.0
2026-03-09 11:30:00+09:00,8919,カチタス,8919.T,プライム,intraday_5m,3050.0,0.0016420361247948545,0.05150214592274678,0.0026520502261745873,36.36363636363636,-0.06584992343032159,238617378816.0,21.674246,4.765387,0.25312,2.39,0.02,20.0
2026-03-09 11:30:00+09:00,8923,トーセイ,8923.T,プライム,intraday_5m,1563.0,0.000640204865556937,0.43636363636363634,0.002711439820328369,54.285714285714285,-0.05042527339003644,151563485184.0,10.287633,1.4742961,0.15276,3.34,0.04,20.0
2026-03-09 11:30:00+09:00,8934,サンフロンティア不動産,8934.T,プライム,intraday_5m,2676.0,0.0022471910112360494,0.24060150375939848,0.0015890062196945234,42.5531914893617,-0.03008336353751362,129874051072.0,7.8599544,1.1948594,0.16320999,2.75,0.05,20.0
2026-03-09 11:30:00+09:00,8935,ＦＪネクストホールディングス,8935.T,プライム,intraday_5m,1731.0,0.0017361111111111605,5.26530612244898,0.0026304983256443927,59.32203389830509,-0.04575523704520401,56694030336.0,7.6892323,0.7445146,0.10465,3.09,0.08,20.0
2026-03-09 11:30:00+09:00,8999,グランディハウス,8999.T,プライム,intraday_5m,608.0,0.0,0.20338983050847456,0.0018968384368420316,50.0,-0.020933977455716568,17590577152.0,23.993687,0.7128419,0.031040002,5.15,0.04,20.0
2026-03-09 11:30:00+09:00,9001,東武鉄道,9001.T,プライム,intraday_5m,2915.0,0.0,0.05555555555555555,0.0014114916775937942,35.8695652173913,-0.018187942068036422,570397753344.0,11.59184,0.9551731,,2.36,0.04,20.0
2026-03-09 11:30:00+09:00,9003,相鉄ホールディングス,9003.T,プライム,intraday_5m,2792.5,-0.0007156915369476158,0.2077922077922078,0.0011632655938120808,42.30769230769231,-0.009224764945893194,267995283456.0,13.553851,1.3919822,0.10549,2.48,0.01,20.0
2026-03-09 11:30:00+09:00,9005,東急,9005.T,プライム,intraday_5m,1887.5,0.0,0.02099125364431487,0.001685512900986241,32.0,-0.00970619097586567,1077423898624.0,12.551536,1.2296561,,1.68,0.04,20.0
2026-03-09 11:30:00+09:00,9006,京浜急行電鉄,9006.T,プライム,intraday_5m,1481.0,-0.0003374957813027102,0.16438356164383564,0.00123813440446135,37.83783783783784,-0.013653013653013635,397293453312.0,15.607546,1.0607659,0.06532,3.06,0.01,20.0
2026-03-09 11:30:00+09:00,9007,小田急電鉄,9007.T,プライム,intraday_5m,1634.0,0.0,0.02526315789473684,0.001493618681618993,46.51162790697675,-0.019207683073229287,564088930304.0,13.398934,1.132276,0.08952,3.0,0.02,20.0
2026-03-09 11:30:00+09:00,9008,京王電鉄,9008.T,プライム,intraday_5m,3913.0,0.0005113781641523651,0.035398230088495575,0.0011884110360094971,40.42553191489362,-0.017081135393117286,456139669504.0,11.79965,1.0417523,0.08625,2.76,0.0,20.0
2026-03-09 11:30:00+09:00,9009,京成電鉄,9009.T,プライム,intraday_5m,1268.0,0.0007892659826360671,0.0,0.0015800796563150072,50.0,-0.027980068991950935,611468443648.0,8.534122,1.1007355,0.09781,1.38,-0.01,20.0
2026-03-09 11:30:00+09:00,9010,富士急行,9010.T,プライム,intraday_5m,2369.0,0.001267962806424272,0.7836734693877551,0.0017162721824749512,52.38095238095237,-0.01168126825198168,125789151232.0,23.813831,3.1263568,,1.25,0.02,20.0
2026-03-09 11:30:00+09:00,9020,東日本旅客鉄道,9020.T,プライム,intraday_5m,3785.0,0.0007932310946590082,0.05878084179970972,0.0016218591537448157,84.0,0.020490698301429022,4271956557824.0,18.453512,1.4158738,0.07711,1.89,0.01,20.0
2026-03-09 11:30:00+09:00,9021,西日本旅客鉄道,9021.T,プライム,intraday_5m,3220.0,0.000932545850170996,0.7823529411764706,0.001679333239470846,59.25925925925926,-0.004021033096195503,1465370017792.0,11.4216795,1.2312841,0.09794,2.81,0.030000000000000006,20.0
2026-03-09 11:30:00+09:00,9022,東海旅客鉄道,9022.T,プライム,intraday_5m,4226.0,-0.00023657440264968077,0.0,0.0016190532838399419,60.0,-0.02130616025937937,4044886638592.0,7.918306,0.81496245,0.114300005,0.74,0.01,20.0
2026-03-09 11:30:00+09:00,9023,東京地下鉄,9023.T,プライム,intraday_5m,1631.5,-0.000612557427258853,1.8762988619495298,0.0017683298593799688,37.99999999999999,-0.013603385731559836,947246268416.0,16.331331,1.3021821,0.08906,2.54,0.0,20.0
2026-03-09 11:30:00+09:00,9024,西武ホールディングス,9024.T,プライム,intraday_5m,4047.0,0.0,0.3696682464454977,0.0020772591830426645,16.36363636363636,-0.04144954997631456,1027914596352.0,5.6023145,1.8946434,0.42199,0.95,0.04,20.0
2026-03-09 11:30:00+09:00,9025,鴻池運輸,9025.T,プライム,intraday_5m,3090.0,-0.001615508885298822,0.08823529411764706,0.002457315108262743,37.5,-0.04334365325077394,164077813760.0,13.176972,1.0712417,0.088240005,3.41,0.04,20.0
2026-03-09 11:25:00+09:00,9031,西日本鉄道,9031.T,プライム,intraday_5m,2928.0,-0.001193928023196289,1.408695652173913,0.0013913034552327879,27.90697674418604,-0.046875,221084286976.0,8.029617,0.82472485,0.12707,1.63,0.05,20.0
2026-03-09 11:30:00+09:00,9037,ハマキョウレックス,9037.T,プライム,intraday_5m,1762.0,0.0,0.0,0.0018728791062277551,46.666666666666664,-0.04910955207771184,130408325120.0,13.761325,1.3761346,0.10326,2.09,0.030000000000000006,20.0
2026-03-09 11:30:00+09:00,9039,サカイ引越センター,9039.T,プライム,intraday_5m,2731.0,0.000366300366300365,2.622516556291391,0.0010679201295830997,52.94117647058823,-0.016210374639769487,110111539200.0,13.012817,1.1484112,0.08957,3.53,0.02,20.0
2026-03-09 11:30:00+09:00,9041,近鉄グループホールディングス,9041.T,プライム,intraday_5m,3091.0,0.0003236245954691963,0.38588235294117645,0.0014384229345653931,46.666666666666664,-0.01997463538363986,587771412480.0,12.084132,1.0050029,0.08518,1.9,0.02,20.0
2026-03-09 11:30:00+09:00,9042,阪急阪神ホールディングス,9042.T,プライム,intraday_5m,4138.0,-0.0004830917874396601,0.028202115158636895,0.0015694341982665856,52.38095238095238,-0.017568850902184185,981765193728.0,13.99486,0.90326256,0.06611,2.37,0.02,20.0
2026-03-09 11:30:00+09:00,9044,南海電気鉄道,9044.T,プライム,intraday_5m,2983.0,-0.00016758840288255694,0.26865671641791045,0.0015369312606565429,41.17647058823529,-0.014535844070036386,322849832960.0,13.978445,0.9883328,0.07684,1.65,0.02,20.0
2026-03-09 11:30:00+09:00,9045,京阪ホールディングス,9045.T,プライム,intraday_5m,3240.0,-0.0006169031462059937,0.0,0.0011329930304709703,47.72727272727273,-0.01966717095310133,326923649024.0,11.601676,0.9924646,0.09205,2.93,0.02,20.0
2026-03-09 11:30:00+09:00,9046,神戸電鉄,9046.T,プライム,intraday_5m,2445.0,0.002049180327868827,0.0,0.0033683982180510923,23.529411764705884,-0.0157004830917874,19344621568.0,15.524795,0.77674997,0.05291,1.01,0.04,20.0
2026-03-09 11:30:00+09:00,9048,名古屋鉄道,9048.T,プライム,intraday_5m,1757.0,0.0,0.3048780487804878,0.001102477739371701,44.18604651162791,-0.011254924029262758,344500338688.0,10.47392,0.71452653,,2.25,0.0,20.0
2026-03-09 11:30:00+09:00,9052,山陽電気鉄道,9052.T,プライム,intraday_5m,2021.0,0.0014866204162538033,0.27586206896551724,0.004059039953380103,68.18181818181819,-0.0014822134387352248,44906741760.0,10.748285,0.73659843,0.0692,2.47,0.08,20.0
2026-03-09 11:30:00+09:00,9064,ヤマトホールディングス,9064.T,プライム,intraday_5m,1780.0,-0.0005614823133071045,0.0,0.0014806619033362824,61.666666666666664,-0.010561423012784843,563684769792.0,16.657309,0.96404755,0.057930004,2.56,-0.020000000000000004,20.0
2026-03-09 11:30:00+09:00,9065,山九,9065.T,プライム,intraday_5m,9230.0,-0.0008659883091578502,0.183206106870229,0.001590750599995365,47.84946236559139,-0.044018643190056994,464659939328.0,15.671692,1.612148,0.1117,2.44,0.0,20.0
2026-03-09 11:15:00+09:00,9068,丸全昭和運輸,9068.T,プライム,intraday_5m,8080.0,-0.0049261083743842304,0.5853658536585366,0.011818182447084035,20.83333333333333,-0.0582750582750583,157793157120.0,16.042887,1.129634,0.073709995,2.45,0.04,20.0
2026-03-09 11:30:00+09:00,9069,センコーグループホールディングス,9069.T,プライム,intraday_5m,1795.0,0.0,0.01518987341772152,0.0019083122603091183,39.24050632911393,-0.038306991695687076,307603636224.0,18.282745,1.4052322,0.08021,2.68,0.01,20.0
2026-03-09 11:30:00+09:00,9072,ニッコンホールディングス,9072.T,プライム,intraday_5m,3901.0,-0.0012800819252432039,0.0,0.00226075222778456,25.40983606557377,-0.05977343938298385,457997189120.0,31.340885,1.9368212,0.06682,1.78,0.030000000000000006,20.0
2026-03-09 11:25:00+09:00,9075,福山通運,9075.T,プライム,intraday_5m,5530.0,0.0018115942028984477,1.0540540540540542,0.002578821414264308,42.857142857142854,-0.05145797598627788,203480481792.0,33.75656,0.7093478,0.04626,1.3,0.030000000000000006,20.0
2026-03-09 11:30:00+09:00,9076,セイノーホールディングス,9076.T,プライム,intraday_5m,2570.0,0.0,0.10315186246418337,0.001109973157056296,41.42857142857144,-0.014570552147239235,383668846592.0,18.628588,0.93908924,0.05736,3.91,0.02,20.0
2026-03-09 11:10:00+09:00,9081,神奈川中央交通,9081.T,プライム,intraday_5m,3575.0,0.004213483146067398,1.5272727272727273,0.005232671629819484,39.473684210526315,-0.00832177531206657,43869347840.0,13.927848,0.69252104,0.0533,2.5,0.04,20.0
2026-03-09 11:30:00+09:00,9090,ＡＺ－ＣＯＭ丸和ホールディングス,9090.T,プライム,intraday_5m,914.0,0.0010952902519167917,0.0,0.0017726520234174013,55.0,-0.01931330472102999,123100487680.0,15.205457,1.9892787,0.13272999,3.43,0.030000000000000006,20.0
2026-03-09 11:30:00+09:00,9101,日本郵船,9101.T,プライム,intraday_5m,5493.0,-0.00036396724294818217,0.06761957119296316,0.0025220977659899057,61.21212121212121,-0.008662696264212233,2245819629568.0,7.5848165,0.7822308,0.079840004,3.61,0.04,20.0
2026-03-09 11:30:00+09:00,9104,商船三井,9104.T,プライム,intraday_5m,5920.0,0.0,0.03528865500696487,0.002371733632719876,67.14285714285714,-0.006377979187646821,2033320853504.0,7.077107,0.7521881,0.08866,3.36,0.030000000000000006,20.0
2026-03-09 11:30:00+09:00,9107,川崎汽船,9107.T,プライム,intraday_5m,2581.0,-0.0011609907120743168,0.05526372598402533,0.002876910191757839,69.23076923076923,-0.010162991371045038,1631435358208.0,8.599894,0.93772197,0.07177,4.6,0.04,20.0
2026-03-09 11:30:00+09:00,9110,ＮＳユナイテッド海運,9110.T,プライム,intraday_5m,6810.0,0.0,0.17647058823529413,0.0025074596377992263,47.61904761904762,-0.04084507042253516,160481837056.0,7.8234496,0.89446074,0.13108,3.73,0.04,20.0
2026-03-09 11:30:00+09:00,9119,飯野海運,9119.T,プライム,intraday_5m,1624.0,0.0,0.10344827586206896,0.0023574013471388097,55.99999999999999,-0.02168674698795181,171823988736.0,10.599138,1.1219684,,3.73,0.04,20.0
2026-03-09 11:30:00+09:00,9142,九州旅客鉄道,9142.T,プライム,intraday_5m,3780.0,-0.00026448029621795044,3.5962732919254656,0.001509798163337464,51.78571428571429,-0.008134347940173203,580946558976.0,13.531412,1.2004589,,3.02,0.02,20.0
2026-03-09 11:30:00+09:00,9143,ＳＧホールディングス,9143.T,プライム,intraday_5m,1439.0,-0.0003473428273705892,0.017366136034732273,0.0016395671052720912,32.075471698113205,-0.019420783645655915,858695925760.0,15.893528,1.6218361,,3.68,0.0,20.0
2026-03-09 11:30:00+09:00,9147,ＮＩＰＰＯＮ　ＥＸＰＲＥＳＳホールディングス,9147.T,プライム,intraday_5m,3609.0,0.0,0.02085747392815759,0.0017821671570250458,48.00000000000001,-0.04321314952279953,875134582784.0,329.89032,1.0550265,0.00485,2.65,0.02,20.0
2026-03-09 11:30:00+09:00,9201,日本航空,9201.T,プライム,intraday_5m,2567.0,-0.0005839984426708744,0.10778756431499086,0.002754131948587828,24.060150375939855,-0.05572926246091592,1104769843200.0,9.132306,0.9073018,0.12172,3.68,0.02,20.0
2026-03-09 11:30:00+09:00,9202,ＡＮＡホールディングス,9202.T,プライム,intraday_5m,2907.5,-0.0006874033339061558,0.0,0.0018292699352261933,26.984126984126974,-0.04921517331589276,1342085136384.0,10.245613,0.94128,0.12322,1.96,0.01,20.0
2026-03-09 11:30:00+09:00,9216,ビーウィズ,9216.T,プライム,intraday_5m,1716.0,0.0,0.0,0.0019812470750002428,34.48275862068965,-0.025000000000000022,24275132416.0,177.27272,2.9910636,0.016,4.38,0.030000000000000006,20.0
2026-03-09 11:25:00+09:00,9229,サンウェルズ,9229.T,プライム,intraday_5m,238.0,0.00421940928270037,0.06417112299465241,0.00534717285973763,25.0,-0.04417670682730923,7718937088.0,,1.1748735,-0.35744,,0.01,20.0
2026-03-09 11:25:00+09:00,9247,ＴＲＥホールディングス,9247.T,プライム,intraday_5m,1609.0,0.0024922118380061864,0.7257559958289885,0.0029363475914967285,51.61290322580645,-0.04054859868813354,76571140096.0,4.8433223,0.9433503,0.17698,2.98,0.01,20.0
2026-03-09 11:25:00+09:00,9267,Ｇｅｎｋｙ　ＤｒｕｇＳｔｏｒｅｓ,9267.T,プライム,intraday_5m,3860.0,0.0039011703511053764,0.7422680412371133,0.0024918943014139903,45.45454545454546,-0.03500000000000003,117649391616.0,15.054603,2.0409653,0.14554,0.33,0.02,20.0
2026-03-09 11:30:00+09:00,9273,コーア商事ホールディングス,9273.T,プライム,intraday_5m,852.0,0.001175088131609936,0.16901408450704228,0.0026632606379098016,50.0,-0.029612756264236872,35884965888.0,9.762806,1.2143394,0.13093,2.05,0.05,20.0
2026-03-09 11:30:00+09:00,9274,ＫＰＰグループホールディングス,9274.T,プライム,intraday_5m,867.0,0.0011547344110853786,16.476190476190474,0.0019182141235297287,50.0,-0.04725274725274731,54524182528.0,8.248502,0.6432352,0.07832,3.96,0.02,20.0
2026-03-09 11:30:00+09:00,9278,ブックオフグループホールディングス,9278.T,プライム,intraday_5m,1749.0,0.0,0.3025210084033614,0.0019021882142497358,26.31578947368422,-0.04634678298800432,30699329536.0,16.730438,1.6222429,0.10092,1.64,0.030000000000000006,20.0
2026-03-09 11:30:00+09:00,9279,ギフトホールディングス,9279.T,プライム,intraday_5m,3910.0,-0.0012771392081737387,0.6206896551724138,0.002000451624728501,30.769230769230774,-0.053268765133171914,78382784512.0,35.86169,7.567737,0.23257999,0.63,0.02,20.0
2026-03-09 11:30:00+09:00,9301,三菱倉庫,9301.T,プライム,intraday_5m,1361.5,-0.00036710719530097524,0.0,0.0018715861309121832,50.76923076923077,-0.03130558520099613,486908395520.0,15.853517,1.2732818,0.13803001,2.56,0.030000000000000006,20.0
2026-03-09 11:30:00+09:00,9302,三井倉庫ホールディングス,9302.T,プライム,intraday_5m,3638.0,-0.0005494505494505475,0.1607142857142857,0.002244897244153131,45.91836734693878,-0.03373173970783527,272284368896.0,87.83197,2.104793,0.09912,1.3,0.01,20.0
2026-03-09 11:30:00+09:00,9303,住友倉庫,9303.T,プライム,intraday_5m,3885.0,0.0,0.08333333333333333,0.0018012949940787856,58.33333333333333,-0.021410579345088165,296078147584.0,13.821689,1.0012109,0.078,2.59,-0.01,20.0
2026-03-09 11:25:00+09:00,9304,澁澤倉庫,9304.T,プライム,intraday_5m,1323.0,0.0,0.5258964143426296,0.0022632328607898075,50.0,-0.03991291727140789,74306338816.0,13.675833,1.1283486,0.10544,4.35,0.030000000000000006,20.0
2026-03-09 11:30:00+09:00,9305,ヤマタネ,9305.T,プライム,intraday_5m,2143.0,0.00046685340802987696,1.6551724137931034,0.0019274652697654643,48.78048780487806,-0.04458314757021842,45272690688.0,14.835584,0.77535814,0.07777,3.57,0.04,20.0
2026-03-09 11:30:00+09:00,9310,日本トランスシティ,9310.T,プライム,intraday_5m,1209.0,0.0,0.0,0.0029685576090848266,53.84615384615384,-0.039714058776807004,75570356224.0,12.618725,0.7820915,0.06649,3.26,0.030000000000000006,20.0
2026-03-09 11:25:00+09:00,9319,中央倉庫,9319.T,プライム,intraday_5m,1688.0,0.004761904761904745,0.8571428571428571,0.002819320219281834,52.631578947368425,-0.030442274554853488,30440757248.0,16.980183,0.63872284,0.03846,2.53,0.021052631578947368,19.0
2026-03-09 11:30:00+09:00,9324,安田倉庫,9324.T,プライム,intraday_5m,2339.0,0.0,0.0,0.0025882715903696573,50.0,-0.05265289590927502,67746689024.0,21.288795,0.66291046,0.03936,3.16,0.010526315789473684,19.0
2026-03-09 11:30:00+09:00,9332,ＮＩＳＳＯホールディングス,9332.T,プライム,intraday_5m,632.0,0.0031746031746031633,0.6965174129353234,0.003014326736711394,52.38095238095237,-0.029185867895545337,21281169408.0,13.207942,1.2187055,0.094689995,3.84,0.010526315789473684,19.0
2026-03-09 11:30:00+09:00,9336,大栄環境,9336.T,プライム,intraday_5m,3770.0,0.0,0.11842105263157894,0.002809525174329257,40.0,-0.033333333333333326,376430428160.0,26.92665,3.6148643,0.13921,1.26,0.0,20.0
2026-03-09 11:25:00+09:00,9341,ＧＥＮＯＶＡ,9341.T,プライム,intraday_5m,589.0,-0.0016949152542372614,0.07100591715976332,0.0026238899126733916,41.66666666666667,-0.03442622950819674,10205327360.0,17.979244,1.5382285,0.05461,4.92,0.010526315789473684,19.0
2026-03-09 11:30:00+09:00,9347,日本管財ホールディングス,9347.T,プライム,intraday_5m,2823.0,-0.0003541076487252326,2.8656716417910446,0.001359784621885833,50.0,-0.008429926238145424,102534037504.0,14.225963,1.417195,0.12767,1.9,0.06,20.0
2026-03-09 11:30:00+09:00,9364,上組,9364.T,プライム,intraday_5m,5561.0,-0.0007187780772686114,0.05853658536585366,0.0018636694245334152,54.47154471544715,-0.0188779110797459,552899379200.0,19.740858,1.4263045,0.075729996,3.26,0.04,20.0
2026-03-09 11:30:00+09:00,9381,エーアイテイー,9381.T,プライム,intraday_5m,2173.0,0.0009212344541686956,0.24,0.0016699713396016423,53.65853658536585,-0.025123373710183916,51051577344.0,16.1142,2.6274614,0.16770001,4.93,0.05263157894736842,19.0
2026-03-09 11:30:00+09:00,9401,ＴＢＳホールディングス,9401.T,プライム,intraday_5m,5640.0,0.0015982951518380695,0.07947019867549669,0.002206474576724981,43.55828220858896,-0.03457719958918182,884248412160.0,16.010447,0.79199034,0.051820002,1.25,0.02,20.0
2026-03-09 11:30:00+09:00,9404,日本テレビホールディングス,9404.T,プライム,intraday_5m,3207.0,-0.0006232471174820731,0.08080808080808081,0.0021189001115505426,41.66666666666667,-0.020763358778626007,793194332160.0,14.357987,0.7858104,0.06258,1.83,0.030000000000000006,20.0
2026-03-09 11:30:00+09:00,9405,朝日放送グループホールディングス,9405.T,プライム,intraday_5m,819.0,-0.0012195121951219523,0.0,0.002201392807513486,39.99999999999999,-0.022673031026252954,34225727488.0,5.9377947,0.42373782,0.064899996,2.15,0.04,20.0
2026-03-09 11:30:00+09:00,9409,テレビ朝日ホールディングス,9409.T,プライム,intraday_5m,3205.0,0.0,0.012320328542094455,0.0033190407635662724,42.857142857142854,-0.030257186081694365,322228584448.0,9.905427,0.6932047,0.07478,1.82,0.030000000000000006,20.0
2026-03-09 11:30:00+09:00,9412,スカパーＪＳＡＴホールディングス,9412.T,プライム,intraday_5m,2654.0,0.0007541478129713397,0.03723404255319149,0.004372295288943812,42.58064516129032,-0.08703130374957002,752249143296.0,35.524025,2.563231,0.07934,1.44,0.02,20.0
2026-03-09 11:30:00+09:00,9413,テレビ東京ホールディングス,9413.T,プライム,intraday_5m,4180.0,0.0,0.4,0.0024133571095321786,41.66666666666667,-0.018779342723004744,111296561152.0,12.010114,1.0298182,0.092089996,2.35,0.030000000000000006,20.0
2026-03-09 11:30:00+09:00,9416,ビジョン,9416.T,プライム,intraday_5m,1180.0,-0.002535925612848655,0.041666666666666664,0.00304419170077242,42.857142857142854,-0.04220779220779225,58038611968.0,12.821906,2.7281282,0.23058,4.71,0.01,20.0
2026-03-09 11:30:00+09:00,9418,Ｕ－ＮＥＸＴ　ＨＯＬＤＩＮＧＳ,9418.T,プライム,intraday_5m,1769.0,0.0005656108597285048,0.3308823529411765,0.0020877141893905285,51.28205128205128,-0.008963585434173638,319083216896.0,17.35675,3.188634,0.18608999,0.95,0.01,20.0
2026-03-09 11:30:00+09:00,9424,日本通信,9424.T,プライム,intraday_5m,131.0,0.007692307692307665,0.0,0.004416034463744743,50.0,-0.03676470588235292,21852008448.0,20.79365,4.802581,0.23091999,,0.01,20.0
2026-03-09 11:30:00+09:00,9432,ＮＴＴ,9432.T,プライム,intraday_5m,152.1999969482422,-0.0013123159859050881,0.0,0.0016752717841207597,51.999853512942735,0.007279886170044048,12418348482560.0,12.117834,1.3078635,0.10722999,3.51,-0.01,20.0
2026-03-09 11:30:00+09:00,9433,ＫＤＤＩ,9433.T,プライム,intraday_5m,2669.0,-0.0003745318352059712,0.0,0.0018687754239547227,32.53012048192771,0.0001873711823121571,10161092558848.0,14.773607,2.045753,0.1423,3.0,0.0,20.0
2026-03-09 11:30:00+09:00,9434,ソフトバンク,9434.T,プライム,intraday_5m,211.60000610351562,-0.0004723233168066887,0.046327969466656405,0.0010677642084018124,43.47866468527758,0.004748337944057157,10106750107648.0,18.80889,3.5377517,0.17556,4.08,0.02,20.0
2026-03-09 11:25:00+09:00,9435,光通信,9435.T,プライム,intraday_5m,42100.0,-0.0016599478302110615,1.641025641025641,0.003321601841764921,60.176991150442475,-0.014513108614232162,1847418683392.0,13.245783,1.6330221,0.12522,1.78,0.0,20.0
2026-03-09 11:30:00+09:00,9438,エムティーアイ,9438.T,プライム,intraday_5m,650.0,-0.0030674846625766694,0.10344827586206896,0.002365988036210895,35.294117647058826,-0.03273809523809523,36067057664.0,10.5588045,1.9484763,0.1683,2.98,0.04,20.0
2026-03-09 11:30:00+09:00,9449,ＧＭＯインターネットグループ,9449.T,プライム,intraday_5m,2822.0,-0.0001771479185119773,0.09056603773584905,0.0030643876126990994,44.89795918367347,-0.02957359009628613,279287824384.0,18.206451,2.80438,0.1728,1.11,0.02,20.0
2026-03-09 11:30:00+09:00,9468,ＫＡＤＯＫＡＷＡ,9468.T,プライム,intraday_5m,3115.0,0.0,0.0703125,0.002012669370497899,76.19047619047619,-0.01079707843759925,456497922048.0,78.50302,1.8401194,0.018919999,0.95,0.0,20.0
2026-03-09 11:25:00+09:00,9470,学研ホールディングス,9470.T,プライム,intraday_5m,1021.0,0.001962708537782243,0.06741573033707865,0.0015300121641781113,46.666666666666664,-0.018269230769230815,42285826048.0,11.942918,0.8225665,0.07814,2.79,0.02,20.0
2026-03-09 11:30:00+09:00,9474,ゼンリン,9474.T,プライム,intraday_5m,995.0,-0.0010040160642570406,0.13872832369942195,0.000982479951104664,44.444444444444436,-0.019704433497536922,53119668224.0,17.790094,1.1053591,0.053460002,4.14,0.01,20.0
2026-03-09 11:30:00+09:00,9501,東京電力ホールディングス,9501.T,プライム,intraday_5m,591.7000122070312,0.0008457374656225536,0.07153677648571771,0.0042772368545655765,48.484910759240044,-0.07935272916032166,948082835456.0,,0.30643186,-0.21519,,0.01,20.0
2026-03-09 11:30:00+09:00,9502,中部電力,9502.T,プライム,intraday_5m,2419.5,-0.0006195786864932051,0.2139275766016713,0.002211270408020746,49.504950495049506,-0.025573902537253335,1827711352832.0,8.250921,0.6074564,0.082279995,2.82,0.01,20.0
2026-03-09 11:30:00+09:00,9503,関西電力,9503.T,プライム,intraday_5m,2379.0,-0.001049758555532243,0.36941410129096325,0.002527036293879425,50.3875968992248,-0.05968379446640315,2650376241152.0,6.121819,0.7846736,0.12425,3.56,0.0,20.0
2026-03-09 11:30:00+09:00,9504,中国電力,9504.T,プライム,intraday_5m,918.0,0.0,0.0,0.0024481394718840065,40.55119150889216,-0.057591599416879635,330100801536.0,2.958904,0.43484026,0.12566,2.77,0.01,20.0
2026-03-09 11:30:00+09:00,9505,北陸電力,9505.T,プライム,intraday_5m,973.2000122070312,0.0012345804599087629,0.0,0.0030129717466218,47.041424392357975,-0.06602685968615041,203310268416.0,2.9425814,0.4588642,0.1751,2.4,0.030000000000000006,20.0
2026-03-09 11:30:00+09:00,9506,東北電力,9506.T,プライム,intraday_5m,1078.0,0.00046403712296982924,0.06068779501011463,0.002574046223285183,45.16129032258065,-0.06301607996523251,539344338944.0,3.279586,0.49234223,0.16431999,3.48,0.0,20.0
2026-03-09 11:30:00+09:00,9507,四国電力,9507.T,プライム,intraday_5m,1539.0,-0.0012978585334199044,0.048082427017744706,0.0026742376401082675,55.55555555555556,-0.050000000000000044,319044190208.0,4.1286616,0.6783504,0.15419,3.09,0.030000000000000006,20.0
2026-03-09 11:30:00+09:00,9508,九州電力,9508.T,プライム,intraday_5m,1645.0,-0.0006075334143378353,0.06242774566473989,0.002598491372597041,37.234042553191486,-0.07713884992987374,777727967232.0,4.521591,0.6894858,0.16837999,2.81,0.02,20.0
2026-03-09 11:30:00+09:00,9509,北海道電力,9509.T,プライム,intraday_5m,989.0999755859375,0.0006069555750505273,0.41049837805956946,0.003156371870115052,40.816235742121464,-0.06644646004158805,203116199936.0,3.5658662,0.4573659,0.1401,2.83,0.01,20.0
2026-03-09 11:30:00+09:00,9511,沖縄電力,9511.T,プライム,intraday_5m,1028.0,0.00390625,0.048387096774193554,0.0018934752368053092,41.66666666666667,-0.05340699815837935,55836229632.0,9.29896,0.42015728,0.04932,2.76,0.02,20.0
2026-03-09 11:30:00+09:00,9513,電源開発,9513.T,プライム,intraday_5m,3700.0,0.000811468758452838,0.0,0.002809762394993122,59.84848484848485,-0.024261603375527407,654837612544.0,6.299159,0.47542465,0.07379,2.64,0.02,20.0
2026-03-09 11:30:00+09:00,9517,イーレックス,9517.T,プライム,intraday_5m,767.0,-0.0013020833333333703,0.02741812642802742,0.003663044186326931,54.285714285714285,-0.03400503778337527,59846463488.0,30.09023,0.88249576,0.013459999,2.77,0.030000000000000006,20.0
2026-03-09 11:30:00+09:00,9519,レノバ,9519.T,プライム,intraday_5m,659.0,0.0,0.03654080389768575,0.002804080887478334,50.0,-0.0652482269503546,59621777408.0,9.69688,0.5303345,0.0554,,0.01,20.0
2026-03-09 11:30:00+09:00,9531,東京瓦斯,9531.T,プライム,intraday_5m,7351.0,0.0,0.0,0.0028958387014906086,46.79802955665025,-0.05949334698055275,2475359469568.0,14.207027,1.5497136,0.12126,1.28,0.02,20.0
2026-03-09 11:30:00+09:00,9532,大阪瓦斯,9532.T,プライム,intraday_5m,6118.0,0.0001634788294915257,0.0,0.003116584478775824,55.0,-0.07944628347878424,2360093966336.0,13.617647,1.3664894,0.1079,1.81,0.030000000000000006,20.0
2026-03-09 11:30:00+09:00,9533,東邦瓦斯,9533.T,プライム,intraday_5m,5165.0,-0.0019323671497584183,1.9072847682119207,0.0021862204383495815,45.92592592592593,-0.04351851851851851,474797834240.0,17.878159,1.034105,0.06061,1.67,0.06,20.0
2026-03-09 11:30:00+09:00,9534,北海道瓦斯,9534.T,プライム,intraday_5m,863.0,0.0,0.030303030303030304,0.002454341799106965,72.72727272727272,-0.03251121076233188,76147040256.0,6.4629674,0.8335949,0.14298001,2.58,0.030000000000000006,20.0
2026-03-09 11:30:00+09:00,9535,広島ガス,9535.T,プライム,intraday_5m,373.0,-0.002673796791443861,2.0145985401459856,0.005142426514148478,33.33333333333333,-0.02864583333333337,25638369280.0,12.082928,0.37216374,0.0355,3.13,0.01,20.0
2026-03-09 11:30:00+09:00,9536,西部ガスホールディングス,9536.T,プライム,intraday_5m,2511.0,0.0,4.710280373831776,0.0015538417693298748,61.29032258064516,-0.034230769230769176,90374717440.0,10.36233,0.82705444,0.098120004,2.69,0.05,20.0
2026-03-09 11:30:00+09:00,9543,静岡ガス,9543.T,プライム,intraday_5m,1513.0,0.0,0.03934426229508197,0.0034344807550853317,55.17241379310345,-0.06315789473684208,114009038848.0,11.341829,0.868197,0.08061,2.72,0.02,20.0
2026-03-09 11:30:00+09:00,9551,メタウォーター,9551.T,プライム,intraday_5m,3500.0,-0.0014265335235378318,0.11501597444089456,0.0022192813774994306,30.0,-0.08015768725361372,152811700224.0,15.356265,1.9070991,0.13234,1.84,0.02,20.0
2026-03-09 11:30:00+09:00,9552,クオンツ総研ホールディングス,9552.T,プライム,intraday_5m,676.0,-0.001477104874446078,0.07148936170212766,0.0034324750136378404,51.72413793103448,-0.0598052851182197,36538298368.0,14.509551,6.606014,0.32084998,0.7,0.0,20.0
2026-03-09 11:30:00+09:00,9601,松竹,9601.T,プライム,intraday_5m,11110.0,-0.0008992805755395628,0.26666666666666666,0.0030426895533888334,52.94117647058823,-0.0008992805755395628,152699748352.0,36.867428,1.450758,0.053940002,0.27,0.02,20.0
2026-03-09 11:30:00+09:00,9602,東宝,9602.T,プライム,intraday_5m,1577.0,0.0006345177664974777,0.05044003677919349,0.002199063641833636,58.66666666666666,0.00445859872611476,1323662180352.0,26.571188,2.5724132,0.11309,7.96,0.01,20.0
2026-03-09 11:30:00+09:00,9603,エイチ・アイ・エス,9603.T,プライム,intraday_5m,1115.0,0.0008976660682227244,0.0,0.0023246904679005993,47.05882352941176,-0.0518707482993197,83332259840.0,17.68999,1.4923396,0.08903,2.13,0.0,20.0
2026-03-09 11:25:00+09:00,9605,東映,9605.T,プライム,intraday_5m,5590.0,0.0017921146953405742,0.42857142857142855,0.002347746149024494,61.53846153846153,0.0035906642728904536,349303635968.0,17.303288,1.222235,0.0994,0.22,0.030000000000000006,20.0
2026-03-09 11:30:00+09:00,9612,ラックランド,9612.T,プライム,intraday_5m,1653.0,0.0036429872495447047,0.0,0.004137963205139265,52.83018867924528,0.0030339805825243538,16988332032.0,40.936108,1.3170999,0.18958001,2.43,0.04,20.0
2026-03-09 11:30:00+09:00,9616,共立メンテナンス,9616.T,プライム,intraday_5m,2536.0,0.00019719976336030065,0.7939262472885033,0.0015810699713635161,65.4320987654321,-0.017625411582413375,222485594112.0,14.772529,1.6692096,0.13972999,1.78,0.01,20.0
2026-03-09 11:25:00+09:00,9619,イチネンホールディングス,9619.T,プライム,intraday_5m,2058.0,0.0,0.7272727272727273,0.0027411898283213002,56.060606060606055,-0.02046644455021418,48728129536.0,6.797688,0.7003349,0.106639996,4.0,0.06,20.0
2026-03-09 11:25:00+09:00,9621,建設技術研究所,9621.T,プライム,intraday_5m,2883.0,0.00034698126301169196,1.1555555555555554,0.0022973825100026245,29.310344827586206,-0.060912052117263804,79181873152.0,14.185898,1.1951151,0.09349,2.54,0.03157894736842106,19.0
2026-03-09 11:25:00+09:00,9622,スペース,9622.T,プライム,intraday_5m,1561.0,0.0025690430314708745,0.5950413223140496,0.0026733751956968034,61.22448979591836,-0.03163771712158814,38248763392.0,14.966442,1.0990659,0.11185,4.47,0.042105263157894736,19.0
2026-03-09 11:30:00+09:00,9627,アインホールディングス,9627.T,プライム,intraday_5m,5394.0,-0.000926097425449135,0.10810810810810811,0.0024943835951542386,30.769230769230774,-0.041407499555713545,189184966656.0,20.395508,1.3073152,0.07515,1.42,0.030000000000000006,20.0
2026-03-09 11:25:00+09:00,9628,燦ホールディングス,9628.T,プライム,intraday_5m,1438.0,0.0013927576601671099,0.6760563380281691,0.0027711652496045227,50.0,-0.024423337856173677,29627373568.0,6.3020425,0.777244,0.12838,3.87,0.02,20.0
2026-03-09 11:30:00+09:00,9629,ピー・シー・エー,9629.T,プライム,intraday_5m,1876.0,-0.0005327650506127268,1.0,0.004903807641616772,58.82352941176471,-0.007932310946589083,37617426432.0,23.792011,2.014752,0.08145001,5.02,0.01,20.0
2026-03-09 11:20:00+09:00,9644,タナベコンサルティンググループ,9644.T,プライム,intraday_5m,709.0,0.0014124293785311437,0.9411764705882353,0.004620533900660078,33.33333333333333,-0.023415977961432466,22903695360.0,21.701868,2.1867597,0.11123,3.86,0.06,20.0
2026-03-09 11:30:00+09:00,9658,ビジネスブレイン太田昭和,9658.T,プライム,intraday_5m,2989.0,0.0,0.5070422535211268,0.0019619483315087304,45.6140350877193,-0.010264900662251608,32308938752.0,12.325265,1.0906045,0.08550999,4.4,0.02,20.0
2026-03-09 11:30:00+09:00,9663,ナガワ,9663.T,プライム,intraday_5m,5850.0,-0.0017064846416382506,2.8,0.004074101815283033,36.36363636363636,-0.01845637583892612,91413864448.0,23.095144,1.5266415,0.05587,1.01,0.02,20.0
2026-03-09 11:30:00+09:00,9672,東京都競馬,9672.T,プライム,intraday_5m,5640.0,-0.001769911504424737,0.15584415584415584,0.001741045462249874,36.36363636363636,-0.03424657534246578,146850054144.0,14.371257,1.549677,0.11276,2.5,0.04,20.0
2026-03-09 11:30:00+09:00,9678,カナモト,9678.T,プライム,intraday_5m,3855.0,0.0,0.26666666666666666,0.0016294125619243061,42.857142857142854,-0.062043795620437936,133493858304.0,12.27707,0.91185826,0.07643,2.43,0.02,20.0
2026-03-09 11:30:00+09:00,9682,ＤＴＳ,9682.T,プライム,intraday_5m,1095.0,0.0,0.1276595744680851,0.0016951439908563096,40.90909090909091,-0.0196956132497762,174487011328.0,15.340432,2.9177282,0.19943,3.13,0.02,20.0
2026-03-09 11:30:00+09:00,9684,スクウェア・エニックス・ホールディングス,9684.T,プライム,intraday_5m,2512.0,0.00019908421262204712,0.17647058823529413,0.0023613558288054374,41.02564102564102,-0.02123514513929481,905732096000.0,39.784607,2.6492274,0.07472,1.68,0.02,20.0
2026-03-09 11:25:00+09:00,9692,シーイーシー,9692.T,プライム,intraday_5m,1983.0,0.0005045408678103769,0.8290909090909091,0.0025186947083457134,70.2127659574468,0.008646998982706045,61890351104.0,15.054661,1.5241302,0.10754,3.56,0.030000000000000006,20.0
2026-03-09 11:30:00+09:00,9697,カプコン,9697.T,プライム,intraday_5m,3330.0,0.0006009615384614531,0.07840807840807841,0.0028025527670106176,43.90243902439024,-0.015666568134791614,1392892706816.0,22.944944,5.5662813,,1.18,0.01,20.0
2026-03-09 11:30:00+09:00,9699,ニシオホールディングス,9699.T,プライム,intraday_5m,4245.0,0.0023612750885477762,5.5813953488372094,0.002196705591018792,42.857142857142854,-0.05033557046979864,117851496448.0,9.730213,0.8496007,0.08562,2.95,0.010526315789473684,19.0
2026-03-09 11:30:00+09:00,9702,アイ・エス・ビー,9702.T,プライム,intraday_5m,2000.0,0.0,0.0,0.0017973599614044074,29.411764705882362,-0.0029910269192422456,22925983744.0,15.951508,1.5787077,0.1024,3.49,0.03157894736842106,19.0
2026-03-09 11:30:00+09:00,9706,日本空港ビルデング,9706.T,プライム,intraday_5m,4919.0,0.0008138351983724146,0.1021276595744681,0.0018792531789392126,36.7816091954023,-0.0324547600314713,456595636224.0,15.809603,2.26587,0.21711001,1.77,0.030000000000000006,20.0
2026-03-09 11:25:00+09:00,9715,トランス・コスモス,9715.T,プライム,intraday_5m,3870.0,0.0,0.37795275590551186,0.0018736504490765183,37.5,-0.022727272727272707,145019650048.0,11.284773,1.1817789,0.11767,2.73,0.04,20.0
2026-03-09 11:25:00+09:00,9716,乃村工藝社,9716.T,プライム,intraday_5m,1323.0,0.0007564296520423675,0.4,0.0020297999722336886,37.5,-0.06765327695560253,147637256192.0,14.256465,2.552113,0.20549,2.96,0.05,20.0
2026-03-09 11:30:00+09:00,9719,ＳＣＳＫ,9719.T,プライム,intraday_5m,5680.0,0.0,0.3503649635036496,0.0010766368973008458,50.0,0.0017636684303350414,1776555917312.0,28.953003,5.6045074,0.20597,1.66,0.02,20.0
2026-03-09 11:30:00+09:00,9722,藤田観光,9722.T,プライム,intraday_5m,2116.0,0.0,0.08,0.002600876678217506,53.33333333333333,-0.05871886120996439,126790377472.0,13.721548,3.4438198,0.2975,0.89,0.02,20.0
2026-03-09 11:30:00+09:00,9729,トーカイ,9729.T,プライム,intraday_5m,2419.0,0.0,0.47058823529411764,0.008788365433345035,41.1764705882353,-0.032399999999999984,74710425600.0,17.217081,0.9023978,0.06533,2.32,0.030000000000000006,20.0
2026-03-09 11:30:00+09:00,9735,セコム,9735.T,プライム,intraday_5m,5970.0,0.00016753224995813554,0.05574912891986063,0.001902435013876352,46.22641509433962,0.0028557030068872002,2414685454336.0,23.107294,1.9143555,0.08574,1.68,0.02,20.0
2026-03-09 11:25:00+09:00,9739,ＮＳＷ,9739.T,プライム,intraday_5m,2322.0,0.0038910505836575737,0.6666666666666666,0.0016024970093389615,58.97435897435897,-0.012755102040816313,34596352000.0,10.104878,0.9463155,0.08547,3.61,0.0,20.0
2026-03-09 11:00:00+09:00,9740,セントラル警備保障,9740.T,プライム,intraday_5m,2916.0,-0.004098360655737654,0.2181818181818182,0.010810410185993437,33.55481727574751,-0.03443708609271523,40736702464.0,13.580477,1.0191984,0.0836,1.99,0.030000000000000006,20.0
2026-03-09 11:25:00+09:00,9742,アイネス,9742.T,プライム,intraday_5m,2073.0,-0.0009638554216867545,0.09523809523809523,0.001688648669188717,41.66666666666667,-0.016136687233032743,43145539584.0,33.237133,1.1423999,0.02572,2.61,-0.01,20.0
2026-03-09 11:30:00+09:00,9743,丹青社,9743.T,プライム,intraday_5m,1498.0,0.0013368983957218195,0.07717041800643087,0.002624986719118086,48.21428571428571,-0.044642857142857095,70758948864.0,11.345906,1.9718752,0.19504999,4.59,0.030000000000000006,20.0
2026-03-09 11:30:00+09:00,9744,メイテックグループホールディングス,9744.T,プライム,intraday_5m,3330.0,0.0,0.044444444444444446,0.0013768981475265503,50.94339622641509,-0.01304090100770594,257098530816.0,18.175863,5.791939,0.31326,5.39,0.02,20.0
2026-03-09 11:30:00+09:00,9746,ＴＫＣ,9746.T,プライム,intraday_5m,3770.0,-0.0013245033112583293,0.24242424242424243,0.0017380759848750317,50.0,-0.016949152542372836,193359233024.0,16.089108,1.7336155,0.14152999,2.87,0.030000000000000006,20.0
2026-03-09 11:15:00+09:00,9755,応用地質,9755.T,プライム,intraday_5m,2904.0,-0.0027472527472527375,6.4,0.0023762961532829054,35.294117647058826,-0.05714285714285716,66174451712.0,15.356142,0.8492934,0.05429,3.57,0.02,20.0
2026-03-09 11:30:00+09:00,9757,船井総研ホールディングス,9757.T,プライム,intraday_5m,1118.0,0.0,0.016282225237449117,0.0014276056830901146,29.411764705882362,-0.022727272727272707,101609185280.0,16.021784,4.4575043,0.25729,4.2,0.02,20.0
2026-03-09 11:30:00+09:00,9759,ＮＳＤ,9759.T,プライム,intraday_5m,2884.5,0.0010411244143675447,0.11612903225806451,0.0009666022726490201,73.80952380952381,-0.00017331022530331364,219269775360.0,18.014614,3.2036617,0.19198999,3.26,0.030000000000000006,20.0
2026-03-09 11:25:00+09:00,9765,オオバ,9765.T,プライム,intraday_5m,1148.0,0.0034965034965035446,0.12631578947368421,0.003856508708461613,48.88888888888889,-0.03610411418975645,18229182464.0,13.710736,1.3459203,0.10524999,3.53,0.05,20.0
2026-03-09 11:30:00+09:00,9766,コナミグループ,9766.T,プライム,intraday_5m,19195.0,0.0,0.04,0.0030082793576108957,43.70370370370371,-0.042643391521197005,2602008838144.0,30.296095,4.8472857,0.16981001,0.95,0.01,20.0
2026-03-09 11:30:00+09:00,9769,学究社,9769.T,プライム,intraday_5m,2382.0,0.001682085786375076,2.2222222222222223,0.00355435720446696,41.30434782608696,-0.01773195876288658,25888045056.0,14.951041,3.26275,0.23784,4.37,0.04,20.0
2026-03-09 11:30:00+09:00,9788,ナック,9788.T,プライム,intraday_5m,530.0,-0.0018832391713747842,2.7248908296943233,0.0011524518125043445,39.99999999999999,-0.0074906367041198685,22169145344.0,14.701803,0.99320126,0.049310002,4.12,0.03157894736842106,19.0
2026-03-09 11:20:00+09:00,9790,福井コンピュータホールディングス,9790.T,プライム,intraday_5m,3335.0,0.0015015015015014122,0.47058823529411764,0.0025605948000114085,37.5,-0.021994134897360684,68951752704.0,16.46507,2.3798616,0.1379,2.14,0.04,20.0
2026-03-09 11:30:00+09:00,9793,ダイセキ,9793.T,プライム,intraday_5m,3815.0,0.0026281208935610145,0.1518987341772152,0.0017300866163557221,54.54545454545455,-0.01675257731958768,180397490176.0,19.944584,2.2622583,,1.96,0.02,20.0
2026-03-09 11:15:00+09:00,9795,ステップ,9795.T,プライム,intraday_5m,2512.0,-0.0019864918553833544,2.4000000000000004,0.0050313049610959315,55.55555555555556,-0.005542359461599422,39147331584.0,14.754772,1.4247591,0.09972,3.48,0.030000000000000006,20.0
2026-03-09 11:30:00+09:00,9824,泉州電業,9824.T,プライム,intraday_5m,5790.0,-0.0034423407917383297,0.07894736842105263,0.003924844095712375,46.42857142857143,-0.047697368421052655,99141246976.0,14.949652,1.677723,0.111090004,2.47,0.030000000000000006,20.0
2026-03-09 11:30:00+09:00,9830,トラスコ中山,9830.T,プライム,intraday_5m,2292.0,0.002624671916010568,0.2513089005235602,0.0020571891982327393,52.5,-0.041004184100418395,151135305728.0,9.5139265,0.81146073,0.08817001,2.45,0.02,20.0
2026-03-09 11:30:00+09:00,9831,ヤマダホールディングス,9831.T,プライム,intraday_5m,550.2999877929688,0.0012736758335640808,0.9668094218415418,0.00124244647312957,44.444538634340695,-0.013445679749250372,363306582016.0,14.175682,0.5690926,0.03819,3.05,0.01,20.0
2026-03-09 11:30:00+09:00,9832,オートバックスセブン,9832.T,プライム,intraday_5m,1667.0,-0.0005995203836930418,1.3636363636363635,0.001311524004263552,55.0,-0.018834608593290225,130909667328.0,13.081692,0.95511806,0.06841,3.53,0.047058823529411764,17.0
2026-03-09 11:30:00+09:00,9837,モリト,9837.T,プライム,intraday_5m,1926.0,0.0,0.10169491525423728,0.002319431105340157,52.08333333333334,-0.04416873449131509,48823623680.0,17.22257,1.2376643,0.07372,3.57,0.04,20.0
2026-03-09 11:30:00+09:00,9842,アークランズ,9842.T,プライム,intraday_5m,1800.0,0.0,0.3468208092485549,0.0017910448591113043,40.625,-0.019607843137254943,113082155008.0,11.769321,0.89342886,0.060489997,2.18,0.06,20.0
2026-03-09 11:30:00+09:00,9843,ニトリホールディングス,9843.T,プライム,intraday_5m,2805.5,0.0,0.15375228798047588,0.0026938777384048103,41.228070175438596,-0.02569890606007985,1585270489088.0,20.08807,1.6285756,0.083950005,1.07,0.01,20.0
2026-03-09 11:30:00+09:00,9850,グルメ杵屋,9850.T,プライム,intraday_5m,983.0,0.0020387359836901986,1.2244897959183674,0.0013795570432657903,61.53846153846153,-0.00101626016260159,22485166080.0,65.70856,2.3425343,0.03381,0.71,0.030000000000000006,20.0
2026-03-09 11:30:00+09:00,9861,吉野家ホールディングス,9861.T,プライム,intraday_5m,3098.0,0.0,0.12182741116751268,0.0013516149242535985,48.57142857142856,-0.000645161290322549,200524627968.0,47.362785,3.037517,0.05982,0.71,0.02,20.0
2026-03-09 11:30:00+09:00,9869,加藤産業,9869.T,プライム,intraday_5m,6440.0,-0.0015503875968991832,0.22641509433962262,0.0024802406039152202,58.33333333333333,-0.016793893129770976,196700405760.0,15.126247,1.1180794,0.083809994,2.44,0.05263157894736842,19.0
2026-03-09 11:30:00+09:00,9880,イノテック,9880.T,プライム,intraday_5m,2511.0,-0.0035714285714285587,0.3947368421052631,0.00434628717894473,46.4,-0.10353445198143518,30570637312.0,25.394419,1.3068732,0.06813,2.86,0.04,20.0
2026-03-09 11:30:00+09:00,9882,イエローハット,9882.T,プライム,intraday_5m,1629.0,0.0,0.6153846153846154,0.0016239491531317095,53.57142857142857,-0.02571770334928225,139419484160.0,12.587898,1.1324807,0.09849,3.47,0.03157894736842106,19.0
2026-03-09 11:30:00+09:00,9887,松屋フーズホールディングス,9887.T,プライム,intraday_5m,5440.0,0.0,0.7418181818181818,0.0016107485297271098,28.57142857142857,-0.02333931777378817,103704420352.0,38.450665,2.1394522,0.07067,0.43,0.02,20.0
2026-03-09 11:30:00+09:00,9889,ＪＢＣＣホールディングス,9889.T,プライム,intraday_5m,1286.0,-0.0007770007770008247,0.32941176470588235,0.0029083563989603426,51.06382978723405,-0.027231467473525006,88549752832.0,17.340883,3.146562,0.20815,3.78,0.06,20.0
2026-03-09 11:30:00+09:00,9900,サガミホールディングス,9900.T,プライム,intraday_5m,1824.0,0.0,0.0,0.0011324096591180546,50.0,-0.015650296815974074,55237099520.0,35.410603,2.8647354,0.080290005,0.54,0.1,20.0
2026-03-09 11:30:00+09:00,9902,日伝,9902.T,プライム,intraday_5m,2338.0,0.001713796058269157,0.391304347826087,0.0017887403380418333,54.166666666666664,-0.024207011686143587,69060608000.0,13.66692,0.77328575,0.05495,2.92,0.02,20.0
2026-03-09 11:25:00+09:00,9928,ミロク情報サービス,9928.T,プライム,intraday_5m,1735.0,0.0017321016166280678,2.9473684210526314,0.0019210314859691132,48.38709677419355,-0.012521343198634072,51953111040.0,10.733729,1.6355966,0.15952,3.41,0.04,20.0
2026-03-09 11:30:00+09:00,9932,杉本商事,9932.T,プライム,intraday_5m,1317.0,0.0,0.08695652173913043,0.0028045533619460404,42.10526315789474,-0.028761061946902644,23018872832.0,13.678854,0.68963134,0.04902,3.98,0.030000000000000006,20.0
2026-03-09 11:30:00+09:00,9934,因幡電機産業,9934.T,プライム,intraday_5m,2537.5,-0.0005907837731390364,0.100418410041841,0.0017258728931207551,34.78260869565217,-0.04962546816479396,283516633088.0,13.793759,1.5278183,0.12299,2.62,0.04,20.0
2026-03-09 11:30:00+09:00,9936,王将フードサービス,9936.T,プライム,intraday_5m,3160.0,0.0,3.6857142857142855,0.0015619287031303937,57.142857142857146,-0.0062893081761006275,165420433408.0,21.555252,2.6737447,0.121199995,1.76,0.042105263157894736,19.0
2026-03-09 11:30:00+09:00,9946,ミニストップ,9946.T,プライム,intraday_5m,1767.0,0.001133144475920611,0.16551724137931034,0.001581740371161742,60.0,-0.012849162011173143,51257147392.0,,1.7200378,-0.22188999,1.12,0.01,20.0
2026-03-09 11:30:00+09:00,9948,アークス,9948.T,プライム,intraday_5m,3620.0,0.0,0.21428571428571427,0.001775098839296921,50.0,-0.014965986394557818,192882032640.0,16.582684,1.0280732,0.06798,2.18,0.04,20.0
2026-03-09 11:30:00+09:00,9956,バローホールディングス,9956.T,プライム,intraday_5m,3495.0,0.0,0.13333333333333333,0.0025943554022140876,47.05882352941176,-0.021008403361344574,184078712832.0,13.55965,1.0082055,,1.96,0.05,20.0
2026-03-09 11:30:00+09:00,9960,東テク,9960.T,プライム,intraday_5m,3955.0,0.0,2.6301369863013697,0.0025934596447495344,42.10526315789474,-0.07268464243845252,162875998208.0,13.697445,2.3411038,0.19673,2.74,0.047058823529411764,17.0
2026-03-09 11:30:00+09:00,9962,ミスミグループ本社,9962.T,プライム,intraday_5m,2730.5,-0.00018308311973636027,0.24806201550387597,0.0030105690907244764,35.148514851485146,-0.08602510460251045,727711744000.0,23.256111,2.0002258,0.08724,1.47,0.04,20.0
2026-03-09 11:20:00+09:00,9974,ベルク,9974.T,プライム,intraday_5m,7420.0,0.0013495276653170407,1.1162790697674418,0.004709664737371449,53.846153846153854,-0.00669344042838016,154565246976.0,12.510116,1.3337697,0.11153,1.66,0.01,20.0
2026-03-09 11:30:00+09:00,9983,ファーストリテイリング,9983.T,プライム,intraday_5m,62280.0,0.0004819277108434328,0.37456647398843934,0.0028337747773121797,42.792792792792795,-0.04814305364511695,19109358075904.0,44.27226,7.6312037,0.20033,0.83,0.01,20.0
2026-03-09 11:30:00+09:00,9984,ソフトバンクグループ,9984.T,プライム,intraday_5m,3486.0,-0.0005733944954128267,0.12755825978211202,0.0038543504241645202,46.59090909090909,-0.1120733571064697,19865890979840.0,6.5193,1.2861979,0.26023,0.28,0.030000000000000006,20.0
2026-03-09 11:30:00+09:00,9987,スズケン,9987.T,プライム,intraday_5m,6197.0,-0.0008061915511125006,0.7578947368421053,0.0015534003079189,49.48453608247423,-0.024094488188976415,422395052032.0,14.6973715,1.0482664,,1.57,0.01,20.0
2026-03-09 11:30:00+09:00,9989,サンドラッグ,9989.T,プライム,intraday_5m,3970.0,-0.0002518257365903276,0.2874251497005988,0.0018691674407302166,55.55555555555556,-0.004263857536995208,464422109184.0,14.621928,1.6657121,0.11504,3.31,0.02,20.0
2026-03-09 11:30:00+09:00,9990,サックスバー　ホールディングス,9990.T,プライム,intraday_5m,816.0,-0.001223990208078285,4.444444444444445,0.0011101388062628446,36.36363636363636,-0.019230769230769273,23709765632.0,10.90909,0.7907459,0.07119,4.21,0.030000000000000006,20.0
2026-03-09 11:30:00+09:00,9991,ジェコス,9991.T,プライム,intraday_5m,1756.0,0.0022831050228311334,0.10714285714285714,0.0031653476052474266,62.71186440677966,-0.048238482384823866,59083091968.0,10.6579275,0.8619945,0.08766,3.52,0.07,20.0
2026-03-09 11:30:00+09:00,9997,ベルーナ,9997.T,プライム,intraday_5m,916.0,0.0,1.9405940594059405,0.001653719977605315,60.0,-0.025531914893617058,88158191616.0,9.22829,0.59911335,0.0777,3.19,0.04,20.0
