timestamp,code,name,yf_ticker,market_segment,data_source,last_price,ret_5m,volume_ratio,volatility_2h,rsi_14,ret_1d,market_cap,trailing_pe,price_to_book,roe,dividend_yield,news_sentiment,news_article_count
2026-03-09 09:35:00+09:00,1301,極洋,1301.T,未分類,intraday_5m,5060.0,0.003968253968253954,0.05309734513274336,0.006981914154965955,34.28571428571429,-0.021276595744680882,60099334144.0,8.777712,0.8123032,,2.9,0.02,20.0
2026-03-09 09:35:00+09:00,1332,ニッスイ,1332.T,未分類,intraday_5m,1377.5,0.0018181818181817189,0.06885245901639345,0.008197983102033391,23.20441988950276,-0.03637635536901018,417758576640.0,15.694429,1.4710515,0.1066,2.52,0.030000000000000006,20.0
2026-03-09 09:35:00+09:00,1333,マルハニチロ,1333.T,未分類,intraday_5m,1465.5,0.0,0.19942196531791906,0.007595138990058998,29.44162436548224,-0.030112508272667093,221550559232.0,10.113873,0.925381,0.08513,2.69,0.04,20.0
2026-03-09 09:35:00+09:00,1375,ユキグニファクトリー,1375.T,未分類,intraday_5m,1072.0,0.0037453183520599342,0.0,0.0031174681019037202,50.0,0.0,42754387968.0,50.757572,2.9400632,0.1008,1.49,0.04,20.0
2026-03-09 09:35:00+09:00,1377,サカタのタネ,1377.T,未分類,intraday_5m,4140.0,0.0012091898428052694,0.0,0.005705864670369153,27.5,-0.02358490566037741,174955134976.0,15.474321,1.0532845,0.07039,1.89,0.05,20.0
2026-03-09 09:35:00+09:00,1379,ホクト,1379.T,未分類,intraday_5m,1944.0,0.0015455950540959051,0.0851063829787234,0.005747292843134938,33.009708737864074,-0.015197568389057725,60845379584.0,11.040436,0.98109823,0.107080005,2.79,0.05,20.0
2026-03-09 09:35:00+09:00,1414,ショーボンドホールディングス,1414.T,未分類,intraday_5m,1379.0,0.0021802325581394832,0.12551159618008187,0.006669366768386233,36.0248447204969,-0.018143009605122717,280059379712.0,19.126213,2.6802304,0.1387,3.24,0.01,20.0
2026-03-09 09:35:00+09:00,1417,ミライト・ワン,1417.T,未分類,intraday_5m,3530.0,0.003125888036374036,0.13533834586466167,0.011996220910767623,23.743016759776538,-0.051585169263836606,312970936320.0,15.650632,1.1895992,0.08816,2.42,0.030000000000000006,20.0
2026-03-09 09:35:00+09:00,1419,タマホーム,1419.T,未分類,intraday_5m,3900.0,0.0025706940874035134,0.06976744186046512,0.005059862464329692,40.54054054054053,-0.006369426751592355,113053818880.0,46.65072,4.106867,0.08319,4.99,0.030000000000000006,20.0
2026-03-09 09:35:00+09:00,1429,日本アクア,1429.T,未分類,intraday_5m,773.0,0.005201560468140354,0.02654867256637168,0.008444706708392058,24.074074074074076,-0.03495630461922594,24899278848.0,12.169395,2.140231,0.17096001,4.37,0.044444444444444446,18.0
2026-03-09 09:35:00+09:00,1433,ベステラ,1433.T,未分類,intraday_5m,1236.0,0.0008097165991902688,0.0,0.007307366084514436,22.784810126582286,-0.034375000000000044,10952084480.0,21.845175,2.0691698,0.12037,2.34,0.04,20.0
2026-03-09 09:35:00+09:00,1515,日鉄鉱業,1515.T,未分類,intraday_5m,2920.0,-0.0010263427984946727,0.1095690284879474,0.016696191663654658,13.75,-0.09737248840803714,229752029184.0,23.444399,1.5213325,0.07014,1.85,0.02,20.0
2026-03-09 09:35:00+09:00,1518,三井松島ホールディングス,1518.T,未分類,intraday_5m,1364.0,0.004418262150220897,0.2623481781376518,0.009075069680419162,28.070175438596493,-0.04078762306610406,52412465152.0,6.721861,0.9890731,0.18361999,4.5,0.06,20.0
2026-03-09 09:35:00+09:00,1605,ＩＮＰＥＸ,1605.T,未分類,intraday_5m,4166.0,0.0,0.15608835189730036,0.011073925112442989,61.17886178861789,0.018821803959911954,4841629810688.0,12.603237,1.0227236,0.08457,2.64,0.0,20.0
2026-03-09 09:35:00+09:00,1662,石油資源開発,1662.T,未分類,intraday_5m,2384.0,0.0004196391103650221,0.09934713154604807,0.012372032771199581,45.31722054380664,-0.011198672749896277,610203860992.0,7.02768,1.0812179,0.084139995,1.66,0.030000000000000006,20.0
2026-03-09 09:35:00+09:00,1663,Ｋ＆Ｏエナジーグループ,1663.T,未分類,intraday_5m,5100.0,0.003937007874015741,0.009397024275646046,0.006212727276878401,54.285714285714285,0.003937007874015741,136111513600.0,16.297575,1.2910644,0.088690005,1.18,0.04,20.0
2026-03-09 09:35:00+09:00,1719,安藤・間,1719.T,未分類,intraday_5m,1885.0,0.0023929805902684897,0.17314095449500555,0.009835898968762804,24.414715719063537,-0.04094608341810779,295503527936.0,11.175007,1.5753441,,4.07,0.02,20.0
2026-03-09 09:35:00+09:00,1720,東急建設,1720.T,未分類,intraday_5m,1461.0,0.001370801919122755,0.18170347003154574,0.012903235092600022,18.867924528301884,-0.06225930680359437,154791575552.0,23.268036,1.4784262,0.11707,2.57,0.030000000000000006,20.0
2026-03-09 09:35:00+09:00,1721,コムシスホールディングス,1721.T,未分類,intraday_5m,5222.0,0.0028807374687920273,0.746268656716418,0.006339609463705817,19.33085501858737,-0.03510716925351076,606533386240.0,19.336445,1.5852238,0.08924,2.22,0.030000000000000006,20.0
2026-03-09 09:30:00+09:00,1726,ビーアールホールディングス,1726.T,未分類,intraday_5m,528.0,-0.001890359168241984,0.028169014084507043,0.0003777435037265883,0.0,-0.001890359168241984,23903946752.0,20.927467,1.5594956,0.080340005,3.02,0.02,20.0
2026-03-09 09:35:00+09:00,1762,高松コンストラクショングループ,1762.T,未分類,intraday_5m,3600.0,0.005586592178770999,0.0,0.011872982706920967,22.535211267605646,-0.04761904761904767,125346488320.0,12.040133,0.8873584,0.07567,2.38,0.030000000000000006,20.0
2026-03-09 09:35:00+09:00,1766,東建コーポレーション,1766.T,未分類,intraday_5m,14360.0,0.007719298245614015,0.4660194174757281,0.006213058291535235,35.185185185185176,-0.01979522184300342,193049804800.0,11.477808,1.4066241,0.1283,2.46,0.06999999999999999,20.0
2026-03-09 09:05:00+09:00,1773,ワイ・ティー・エル・コーポレーション・バーハッド,1773.T,未分類,intraday_5m,75.0,-0.013157894736842146,0.0,0.006162611282509032,,-0.013157894736842146,870911377408.0,12.975778,1.2567384,0.13242,2.36,0.044444444444444446,18.0
2026-03-09 09:35:00+09:00,1780,ヤマウラ,1780.T,未分類,intraday_5m,1573.0,0.002549394518801762,0.0,0.005640339375854423,32.94117647058823,-0.016874999999999973,29772529664.0,8.475215,1.1641729,0.14836,1.88,0.06666666666666668,18.0
2026-03-09 09:35:00+09:00,1786,オリエンタル白石,1786.T,未分類,intraday_5m,388.0,0.005181347150259086,0.2553191489361702,0.008574456038226267,29.629629629629633,-0.032418952618453845,49909469184.0,14.002166,0.953235,0.06336,3.62,0.030000000000000006,20.0
2026-03-09 09:35:00+09:00,1801,大成建設,1801.T,未分類,intraday_5m,16885.0,0.0002962085308055862,0.14658803706823928,0.014597091636908721,18.64801864801865,-0.07707023776988253,2752429686784.0,20.64711,3.191967,,1.37,0.02,20.0
2026-03-09 09:35:00+09:00,1802,大林組,1802.T,未分類,intraday_5m,3775.0,0.0015919342000529912,0.3256208358570563,0.010690335014768688,17.57188498402556,-0.054832248372558845,2595018768384.0,15.832075,2.1731207,0.15325,2.18,0.02,20.0
2026-03-09 09:35:00+09:00,1803,清水建設,1803.T,未分類,intraday_5m,3008.0,-0.0026525198938992522,0.42344906089926015,0.015144625221723374,14.24418604651163,-0.08236729713239777,2035081543680.0,20.391838,2.2666373,0.11965,1.98,0.01,20.0
2026-03-09 09:35:00+09:00,1808,長谷工コーポレーション,1808.T,未分類,intraday_5m,3073.0,0.0006512536633018762,0.25513819985825653,0.011826080575391482,17.92828685258965,-0.0486068111455108,813281837056.0,21.237043,1.5388976,0.10509,2.79,0.01,20.0
2026-03-09 09:35:00+09:00,1812,鹿島建設,1812.T,未分類,intraday_5m,6052.0,0.0021526742838218205,0.3305640577175339,0.01337636203752638,17.67594108019641,-0.060394348703617484,2819897425920.0,16.929619,2.1181102,,2.05,0.030000000000000006,20.0
2026-03-09 09:35:00+09:00,1813,不動テトラ,1813.T,未分類,intraday_5m,3415.0,0.002936857562408246,0.1016949152542373,0.010341905255626815,20.967741935483872,-0.054016620498615,51736813568.0,17.106647,1.4014511,0.10812,2.49,0.030000000000000006,20.0
2026-03-09 09:35:00+09:00,1814,大末建設,1814.T,未分類,intraday_5m,3760.0,0.0013315579227697327,0.21533442088091356,0.013402839463475254,15.384615384615387,-0.07045735475896164,39063404544.0,13.203638,1.6019373,0.16188999,4.3,0.04,20.0
2026-03-09 09:35:00+09:00,1815,鉄建建設,1815.T,未分類,intraday_5m,4355.0,0.003456221198156584,0.20152671755725193,0.01194888423123724,26.31578947368422,-0.05326086956521736,60666335232.0,17.930664,0.77664316,0.04005,3.48,0.04,20.0
2026-03-09 09:35:00+09:00,1820,西松建設,1820.T,未分類,intraday_5m,5941.0,0.0013483903590090218,0.42023346303501946,0.010835053608270261,20.809248554913296,-0.0498960498960499,234578722816.0,13.033082,1.2837309,,3.52,0.04,20.0
2026-03-09 09:35:00+09:00,1833,奥村組,1833.T,未分類,intraday_5m,6450.0,0.0031104199066873672,0.1359773371104816,0.010270847027097792,23.63636363636364,-0.04726735598227472,231366557696.0,17.908707,1.209557,0.029289998,4.55,0.05,20.0
2026-03-09 09:35:00+09:00,1835,東鉄工業,1835.T,未分類,intraday_5m,5250.0,0.001908396946564972,0.09917355371900827,0.009102104657592548,7.89473684210526,-0.05063291139240511,180819623936.0,14.106456,1.4305493,0.10741,2.89,0.05,20.0
2026-03-09 09:35:00+09:00,1852,淺沼組,1852.T,未分類,intraday_5m,1009.0,0.004980079681274896,0.13761467889908255,0.01098296937811687,27.08333333333333,-0.04269449715370022,81453506560.0,13.754089,1.6916956,0.13019,4.13,0.05,20.0
2026-03-09 09:35:00+09:00,1860,戸田建設,1860.T,未分類,intraday_5m,1500.0,0.0010010010010010895,0.2418426103646833,0.011989020484346715,21.45328719723183,-0.05303030303030298,450306867200.0,14.637002,1.1960435,0.10925,3.16,0.030000000000000006,20.0
2026-03-09 09:35:00+09:00,1861,熊谷組,1861.T,未分類,intraday_5m,1644.0,0.00366300366300365,0.4585537918871252,0.013781438169331207,22.67441860465115,-0.05841924398625431,284137652224.0,20.514101,1.5151235,0.11468001,2.58,0.030000000000000006,20.0
2026-03-09 09:35:00+09:00,1870,矢作建設工業,1870.T,未分類,intraday_5m,2136.0,0.0014064697609001975,0.6787878787878788,0.011021599420864434,19.02173913043478,-0.0557029177718833,91927928832.0,8.825353,1.2570133,0.1532,3.98,0.05,20.0
2026-03-09 09:35:00+09:00,1871,ピーエス・コンストラクション,1871.T,未分類,intraday_5m,2867.0,0.0006980802792320162,0.43213296398891965,0.01244351151486797,18.772563176895304,-0.0569078947368421,134232514560.0,15.162092,2.1367378,0.15507,3.59,0.06,20.0
2026-03-09 09:30:00+09:00,1873,日本ハウスホールディングス,1873.T,未分類,intraday_5m,303.0,0.0,0.05042016806722689,0.006771456970526257,25.0,-0.028846153846153855,12119452672.0,54.594593,0.55767727,,3.53,0.0,20.0
2026-03-09 09:35:00+09:00,1878,大東建託,1878.T,未分類,intraday_5m,3595.0,0.0008351893095768226,0.36238136324417597,0.004804405443156396,36.8421052631579,-0.013175953884161373,1191230308352.0,12.60298,2.4340668,0.1974,3.93,0.05,20.0
2026-03-09 09:35:00+09:00,1879,新日本建設,1879.T,未分類,intraday_5m,1933.0,0.002593360995850613,0.13846153846153847,0.009274915966027164,19.117647058823522,-0.04543209876543208,113060470784.0,8.28618,0.89082813,0.11416,2.86,0.030000000000000006,20.0
2026-03-09 09:35:00+09:00,1882,東亜道路工業,1882.T,未分類,intraday_5m,1788.0,0.0022421524663676085,0.3709677419354839,0.006670243038377066,28.155339805825236,-0.029842647856755278,82625781760.0,20.684868,1.6034495,0.06459,4.88,0.0,20.0
2026-03-09 09:35:00+09:00,1885,東亜建設工業,1885.T,未分類,intraday_5m,3275.0,0.0,0.33496161898115845,0.014926632476953808,7.89473684210526,-0.08519553072625696,253167304704.0,16.24907,2.3182197,0.16404,2.15,0.030000000000000006,20.0
2026-03-09 09:35:00+09:00,1887,日本国土開発,1887.T,未分類,intraday_5m,609.0,0.00164473684210531,0.345679012345679,0.011687539634259574,22.950819672131146,-0.0528771384136858,48559865856.0,22.547205,0.7128368,0.03178,3.11,0.05,20.0
2026-03-09 09:35:00+09:00,1888,若築建設,1888.T,未分類,intraday_5m,4390.0,0.00572737686139746,0.10714285714285714,0.00969585342756512,42.6829268292683,-0.018994413407821265,55857885184.0,12.707326,1.1183656,0.08552,2.93,0.05,20.0
2026-03-09 09:35:00+09:00,1893,五洋建設,1893.T,未分類,intraday_5m,1744.5,-0.0005729017473503628,0.23496267079870403,0.015306137320932323,14.663461538461533,-0.08063241106719365,476394749952.0,24.646793,2.5679185,0.18159,2.32,0.01,20.0
2026-03-09 09:35:00+09:00,1898,世紀東急工業,1898.T,未分類,intraday_5m,1560.0,0.004507405022537103,0.06498194945848375,0.006755047174450768,28.125,-0.02621722846441943,57146494976.0,12.796325,1.3669738,0.101169996,4.37,0.05,20.0
2026-03-09 09:35:00+09:00,1899,福田組,1899.T,未分類,intraday_5m,7230.0,0.0055632823365785455,0.06818181818181818,0.008858226132793745,23.529411764705884,-0.044914134742404244,59866136576.0,10.792011,0.666652,0.06387,3.43,0.03157894736842106,19.0
2026-03-09 09:35:00+09:00,1911,住友林業,1911.T,未分類,intraday_5m,1471.0,0.0003400204012240504,0.38793432607865597,0.009461697879573051,21.028037383177576,-0.03698854337152213,899419209728.0,8.447227,0.8958145,0.12826,3.27,0.01,20.0
2026-03-09 09:35:00+09:00,1925,大和ハウス工業,1925.T,未分類,intraday_5m,5215.0,0.0005755947812740025,0.18543046357615894,0.005523720808279364,26.267281105990776,-0.02175951978990809,3229901914112.0,10.598516,1.1846192,0.11734,3.1,0.030000000000000006,20.0
2026-03-09 09:35:00+09:00,1926,ライト工業,1926.T,未分類,intraday_5m,3905.0,-0.0025542784163473664,0.13416149068322983,0.008611867982801693,26.08695652173914,-0.041717791411042926,167185448960.0,15.6839905,1.8917301,0.13942,2.9,0.06,20.0
2026-03-09 09:35:00+09:00,1928,積水ハウス,1928.T,未分類,intraday_5m,3519.0,-0.00226821661468668,0.3146009085009734,0.00559552581656391,40.4040404040404,-0.01373318385650224,2281148776448.0,11.4149475,1.0661508,0.11247,4.09,0.030000000000000006,20.0
2026-03-09 09:35:00+09:00,1929,日特建設,1929.T,未分類,intraday_5m,1260.0,0.0023866348448686736,0.5091937765205091,0.009803949114601728,18.085106382978722,-0.04977375565610864,52629958656.0,15.679442,1.456873,0.11303,3.7,0.030000000000000006,20.0
2026-03-09 09:35:00+09:00,1930,北陸電気工事,1930.T,未分類,intraday_5m,1547.0,-0.0012911555842478606,0.17433414043583537,0.01202199454598413,14.08450704225352,-0.0584297017650639,42546434048.0,13.725491,0.95685256,0.07989,2.68,0.02,20.0
2026-03-09 09:35:00+09:00,1934,ユアテック,1934.T,未分類,intraday_5m,2586.0,0.0011614401858304202,0.18897637795275593,0.014279116529742942,19.485294117647058,-0.06338283230713515,177625726976.0,14.6573715,1.1814601,0.09029,2.61,0.04,20.0
2026-03-09 09:35:00+09:00,1938,日本リーテック,1938.T,未分類,intraday_5m,2670.0,0.005271084337349352,0.20915032679738563,0.012445485642609241,16.027874564459935,-0.06545327266363321,66164064256.0,13.199526,1.0108135,0.08975001,2.87,0.0,20.0
2026-03-09 09:35:00+09:00,1939,四電工,1939.T,未分類,intraday_5m,1873.0,0.0016042780748664054,0.18147448015122875,0.009812679017156722,27.464788732394368,-0.03701799485861179,88658378752.0,17.413538,1.3156794,0.08168,3.7,0.030000000000000006,20.0
2026-03-09 09:35:00+09:00,1941,中電工,1941.T,未分類,intraday_5m,4470.0,0.0011198208286673506,0.0,0.010320918431763715,12.857142857142847,-0.052966101694915224,242113495040.0,11.43749,1.0157688,0.07515,2.75,0.030000000000000006,20.0
2026-03-09 09:35:00+09:00,1942,関電工,1942.T,未分類,intraday_5m,5910.0,0.0,0.40749414519906324,0.012858049592219837,11.352253756260438,-0.07526208731028006,1209065275392.0,23.489933,3.018333,0.15217,1.88,0.02,20.0
2026-03-09 09:35:00+09:00,1944,きんでん,1944.T,未分類,intraday_5m,7405.0,-0.0006747638326585204,0.3914590747330961,0.011832439416781249,14.705882352941188,-0.06372487040080921,1466137051136.0,24.574389,2.3292866,0.1047,1.58,0.01,20.0
2026-03-09 09:35:00+09:00,1945,東京エネシス,1945.T,未分類,intraday_5m,1712.0,0.0,0.1278409090909091,0.012372668512025922,14.285714285714292,-0.06753812636165579,56727023616.0,15.211017,0.8113594,0.067379996,3.16,0.01,20.0
2026-03-09 09:35:00+09:00,1946,トーエネック,1946.T,未分類,intraday_5m,1966.0,0.0010183299389001643,0.4449760765550239,0.016960216334209584,16.862745098039213,-0.07915690866510539,182509633536.0,12.0843315,1.283335,0.114750005,3.04,0.02,20.0
2026-03-03 00:00:00+09:00,1949,住友電設,1949.T,未分類,daily_fallback,10172525568.0,-5.123499489056993e-05,,0.0013292354270413708,46.51247283225744,-5.123499489056993e-05,329800.0,2.5427968e-05,2.7396936,0.14375,1.61,0.06999999999999999,20.0
2026-03-09 09:35:00+09:00,1950,日本電設工業,1950.T,未分類,intraday_5m,4760.0,-0.002096436058700246,0.1252173913043478,0.011971894117128264,14.150943396226424,-0.07392996108949412,277852160000.0,17.80904,1.3563077,0.090679996,2.24,0.01,20.0
2026-03-09 09:35:00+09:00,1951,エクシオグループ,1951.T,未分類,intraday_5m,2661.0,0.0009403799134850566,0.297945205479452,0.010107845206302191,23.82022471910112,-0.04555236728837875,544407650304.0,17.907133,1.6628339,0.1076,2.37,0.030000000000000006,20.0
2026-03-09 09:35:00+09:00,1952,新日本空調,1952.T,未分類,intraday_5m,3545.0,0.004249291784702569,0.15629522431259046,0.014364592399417604,17.647058823529406,-0.07198952879581155,161019314176.0,13.748303,2.1090293,0.18035,3.66,0.06,20.0
2026-03-09 09:35:00+09:00,1959,クラフティア,1959.T,未分類,intraday_5m,9250.0,-0.0009720272167620392,0.09787928221859707,0.010677841239611552,10.63553826199741,-0.0628166160081054,654299037696.0,21.348288,1.9909669,0.106359996,2.03,0.030000000000000006,20.0
2026-03-09 09:35:00+09:00,1961,三機工業,1961.T,未分類,intraday_5m,6650.0,0.003016591251885359,0.5043782837127846,0.013185241679252346,13.235294117647058,-0.07638888888888884,338601082880.0,19.004343,3.1468089,0.1899,2.29,0.02,20.0
2026-03-09 09:35:00+09:00,1963,日揮ホールディングス,1963.T,未分類,intraday_5m,2060.0,-0.001696147322510333,0.5170762847111395,0.014931695958418036,17.991631799163187,-0.06808414385885542,498213388288.0,,1.1617042,0.082399994,1.81,0.01,20.0
2026-03-09 09:35:00+09:00,1964,中外炉工業,1964.T,未分類,intraday_5m,4425.0,0.005681818181818121,0.0,0.011770382418483319,18.181818181818187,-0.05951115834218912,32025640960.0,9.166615,1.1092503,0.15656,3.19,0.06,20.0
2026-03-09 09:35:00+09:00,1968,太平電業,1968.T,未分類,intraday_5m,2692.0,-0.00037133308577796953,0.30337078651685395,0.012148398218732466,21.92307692307692,-0.05841203217908364,169877749760.0,18.571922,1.378604,0.09449001,2.45,0.02,20.0
2026-03-09 09:35:00+09:00,1969,高砂熱学工業,1969.T,未分類,intraday_5m,4604.0,0.001522732216663103,0.6176470588235293,0.01422117466479528,10.838445807770952,-0.08232011162049035,602502660096.0,15.345644,3.0213583,0.22594999,2.23,0.04,20.0
2026-03-09 09:35:00+09:00,1975,朝日工業社,1975.T,未分類,intraday_5m,3805.0,0.001315789473684159,0.29213483146067415,0.013072979893833806,9.876543209876544,-0.07980652962515111,98065793024.0,13.837369,2.1771657,0.18327999,4.11,0.05,20.0
2026-03-09 09:35:00+09:00,1976,明星工業,1976.T,未分類,intraday_5m,1791.0,0.0011179429849077493,0.09230769230769231,0.011478028002607808,20.77922077922078,-0.05786428195686477,82210709504.0,11.602747,1.2064083,0.120699994,3.16,0.05,20.0
2026-03-09 09:35:00+09:00,1979,大氣社,1979.T,未分類,intraday_5m,3405.0,0.002945508100147265,0.46601941747572817,0.013302640965097314,19.444444444444443,-0.06456043956043955,214513631232.0,17.101099,1.4051818,0.09989,2.58,0.04,20.0
2026-03-09 09:35:00+09:00,1980,ダイダン,1980.T,未分類,intraday_5m,2927.0,-0.0003415300546447675,0.7486502699460108,0.014868611789197442,6.528189910979222,-0.0867394695787832,378700365824.0,15.374514,3.1681023,0.22097,2.81,0.04,20.0
2026-03-09 09:35:00+09:00,1982,日比谷総合設備,1982.T,未分類,intraday_5m,5650.0,-0.007029876977152849,0.057971014492753624,0.01446907677858489,10.606060606060595,-0.08870967741935487,121670672384.0,20.205994,1.6113205,0.1104,2.58,0.030000000000000006,20.0
2026-03-09 09:35:00+09:00,2001,ニップン,2001.T,未分類,intraday_5m,2709.0,0.0,0.12612612612612611,0.005995330763307977,32.11678832116789,-0.018122508155128725,226103541760.0,11.916073,0.82870215,0.08039,2.39,0.030000000000000006,20.0
2026-03-09 09:35:00+09:00,2002,日清製粉グループ本社,2002.T,未分類,intraday_5m,2081.5,0.0002402691013936309,0.17204301075268819,0.0057897745209678575,36.96682464454976,-0.013507109004739282,591698591744.0,24.662321,1.1685227,0.053590003,2.84,0.05,20.0
2026-03-09 09:35:00+09:00,2004,昭和産業,2004.T,未分類,intraday_5m,3285.0,0.003053435114503733,0.0,0.0068932039073037925,35.0,-0.014992503748125885,106755801088.0,10.896245,0.73309857,0.07174,3.0,0.030000000000000006,20.0
2026-03-09 09:35:00+09:00,2053,中部飼料,2053.T,未分類,intraday_5m,1800.0,-0.0027700831024930483,0.24096385542168675,0.007772868643981105,28.90625,-0.031737493275954765,53140246528.0,15.200135,0.7386125,0.07118,3.23,0.05,20.0
2026-03-09 09:35:00+09:00,2060,フィード・ワン,2060.T,未分類,intraday_5m,1217.0,0.000822368421052655,0.0,0.008920288320559406,29.473684210526315,-0.037944664031620556,46574026752.0,8.999483,0.7854212,0.11071999,2.92,0.06000000000000001,20.0
2026-03-09 09:35:00+09:00,2108,日本甜菜製糖,2108.T,未分類,intraday_5m,4180.0,0.0072289156626506035,0.0,0.00776791810888619,30.508474576271183,-0.02450408401400228,50530283520.0,,0.6810746,-0.022839999,1.87,0.06,20.0
2026-03-09 09:35:00+09:00,2109,ＤＭ三井製糖,2109.T,未分類,intraday_5m,3375.0,0.0,0.17391304347826086,0.004271147267808812,37.93103448275862,-0.014598540145985384,105019203584.0,19.17069,0.92186713,0.033570003,3.8,0.0,20.0
2026-03-09 09:30:00+09:00,2117,ウェルネオシュガー,2117.T,未分類,intraday_5m,2859.0,0.004214963119072657,0.37037037037037035,0.006086178028767247,28.395061728395063,-0.023231978134608866,93631545344.0,16.47174,1.2241045,0.082159996,3.69,0.06999999999999999,20.0
2026-03-09 09:35:00+09:00,2120,ＬＩＦＵＬＬ,2120.T,未分類,intraday_5m,200.0,0.0,0.0,0.012223085558779772,25.000000000000014,-0.05660377358490565,25627058176.0,10.288066,0.9964625,0.10467,2.46,0.02,20.0
2026-03-09 09:35:00+09:00,2121,ＭＩＸＩ,2121.T,未分類,intraday_5m,2577.0,0.0038955979742889557,0.8861985472154964,0.006170809457624305,34.17721518987341,-0.018659558263518616,167779319808.0,10.286604,0.96037996,0.10026,4.57,0.0,20.0
2026-03-09 09:35:00+09:00,2124,ジェイエイシーリクルートメント,2124.T,未分類,intraday_5m,868.0,0.0,1.1471927162367221,0.0062022163611924735,34.61538461538463,-0.013636363636363669,137493397504.0,16.383541,6.153497,0.41544998,4.32,0.04,20.0
2026-03-09 09:35:00+09:00,2127,日本Ｍ＆Ａセンターホールディングス,2127.T,未分類,intraday_5m,636.4000244140625,0.0004717007383132632,0.30195080576759964,0.008650902075749168,29.57446697989471,-0.034147820862517775,201944956928.0,15.989951,4.224249,0.30945998,3.49,0.02,20.0
2026-03-09 09:35:00+09:00,2130,メンバーズ,2130.T,未分類,intraday_5m,1086.0,0.005555555555555536,0.34146341463414637,0.011397354386262248,33.62068965517241,-0.03637976929902398,13881497600.0,16.005896,2.3482451,0.16775,2.93,0.05,20.0
2026-03-09 09:35:00+09:00,2146,ＵＴグループ,2146.T,未分類,intraday_5m,202.0,0.004975124378109541,0.06432481751824817,0.007989443521142796,33.33333333333333,-0.03349282296650713,115286409216.0,21.107628,3.7294834,0.17708999,4.98,0.04,20.0
2026-03-09 09:35:00+09:00,2148,アイティメディア,2148.T,未分類,intraday_5m,1847.0,-0.001621621621621605,0.06122448979591837,0.005193267546576716,30.681818181818187,-0.02119766825649183,35875299328.0,25.96289,4.356728,0.15279001,5.3,0.03333333333333334,18.0
2026-03-09 09:35:00+09:00,2153,Ｅ・Ｊホールディングス,2153.T,未分類,intraday_5m,1778.0,0.0,0.20571428571428574,0.006632691483337224,16.470588235294116,-0.02788408966648437,32095873024.0,8.6562805,0.91272634,0.09323,3.77,0.01,20.0
2026-03-09 09:35:00+09:00,2154,オープンアップグループ,2154.T,未分類,intraday_5m,1807.0,0.002774694783573839,0.11764705882352941,0.006240984480628132,33.33333333333333,-0.022186147186147198,153496076288.0,11.852288,1.9782469,0.17187999,4.6,0.05,20.0
2026-03-09 09:35:00+09:00,2157,コシダカホールディングス,2157.T,未分類,intraday_5m,1068.0,0.0028169014084507005,0.6067415730337079,0.0086762271579931,36.470588235294116,-0.02287282708142724,88028389376.0,17.961655,2.5245302,0.16570999,2.38,0.01,20.0
2026-03-09 09:35:00+09:00,2163,アルトナー,2163.T,未分類,intraday_5m,1960.0,-0.0010193679918450993,0.19199999999999998,0.005278542755268391,19.04761904761905,-0.025844930417495027,20825710592.0,15.3172865,4.217612,0.28535998,4.17,0.030000000000000006,20.0
2026-03-09 09:35:00+09:00,2168,パソナグループ,2168.T,未分類,intraday_5m,1923.0,0.002606882168926017,1.4347826086956523,0.0073449684907890365,38.21656050955414,-0.030257186081694365,71827636224.0,,0.556605,-0.034849998,0.76,0.02,20.0
2026-03-09 09:35:00+09:00,2170,リンクアンドモチベーション,2170.T,未分類,intraday_5m,537.0,0.0,1.8638743455497382,0.0077768480842756475,28.57142857142857,-0.03590664272890487,57190490112.0,35.96785,4.383602,0.12942,2.94,0.05,20.0
2026-03-09 09:35:00+09:00,2175,エス・エム・エス,2175.T,未分類,intraday_5m,1697.0,-0.004692082111436902,0.5767878077373975,0.00608334967191258,28.448275862068968,-0.03028571428571425,139290525696.0,19.201178,3.142127,0.15786,1.69,0.02,20.0
2026-03-09 09:35:00+09:00,2181,パーソルホールディングス,2181.T,未分類,intraday_5m,245.60000610351562,0.0008150456886955038,0.37830288173759374,0.002156395692304402,61.29040197084585,0.007383113327425583,547903340544.0,14.171957,2.6341193,0.19106,4.51,0.02,20.0
2026-03-09 09:35:00+09:00,2198,アイ・ケイ・ケイホールディングス,2198.T,未分類,intraday_5m,809.0,0.0,0.23076923076923078,0.0017766608493633336,33.33333333333333,-0.007361963190184007,23540330496.0,11.902309,1.9362358,0.17277001,2.94,0.03157894736842106,19.0
2026-03-09 09:35:00+09:00,2201,森永製菓,2201.T,未分類,intraday_5m,2680.5,0.002056074766355165,0.2151208106001559,0.008009117937358331,20.639534883720927,-0.03370583994232157,225091960832.0,13.338977,1.6750575,0.14996,2.34,0.02,20.0
2026-03-09 09:35:00+09:00,2206,江崎グリコ,2206.T,未分類,intraday_5m,5995.0,0.002843760455001565,0.0,0.002949821984683381,49.302325581395344,0.00033372267645592757,381661184000.0,75.780556,1.3733321,0.01845,1.59,0.06999999999999999,20.0
2026-03-09 09:35:00+09:00,2207,ｍｅｉｔｏ,2207.T,未分類,intraday_5m,2816.0,0.000710732054015617,0.1951219512195122,0.0036283243910742143,40.18691588785047,-0.011929824561403457,45909004288.0,13.553449,0.7550231,0.05481,1.93,0.04,20.0
2026-03-09 09:35:00+09:00,2209,井村屋グループ,2209.T,未分類,intraday_5m,2444.0,0.0020500205002049743,0.36363636363636365,0.00405649212770018,31.48148148148148,-0.015706806282722474,31276171264.0,12.167073,1.2862284,0.102060005,1.45,0.05,20.0
2026-03-09 09:35:00+09:00,2211,不二家,2211.T,未分類,intraday_5m,2429.0,0.0008240626287598918,0.0,0.0040295076510259925,39.285714285714285,-0.007355946056395557,62609076224.0,47.04629,1.0325884,0.037130002,1.23,0.02,20.0
2026-03-09 09:35:00+09:00,2212,山崎製パン,2212.T,未分類,intraday_5m,3350.0,0.0038957147138147796,0.6348387096774194,0.005039042151642138,45.30386740331492,-0.004161712247324645,661808873472.0,16.192179,1.4392383,0.08948,1.78,0.01,20.0
2026-03-09 09:35:00+09:00,2217,モロゾフ,2217.T,未分類,intraday_5m,1495.0,0.0,0.4247787610619469,0.004182625622017741,45.31250000000001,-0.007962840079628442,30381172736.0,25.373388,1.5928351,0.046350002,1.06,0.06,20.0
2026-03-09 09:35:00+09:00,2220,亀田製菓,2220.T,未分類,intraday_5m,4305.0,0.0034965034965035446,0.27906976744186046,0.004895278406780434,40.42553191489362,-0.012614678899082521,90762788864.0,3.373375,0.90459496,0.31041,1.51,0.04,20.0
2026-03-09 09:35:00+09:00,2222,寿スピリッツ,2222.T,未分類,intraday_5m,1912.0,0.0044654583661676295,0.24274406332453827,0.004887320034387125,45.23809523809524,-0.009069707178025355,295275986944.0,24.406435,6.6172676,0.29391,1.81,0.04,20.0
2026-03-09 09:35:00+09:00,2229,カルビー,2229.T,未分類,intraday_5m,3163.0,0.0038083148206917716,0.13276595744680852,0.0032596079794808283,52.21238938053097,-0.002522863450015733,384582385664.0,23.197653,1.8729597,,2.08,0.0,20.0
2026-03-09 09:35:00+09:00,2264,森永乳業,2264.T,未分類,intraday_5m,4709.0,0.005122732123799434,0.6032315978456014,0.005355737143098874,29.824561403508767,-0.01834479883260376,381125033984.0,36.766083,1.4024978,0.04302,1.94,0.02,20.0
2026-03-09 09:35:00+09:00,2266,六甲バター,2266.T,未分類,intraday_5m,1151.0,0.0034873583260679464,0.0,0.003948750670039407,46.0,-0.0008680555555555802,22424784896.0,15.093102,0.6728964,,1.74,0.04,20.0
2026-03-09 09:35:00+09:00,2267,ヤクルト本社,2267.T,未分類,intraday_5m,2627.5,0.005934150076569722,0.7980929678188319,0.0023623998674857116,75.90361445783132,0.018805738658394633,770510618624.0,18.32415,1.3300511,0.07873,2.56,0.0,20.0
2026-03-09 09:35:00+09:00,2269,明治ホールディングス,2269.T,未分類,intraday_5m,3852.0,0.0020811654526535772,0.30103480714957664,0.003634851136661697,50.0,-0.002072538860103612,1044292370432.0,22.994268,1.3675113,0.06292,2.72,0.02,20.0
2026-03-09 09:35:00+09:00,2270,雪印メグミルク,2270.T,未分類,intraday_5m,3250.0,0.004636785162287493,0.9473684210526316,0.008419929932974092,37.254901960784316,-0.019607843137254943,198043467776.0,13.159493,0.84700686,0.096499994,3.02,0.05,20.0
2026-03-09 09:35:00+09:00,2281,プリマハム,2281.T,未分類,intraday_5m,2719.0,0.0011045655375552244,0.0,0.005797385957204658,25.384615384615387,-0.02369838420107717,136664195072.0,22.918072,1.1147394,0.03721,2.87,0.04,20.0
2026-03-09 09:35:00+09:00,2282,日本ハム,2282.T,未分類,intraday_5m,6741.0,0.0023791821561338633,0.2543352601156069,0.005558203293437942,29.936305732484072,-0.016917019104564668,641104609280.0,20.783745,1.1946259,0.059910003,2.33,0.04,20.0
2026-03-09 09:35:00+09:00,2288,丸大食品,2288.T,未分類,intraday_5m,2162.0,0.0,8.10566037735849,0.00652176774945419,26.4957264957265,-0.021719457013574694,52926013440.0,11.973859,0.71000755,0.06796,2.94,0.044444444444444446,18.0
2026-03-09 09:35:00+09:00,2292,Ｓ　Ｆｏｏｄｓ,2292.T,未分類,intraday_5m,2935.0,0.0027331738981892784,0.07547169811320754,0.006839952774985548,25.000000000000014,-0.031353135313531344,92962054144.0,16.586607,0.74181014,0.06606,3.43,0.05,20.0
2026-03-09 09:35:00+09:00,2294,柿安本店,2294.T,未分類,intraday_5m,2825.0,0.000708466170740385,0.8450704225352114,0.0043095668191905,28.70370370370371,-0.020457697642163652,27057518592.0,39.024727,1.8730118,0.048299998,2.95,0.030000000000000006,20.0
2026-03-09 09:35:00+09:00,2296,伊藤ハム米久ホールディングス,2296.T,未分類,intraday_5m,6030.0,0.0016611295681063787,0.4556962025316456,0.004450353812276255,39.285714285714285,-0.013093289689034338,342207758336.0,20.953506,1.1525846,0.057579998,2.37,0.030000000000000006,20.0
2026-03-09 09:35:00+09:00,2301,学情,2301.T,未分類,intraday_5m,1815.0,0.0011031439602868787,1.1238670694864048,0.004545014322744023,27.77777777777777,-0.017857142857142905,24358866944.0,12.991196,1.637085,0.12891,4.06,0.0,20.0
2026-03-09 09:35:00+09:00,2307,クロスキャット,2307.T,未分類,intraday_5m,982.0,0.0020408163265306367,0.8983957219251337,0.007546530485922346,34.848484848484844,-0.0248262164846077,13744169984.0,9.870339,2.1393776,0.23501,3.67,0.030000000000000006,20.0
2026-03-09 09:35:00+09:00,2317,システナ,2317.T,未分類,intraday_5m,420.0,0.004784688995215225,0.26377597109304424,0.005756760827526642,33.33333333333333,-0.01869158878504673,150131458048.0,18.14255,4.0696096,0.32909,1.64,0.030000000000000006,20.0
2026-03-09 09:35:00+09:00,2325,ＮＪＳ,2325.T,未分類,intraday_5m,4375.0,-0.0022805017103763037,0.44117647058823534,0.004375827581740297,20.930232558139537,-0.034216335540838805,41663614976.0,16.537518,1.4615449,0.07979,2.43,0.05,20.0
2026-03-09 09:35:00+09:00,2326,デジタルアーツ,2326.T,未分類,intraday_5m,5050.0,0.005976095617529875,0.37974683544303794,0.009456046442128337,23.86363636363636,-0.04356060606060608,67891113984.0,22.089056,3.8932555,0.19593,1.89,0.04,20.0
2026-03-09 09:35:00+09:00,2327,日鉄ソリューションズ,2327.T,未分類,intraday_5m,3853.0,0.0012993762993762648,0.27586206896551724,0.005982887830183781,30.8457711442786,-0.019592875318066194,705027375104.0,26.21445,2.628649,0.10735,2.04,0.030000000000000006,20.0
2026-03-09 09:35:00+09:00,2331,ＡＬＳＯＫ,2331.T,未分類,intraday_5m,1218.0,-0.0008203445447088065,0.6776470588235294,0.00587101793938535,34.53237410071942,-0.015757575757575748,591929737216.0,18.569904,1.6826062,,2.36,0.01,20.0
2026-03-09 09:35:00+09:00,2335,キューブシステム,2335.T,未分類,intraday_5m,1038.0,0.003868471953578423,0.1518987341772152,0.005918002436336059,32.758620689655174,-0.02075471698113207,15753794560.0,13.563309,1.409987,,4.15,0.06999999999999999,20.0
2026-03-09 09:35:00+09:00,2337,いちご,2337.T,未分類,intraday_5m,464.0,-0.0021505376344086446,0.32711260222268823,0.006006543561275496,28.125,-0.027253668763102756,187376041984.0,10.760668,1.665817,0.13936,2.41,0.04,20.0
2026-03-09 09:35:00+09:00,2353,日本駐車場開発,2353.T,未分類,intraday_5m,267.0,0.003759398496240518,0.42821576763485475,0.007732464410623063,36.36363636363636,-0.025547445255474477,84779548672.0,17.847593,4.4054317,0.26034,3.28,0.030000000000000006,20.0
2026-03-09 09:35:00+09:00,2359,コア,2359.T,未分類,intraday_5m,2174.0,0.004157043879907674,0.0,0.007723519626229888,34.59119496855345,-0.02511210762331839,31237122048.0,12.878385,1.571736,0.15379,2.69,0.02,20.0
2026-03-09 09:35:00+09:00,2371,カカクコム,2371.T,未分類,intraday_5m,1757.5,0.0,0.8811795316565482,0.008241603055037988,34.470989761092156,-0.030077262693156692,347697250304.0,17.53992,5.7553325,0.32863998,2.76,0.01,20.0
2026-03-09 09:35:00+09:00,2374,セントケア・ホールディング,2374.T,未分類,intraday_5m,1212.0,0.0,0.0,0.0003688360428602636,,0.0,29884985344.0,17.331617,1.6922411,0.09844,2.48,0.02,20.0
2026-03-09 09:35:00+09:00,2378,ルネサンス,2378.T,未分類,intraday_5m,1085.0,0.0009225092250921829,1.037037037037037,0.003040944814920993,38.23529411764706,-0.0091324200913242,20523796480.0,42.902332,1.661277,0.04729,1.19,0.06,20.0
2026-03-09 09:35:00+09:00,2379,ディップ,2379.T,未分類,intraday_5m,1980.0,-0.0010090817356205317,0.7206551410373065,0.005627408942720297,34.95145631067962,-0.014925373134328401,103681908736.0,13.56815,2.8142388,0.20087999,4.73,0.02,20.0
2026-03-09 09:35:00+09:00,2384,ＳＢＳホールディングス,2384.T,未分類,intraday_5m,3925.0,0.0038363171355497716,0.38918918918918916,0.01096975177754122,33.33333333333333,-0.02966625463535233,155890663424.0,13.237774,1.6117561,0.1125,2.6,0.06,20.0
2026-03-09 09:05:00+09:00,2389,デジタルホールディングス,2389.T,未分類,intraday_5m,2001.0,0.0004999999999999449,0.0,0.0003710919490854393,62.50000000000001,0.0,37370490880.0,19.724003,1.3023689,0.05633,2.3,0.05,20.0
2026-03-09 09:35:00+09:00,2395,新日本科学,2395.T,未分類,intraday_5m,1523.0,0.0013149243918475495,0.9959514170040485,0.009211327739444143,20.30075187969925,-0.04752970606629148,63405285376.0,13.626197,1.1995271,0.07981,3.13,0.01,20.0
2026-03-09 09:35:00+09:00,2410,キャリアデザインセンター,2410.T,未分類,intraday_5m,2457.0,-0.002030869212022779,0.19047619047619047,0.005940772375973663,27.007299270073005,-0.02654516640253568,12927714304.0,11.714503,2.9612222,0.27259,4.95,0.06,20.0
2026-03-09 09:35:00+09:00,2413,エムスリー,2413.T,未分類,intraday_5m,1632.5,0.0012266176019626318,0.8969493657616102,0.005454715589815848,43.01675977653631,-0.007900334244910323,1105379328000.0,24.138697,2.6539147,0.12472,1.28,0.02,20.0
2026-03-09 09:35:00+09:00,2429,ワールドホールディングス,2429.T,未分類,intraday_5m,2652.0,-0.0033821871476887866,0.4485981308411215,0.01023086645540356,23.529411764705884,-0.052180128663330994,47452319744.0,6.8733153,0.9540076,0.14243001,9.74,0.04,20.0
2026-03-09 09:35:00+09:00,2432,ディー・エヌ・エー,2432.T,未分類,intraday_5m,2516.5,0.003389154704944275,0.6017175007403021,0.007121557756637034,18.855218855218865,-0.03285933897002302,280586321920.0,6.3544774,1.1159176,0.09747,2.54,0.030000000000000006,20.0
2026-03-09 09:35:00+09:00,2433,博報堂ＤＹホールディングス,2433.T,未分類,intraday_5m,1064.5,-0.0018752930145334856,0.8164026095060578,0.007344988667990904,37.19512195121951,-0.026520347508001807,382826479616.0,24.33699,1.0086912,0.05341,2.93,0.05,20.0
2026-03-09 09:35:00+09:00,2445,タカミヤ,2445.T,未分類,intraday_5m,398.0,0.0,0.17967914438502672,0.007923970588186864,20.0,-0.03864734299516903,18246412288.0,14.499089,0.8039154,,4.83,0.05,20.0
2026-03-09 09:35:00+09:00,2461,ファンコミュニケーションズ,2461.T,未分類,intraday_5m,454.0,-0.00219780219780219,0.29179331306990886,0.004282034777304691,36.8421052631579,-0.013043478260869601,30084503552.0,23.438305,1.711522,0.07335,4.57,0.047058823529411764,17.0
2026-03-09 09:30:00+09:00,2462,ライク,2462.T,未分類,intraday_5m,1549.0,0.0012928248222365823,1.811320754716981,0.006306333275002947,32.467532467532465,-0.020859671302149163,29725409280.0,12.816482,1.6622152,0.1341,3.79,0.05,20.0
2026-03-09 09:35:00+09:00,2471,エスプール,2471.T,未分類,intraday_5m,249.0,0.0,0.926208651399491,0.004814655047009566,41.17647058823529,-0.011904761904761862,19447808000.0,13.4959345,1.9042231,0.14418,3.97,0.030000000000000006,20.0
2026-03-09 09:25:00+09:00,2475,ＷＤＢホールディングス,2475.T,未分類,intraday_5m,1557.0,-0.0012828736369467908,1.1214953271028039,0.0028182653511856885,21.42857142857143,-0.015802781289506962,30577870848.0,10.02253,0.926381,0.09974,3.95,0.03333333333333334,18.0
2026-03-09 09:35:00+09:00,2491,バリューコマース,2491.T,未分類,intraday_5m,425.0,0.0,0.5891783567134269,0.007166398230957474,33.33333333333333,-0.03189066059225509,9212439552.0,18.872114,0.75635827,0.038900003,3.64,0.02,20.0
2026-03-09 09:35:00+09:00,2492,インフォマート,2492.T,未分類,intraday_5m,391.0,0.0,0.703125,0.009460795746415616,16.216216216216225,-0.06904761904761902,88515231744.0,46.108494,7.286755,0.16656,1.57,0.030000000000000006,20.0
2026-03-09 09:35:00+09:00,2501,サッポロホールディングス,2501.T,未分類,intraday_5m,1654.5,0.0060808756460930535,0.7872763419483101,0.0047240090110238974,48.924731182795696,-0.006902761104441768,645000331264.0,42.807243,2.9470336,0.072340004,7.8,0.05,20.0
2026-03-09 09:35:00+09:00,2502,アサヒグループホールディングス,2502.T,未分類,intraday_5m,1621.5,0.002163164400494466,0.572865970361459,0.005527470920970156,33.33333333333333,-0.016080097087378675,2372038819840.0,14.0365305,0.9121865,0.063590005,3.16,0.02,20.0
2026-03-09 09:35:00+09:00,2503,キリンホールディングス,2503.T,未分類,intraday_5m,2591.0,0.002321083172146965,0.6639496109670249,0.0045505266840316794,53.409090909090914,0.0007724990343762617,2099104841728.0,14.235482,1.6310091,0.11389,2.94,0.05,20.0
2026-03-09 09:35:00+09:00,2531,宝ホールディングス,2531.T,未分類,intraday_5m,1557.5,-0.002561639449247477,1.565217391304348,0.005835839224654658,23.626373626373635,-0.02808112324492984,300401065984.0,23.64865,1.2169985,0.03949,1.81,0.02,20.0
2026-03-09 09:35:00+09:00,2533,オエノンホールディングス,2533.T,未分類,intraday_5m,435.0,0.0023041474654377225,0.37630662020905925,0.008444170355273594,41.66666666666667,-0.013605442176870763,24510822400.0,7.4780817,0.93616635,0.119219996,2.72,0.05,20.0
2026-03-09 09:35:00+09:00,2540,養命酒製造,2540.T,未分類,intraday_5m,4040.0,-0.0012360939431397266,0.0,0.000562133620063722,33.33333333333333,0.0,56006696960.0,75.75473,1.1457801,0.015520001,1.11,0.0,20.0
2026-03-09 09:35:00+09:00,2579,コカ・コーラ　ボトラーズジャパンホールディングス,2579.T,未分類,intraday_5m,4112.0,0.004151404151404137,0.7800963081861958,0.005516089086926237,31.55080213903743,-0.0169734640210375,678431686656.0,,1.8075862,-0.11969,1.77,0.02,20.0
2026-03-09 09:35:00+09:00,2585,ライフドリンク　カンパニー,2585.T,未分類,intraday_5m,1040.0,0.005802707930367523,0.25135135135135134,0.01417092789819418,33.846153846153854,-0.051959890610756565,53963497472.0,14.812705,3.386409,0.23965,1.28,0.02,20.0
2026-03-09 09:35:00+09:00,2587,サントリー食品インターナショナル,2587.T,未分類,intraday_5m,4635.0,0.003681247293200629,0.796430563301729,0.00465831419137815,39.09090909090909,-0.01067235859124871,1432213520384.0,16.244917,1.0883511,0.08036,2.56,0.02,20.0
2026-03-09 09:35:00+09:00,2590,ダイドーグループホールディングス,2590.T,未分類,intraday_5m,2795.0,0.0,0.28628230616302186,0.007181854946646282,48.9451476793249,0.0014331780723755294,88598749184.0,,1.3774967,-0.39558,1.07,0.01,20.0
2026-03-09 09:35:00+09:00,2593,伊藤園,2593.T,未分類,intraday_5m,2914.0,0.002752924982794225,0.7154811715481171,0.0036504117921886043,46.25000000000001,-0.00630861040068198,335621193728.0,23.77223,1.9594843,0.01713,1.64,0.01,20.0
2026-03-09 09:35:00+09:00,2594,キーコーヒー,2594.T,未分類,intraday_5m,1975.0,0.0010136847440445074,0.3559322033898305,0.0017393763029042713,32.35294117647058,-0.006039255158530432,42311319552.0,73.094,1.3324724,0.010650001,0.6,0.01,20.0
2026-03-09 09:35:00+09:00,2602,日清オイリオグループ,2602.T,未分類,intraday_5m,5810.0,0.003454231433505983,0.27149321266968324,0.007808836610361707,33.33333333333333,-0.016920473773265665,178787155968.0,7.820808,0.8710837,0.11686,3.05,0.030000000000000006,20.0
2026-03-09 09:35:00+09:00,2607,不二製油,2607.T,未分類,intraday_5m,3357.0,0.007200720072007227,0.5357142857142857,0.0070198077996128086,32.015810276679844,-0.031448355452971755,288643481600.0,32.94406,1.2075466,,1.5,0.01,20.0
2026-03-09 09:35:00+09:00,2613,Ｊ－オイルミルズ,2613.T,未分類,intraday_5m,2020.0,0.001984126984126977,0.5150214592274678,0.0038098754070069385,33.82352941176471,-0.012224938875305624,66895335424.0,12.894989,0.62112796,0.03498,3.42,0.01,20.0
2026-03-09 09:35:00+09:00,2659,サンエー,2659.T,未分類,intraday_5m,2959.0,0.0030508474576271816,0.3409090909090909,0.004638827404106662,36.423841059602644,-0.013666666666666716,183007199232.0,16.037941,1.1899889,,3.33,0.04,20.0
2026-03-09 09:35:00+09:00,2664,カワチ薬品,2664.T,未分類,intraday_5m,3050.0,0.0016420361247948545,0.12467532467532468,0.005298250131783737,32.14285714285715,-0.016129032258064502,68119457792.0,14.728607,0.58639246,0.03799,2.58,-0.030000000000000006,20.0
2026-03-09 09:35:00+09:00,2670,エービーシー・マート,2670.T,未分類,intraday_5m,2509.5,0.003599280143971262,0.5183823529411765,0.0079762906257721,40.650406504065046,-0.013561320754716943,621393936384.0,13.643778,1.6247925,,2.75,0.01,20.0
2026-03-09 09:35:00+09:00,2674,ハードオフコーポレーション,2674.T,未分類,intraday_5m,1990.0,0.002014098690835908,0.7105263157894737,0.007667091757593427,32.37410071942446,-0.024031387935262383,27653410816.0,12.464767,1.4632386,0.12816,3.83,0.030000000000000006,20.0
2026-03-09 09:35:00+09:00,2676,高千穂交易,2676.T,未分類,intraday_5m,2056.0,0.00146127618119829,0.0,0.002453308733497595,31.818181818181827,-0.016267942583732098,38405177344.0,45.127304,2.2409573,0.0881,3.85,0.06999999999999999,20.0
2026-03-09 09:35:00+09:00,2678,アスクル,2678.T,未分類,intraday_5m,1221.0,-0.0016353229762877675,1.174736842105263,0.005301060914170709,43.24324324324324,-0.008123476848091005,109327089664.0,,1.7324088,-0.01274,3.09,0.01,20.0
2026-03-09 09:35:00+09:00,2681,ゲオホールディングス,2681.T,未分類,intraday_5m,1697.0,0.004736530491415092,1.8181818181818181,0.007787142071856851,29.133858267716533,-0.03469852104664395,67512553472.0,13.692109,0.6966404,0.060289998,1.93,0.02,20.0
2026-03-09 09:40:00+09:00,2685,アンドエスティＨＤ,2685.T,未分類,intraday_5m,3045.0,0.00164473684210531,0.0,0.008826266974661509,43.85964912280702,-0.016155088852988664,140460343296.0,16.288649,1.7185215,0.116569996,2.91,0.01,20.0
2026-03-09 09:25:00+09:00,2692,伊藤忠食品,2692.T,未分類,intraday_5m,13070.0,-0.000764525993883769,2.554838709677419,0.0010426989529535979,47.368421052631575,0.0015325670498085309,165817892864.0,20.232824,1.3181807,0.07042,1.23,0.02,20.0
2026-03-09 09:35:00+09:00,2695,くら寿司,2695.T,未分類,intraday_5m,3655.0,0.00274348422496562,1.0596658711217184,0.0032607187926752706,26.08695652173914,-0.017473118279569877,145261527040.0,40.26661,2.235824,0.04583,0.4,0.04,20.0
2026-03-09 09:40:00+09:00,2726,パルグループホールディングス,2726.T,未分類,intraday_5m,1529.0,0.0006544502617800152,0.0,0.00840999961488576,39.25233644859813,-0.019243104554201418,265505193984.0,21.04611,3.333188,0.22775999,2.57,0.01,20.0
2026-03-09 09:35:00+09:00,2730,エディオン,2730.T,未分類,intraday_5m,2134.0,0.0028195488721804995,0.9473684210526315,0.005320355623363353,38.93805309734513,-0.01295097132284917,225649491968.0,16.872232,0.9796432,0.06372,2.22,0.030000000000000006,20.0
2026-03-09 09:35:00+09:00,2733,あらた,2733.T,未分類,intraday_5m,2938.0,0.0013633265167007913,0.3,0.005076970369220132,37.121212121212125,-0.011772620248906795,98357313536.0,10.230161,0.8049344,0.07383,3.77,0.02105263157894737,19.0
2026-03-09 09:40:00+09:00,2734,サーラコーポレーション,2734.T,未分類,intraday_5m,1085.0,-0.0018399264029438367,0.0,0.009039805536303704,26.881720430107535,-0.04405286343612336,69675368448.0,11.860516,0.7596943,0.06723,2.91,0.030000000000000006,20.0
2026-03-09 09:35:00+09:00,2737,トーメンデバイス,2737.T,未分類,intraday_5m,11500.0,-0.0043290043290042934,0.5339578454332552,0.014050911476363672,9.375,-0.08657664813343924,78210097152.0,12.326888,1.4008615,0.15467,3.42,0.04,20.0
2026-03-09 09:35:00+09:00,2742,ハローズ,2742.T,未分類,intraday_5m,4305.0,0.005841121495327117,0.0,0.00668448952203051,35.294117647058826,-0.017123287671232834,91874222080.0,10.270296,1.2235049,0.1311,1.55,0.04,20.0
2026-03-09 09:35:00+09:00,2749,ＪＰホールディングス,2749.T,未分類,intraday_5m,727.0,0.0,0.4033613445378151,0.006979313719976494,31.25,-0.02677376171352075,62216019968.0,16.552824,2.868529,,1.67,0.08,20.0
2026-03-09 09:35:00+09:00,2752,フジオフードグループ本社,2752.T,未分類,intraday_5m,1062.0,-0.0009407337723423836,0.9230769230769231,0.0017950617524738453,35.0,-0.006548175865294659,54446047232.0,621.0526,6.2747416,0.01043,0.28,0.030000000000000006,20.0
2026-03-09 09:35:00+09:00,2753,あみやき亭,2753.T,未分類,intraday_5m,1435.0,0.0013956734124214165,1.302857142857143,0.003934348312367333,33.89830508474576,-0.015099519560741292,29483180032.0,20.22266,1.3351681,0.063260004,2.33,-0.05,20.0
2026-03-09 09:40:00+09:00,2760,東京エレクトロン　デバイス,2760.T,未分類,intraday_5m,3110.0,0.0,0.0,0.013817495204737464,17.808219178082197,-0.07578008915304602,91484938240.0,12.962654,1.8604327,,2.94,0.02,20.0
2026-03-09 09:40:00+09:00,2767,円谷フィールズホールディングス,2767.T,未分類,intraday_5m,1430.0,-0.0013966480446927498,0.0,0.008837246649310257,11.999999999999986,-0.051094890510948954,88990105600.0,4.9942374,1.433663,0.31019,3.32,0.02,20.0
2026-03-09 09:40:00+09:00,2768,双日,2768.T,未分類,intraday_5m,5830.0,-0.0023956194387405594,0.0,0.012713225827253587,12.131147540983605,-0.07709355706822862,1213004906496.0,11.0792265,1.1475561,0.11336,2.61,0.02,20.0
2026-03-09 09:40:00+09:00,2784,アルフレッサ　ホールディングス,2784.T,未分類,intraday_5m,2452.5,-0.0024405125076265577,0.0,0.007342337142099796,27.213114754098356,-0.027557494052339426,445665017856.0,18.07562,0.8975728,0.06875,2.7,0.0,20.0
2026-03-09 09:40:00+09:00,2791,大黒天物産,2791.T,未分類,intraday_5m,5080.0,0.0,0.0,0.008794036094990609,27.02702702702703,-0.034220532319391594,68130893824.0,12.657598,1.1492592,0.09483,0.67,-0.010000000000000004,20.0
2026-03-09 09:35:00+09:00,2792,ハニーズホールディングス,2792.T,未分類,intraday_5m,1473.0,0.0020408163265306367,0.2564102564102564,0.00370697959216969,32.65306122448979,-0.014056224899598346,41064022016.0,11.994138,0.8506446,0.07364,3.68,-0.04,20.0
2026-03-09 09:40:00+09:00,2801,キッコーマン,2801.T,未分類,intraday_5m,1392.5,-0.000358937544867155,0.0,0.004897022600990676,41.86046511627907,-0.010657193605683846,1290617618432.0,22.536009,2.3666193,0.1104,2.13,0.01,20.0
2026-03-09 09:40:00+09:00,2802,味の素,2802.T,未分類,intraday_5m,4360.0,-0.0009165902841430373,0.0,0.008848608261346893,19.931271477663245,-0.03497122620628601,4190907924480.0,116.26667,5.6512403,0.10297,1.06,0.01,20.0
2026-03-09 09:35:00+09:00,2804,ブルドックソース,2804.T,未分類,intraday_5m,1859.0,-0.0010746910263299547,0.12244897959183675,0.0036996258379733207,38.80597014925374,-0.008533333333333282,23525117952.0,9.644617,0.92794526,0.10389,2.13,0.05,20.0
2026-03-09 09:40:00+09:00,2809,キユーピー,2809.T,未分類,intraday_5m,4394.0,-0.0011366219595362326,0.0,0.0036512893283788435,53.072625698324025,0.002052451539338751,606425317376.0,19.921112,1.8870656,0.09979,1.51,0.030000000000000006,20.0
2026-03-09 09:35:00+09:00,2810,ハウス食品グループ本社,2810.T,未分類,intraday_5m,3043.0,0.00429042904290422,0.5417607223476298,0.00358733939526763,44.76190476190476,-0.002948885976408966,276301021184.0,22.659916,0.95081925,0.041929998,1.57,0.0,20.0
2026-03-09 09:40:00+09:00,2811,カゴメ,2811.T,未分類,intraday_5m,2776.0,-0.00018008283810555525,0.0,0.004728767663087954,46.236559139784944,-0.006442376521116677,252233334784.0,17.219774,1.335655,0.075279996,2.08,0.04,20.0
2026-03-09 09:35:00+09:00,2815,アリアケジャパン,2815.T,未分類,intraday_5m,5800.0,0.0017271157167531026,0.5255474452554744,0.007156038042359577,36.111111111111114,-0.020270270270270285,184727732224.0,18.04268,1.4266696,0.07216,3.04,0.030000000000000006,20.0
2026-03-09 09:40:00+09:00,2871,ニチレイ,2871.T,未分類,intraday_5m,2042.0,-0.0004894762604014113,0.0,0.006205907501441261,43.77510040160642,-0.00825643516270036,511763087360.0,19.756191,1.8611162,0.09810001,2.33,0.01,20.0
2026-03-09 09:40:00+09:00,2874,横浜冷凍,2874.T,未分類,intraday_5m,1455.0,-0.0013726835964310569,0.0,0.00907736684781605,36.434108527131784,-0.022834116856951026,85836668928.0,43.432835,1.0391699,0.03824,1.61,0.04,20.0
2026-03-09 09:40:00+09:00,2875,東洋水産,2875.T,未分類,intraday_5m,11435.0,-0.0021815008726003837,0.0,0.005354355616612145,21.374045801526705,-0.025149190110826947,1113110478848.0,18.153675,2.2064514,0.13028,2.05,0.0,20.0
2026-03-09 09:35:00+09:00,2882,イートアンドホールディングス,2882.T,未分類,intraday_5m,1930.0,0.0,0.08053691275167785,0.003177972911076603,44.26229508196722,-0.006179196704428458,21920157696.0,73.60793,1.9604836,0.01131,0.77,0.04,20.0
2026-03-09 09:40:00+09:00,2884,ヨシムラ・フード・ホールディングス,2884.T,未分類,intraday_5m,978.0,-0.0010214504596527396,0.0,0.005309345533163329,18.0,-0.030723488602576787,23349248000.0,14.731134,1.9211428,0.14027001,,0.030000000000000006,20.0
2026-03-09 09:40:00+09:00,2897,日清食品ホールディングス,2897.T,未分類,intraday_5m,3038.0,0.0,0.0,0.0050367146353341285,42.30769230769231,-0.01106770833333337,872079622144.0,18.45014,1.7558846,0.10299,2.28,0.030000000000000006,20.0
2026-03-09 09:40:00+09:00,2908,フジッコ,2908.T,未分類,intraday_5m,1586.0,0.0006309148264984632,0.0,0.002108872588521876,39.99999999999999,-0.00314267756128217,45156114432.0,33.795013,0.64958787,0.01967,2.89,0.06,20.0
2026-03-09 09:35:00+09:00,2910,ロック・フィールド,2910.T,未分類,intraday_5m,1416.0,0.0028328611898016387,0.11907386990077178,0.0032089145856580518,63.38028169014085,0.004255319148936065,37015232512.0,313.96893,1.2832911,0.00117,2.13,-0.020000000000000004,20.0
2026-03-09 09:40:00+09:00,2914,日本たばこ産業,2914.T,未分類,intraday_5m,5621.0,-0.0014212115828744487,0.0,0.005487982140941617,35.25179856115108,-0.01610080504025202,9979457175552.0,19.994308,2.4417963,0.12149999,4.24,0.01,20.0
2026-03-09 09:40:00+09:00,2915,ケンコーマヨネーズ,2915.T,未分類,intraday_5m,2231.0,-0.00089565606806985,0.0,0.0054188124810161786,25.86206896551724,-0.029155787641427344,32121346048.0,13.559013,0.796658,0.064109996,2.92,0.02,20.0
2026-03-09 09:40:00+09:00,2918,わらべや日洋ホールディングス,2918.T,未分類,intraday_5m,3095.0,-0.001612903225806428,0.0,0.008398875936710702,24.48979591836735,-0.03732503888024885,53592653824.0,13.9314,0.9158008,0.08294,3.73,0.02,20.0
2026-03-09 09:35:00+09:00,2922,なとり,2922.T,未分類,intraday_5m,1935.0,0.0,0.0,0.0017463679979913996,36.36363636363636,-0.004117344312918214,24347045888.0,28.615793,0.882811,0.03799,1.24,0.01,20.0
2026-03-09 09:40:00+09:00,2929,ファーマフーズ,2929.T,未分類,intraday_5m,570.0,-0.0017513134851138146,0.0,0.008372563880343598,23.913043478260875,-0.038785834738617186,16457052160.0,44.496487,1.7545696,-0.18056,4.22,0.0,20.0
2026-03-09 09:40:00+09:00,2930,北の達人コーポレーション,2930.T,未分類,intraday_5m,125.0,0.0,0.0,0.00643657972311406,37.5,-0.007936507936507908,17430396928.0,18.30161,2.2147415,0.25926,2.78,0.01,20.0
2026-03-09 09:40:00+09:00,2931,ユーグレナ,2931.T,未分類,intraday_5m,363.0,0.0027624309392264568,0.0,0.007264294304717829,37.93103448275862,-0.024193548387096753,49577988096.0,,1.6015248,0.01735,0.54,0.04,20.0
2026-03-09 09:40:00+09:00,2933,紀文食品,2933.T,未分類,intraday_5m,1045.0,0.0009578544061301653,0.0,0.0035245951634307136,38.23529411764706,-0.007597340930674212,23857010688.0,14.990676,1.1297004,0.05372,1.9,0.010000000000000004,20.0
2026-03-09 09:35:00+09:00,2935,ピックルスホールディングス,2935.T,未分類,intraday_5m,1177.0,0.0017021276595745594,0.7058823529411765,0.007068910781693978,33.33333333333333,-0.021612635078969267,14745726976.0,12.020017,0.74326956,0.06676,2.41,0.01,20.0
2026-03-09 09:40:00+09:00,2975,スター・マイカ・ホールディングス,2975.T,未分類,intraday_5m,1574.0,-0.0019023462270133518,0.0,0.01292447923010423,23.888888888888886,-0.05692031156381061,53412683776.0,12.761473,1.7984666,0.1516,2.7,0.042105263157894736,19.0
2026-03-09 09:40:00+09:00,2980,ＳＲＥホールディングス,2980.T,未分類,intraday_5m,2695.0,-0.002959674435812021,0.0,0.008001947960504366,12.315270935960598,-0.0527240773286467,43429687296.0,41.0073,2.889467,0.17882,0.63,0.0,20.0
2026-03-09 09:40:00+09:00,2982,ＡＤワークスグループ,2982.T,未分類,intraday_5m,423.0,-0.002358490566037763,0.0,0.008370667858778217,23.529411764705884,-0.03863636363636369,20569946112.0,8.950487,1.001321,0.16779,4.55,0.020000000000000004,20.0
2026-03-09 09:40:00+09:00,3002,グンゼ,3002.T,未分類,intraday_5m,4395.0,-0.002270147559591429,0.0,0.006207727798481938,29.411764705882348,-0.023333333333333317,139397103616.0,54.56238,1.2607183,0.02777,3.27,0.01,20.0
2026-03-09 09:40:00+09:00,3003,ヒューリック,3003.T,未分類,intraday_5m,1914.0,0.0,0.0,0.006487200470870339,28.512396694214885,-0.029903699949315743,1452958547968.0,12.710908,1.5907946,0.12839,3.4,0.02,20.0
2026-03-09 09:40:00+09:00,3028,アルペン,3028.T,未分類,intraday_5m,2078.0,-0.0014416146083613413,0.0,0.005731602601864675,31.818181818181827,-0.019811320754717032,80104177664.0,14.372665,0.6421419,0.03903,2.36,0.0,20.0
2026-03-09 09:40:00+09:00,3031,ラクーンホールディングス,3031.T,未分類,intraday_5m,633.0,-0.001577287066246047,0.0,0.005742487578260006,32.35294117647058,-0.020123839009287936,12869986304.0,15.216347,2.6694107,0.1568,3.41,0.030000000000000006,20.0
2026-03-09 09:40:00+09:00,3034,クオールホールディングス,3034.T,未分類,intraday_5m,1785.0,0.0,0.0,0.009665236663325768,27.77777777777777,-0.038254310344827624,66969743360.0,8.921432,1.2247275,0.11964,2.48,0.02,20.0
2026-03-09 09:40:00+09:00,3036,アルコニックス,3036.T,未分類,intraday_5m,2758.0,-0.006126126126126175,0.0,0.013886142176660184,18.575851393188856,-0.06698240866035188,82837078016.0,17.571356,1.1320287,0.08831,2.84,0.05,20.0
2026-03-09 09:40:00+09:00,3038,神戸物産,3038.T,未分類,intraday_5m,3698.0,0.0010828370330264736,0.13013382556529765,0.005802963048691122,43.05555555555556,-0.0016198704103671524,819909296128.0,25.865566,5.079984,0.21673,0.86,0.0,20.0
2026-03-09 09:40:00+09:00,3040,ソリトンシステムズ,3040.T,未分類,intraday_5m,1810.0,0.0011061946902655162,0.0,0.00879157171841654,29.054054054054063,-0.030530262453133394,33552150528.0,15.31562,2.5334032,0.17981,3.21,0.02,20.0
2026-03-09 09:40:00+09:00,3046,ジンズホールディングス,3046.T,未分類,intraday_5m,5220.0,0.0,0.17266187050359713,0.008031377301057713,29.729729729729726,-0.026119402985074647,121843253248.0,14.622667,3.830968,0.29479998,2.15,0.02,20.0
2026-03-09 09:40:00+09:00,3048,ビックカメラ,3048.T,未分類,intraday_5m,1730.5,-0.0023061400980110003,0.0,0.00213216119613611,45.26315789473685,-0.004315304948216303,296294121472.0,16.96236,1.7387748,0.110240005,2.36,0.030000000000000006,20.0
2026-03-09 09:40:00+09:00,3050,ＤＣＭホールディングス,3050.T,未分類,intraday_5m,1587.0,-0.0006297229219143219,0.0,0.006327207028552997,25.301204819277103,-0.02218114602587795,220811214848.0,12.101571,0.71867937,0.06007,2.83,0.030000000000000006,20.0
2026-03-09 09:40:00+09:00,3064,ＭｏｎｏｔａＲＯ,3064.T,未分類,intraday_5m,1982.0,0.0025290844714214167,0.3027223230490018,0.0030344137513085017,57.324840764331206,-0.002014098690835797,984867471360.0,30.333641,8.038579,,1.86,0.02,20.0
2026-03-09 09:40:00+09:00,3076,あい　ホールディングス,3076.T,未分類,intraday_5m,2748.0,-0.00036376864314291435,0.0,0.008333908553813574,21.465968586387447,-0.0408376963350785,146395611136.0,11.114257,1.2919052,0.117130004,3.84,0.02,20.0
2026-03-09 09:40:00+09:00,3086,Ｊ．フロント　リテイリング,3086.T,未分類,intraday_5m,2409.5,-0.0010364842454394507,0.32270584973662325,0.005362404758510616,32.758620689655174,-0.021721477872513217,598807674880.0,19.883644,1.4788479,0.06974,2.19,0.02,20.0
2026-03-09 09:40:00+09:00,3087,ドトール・日レスホールディングス,3087.T,未分類,intraday_5m,2874.0,0.0010449320794148065,0.0,0.0038168764065599227,34.28571428571429,-0.012371134020618513,120772526080.0,18.811363,1.1677643,0.06641,1.92,0.030000000000000006,20.0
2026-03-09 09:40:00+09:00,3088,マツキヨココカラ＆カンパニー,3088.T,未分類,intraday_5m,2409.5,0.0012466237274049163,0.11358024691358025,0.0038288811745459564,54.67980295566502,0.00041519618019503213,958805770240.0,17.219324,1.8106766,0.10854,1.99,0.02,20.0
2026-03-09 09:40:00+09:00,3091,ブロンコビリー,3091.T,未分類,intraday_5m,4255.0,0.0011764705882353343,0.0,0.004221899938600865,53.48837209302325,0.0,63345139712.0,36.63051,2.916981,0.09423,0.66,0.04,20.0
2026-03-09 09:40:00+09:00,3092,ＺＯＺＯ,3092.T,未分類,intraday_5m,1162.0,-0.00043010752688177334,0.06587691418665126,0.005052234134059941,53.07692307692308,-0.002146844139115478,1027585736704.0,22.833563,10.751793,0.50288,3.43,0.01,20.0
2026-03-09 09:40:00+09:00,3093,トレジャー・ファクトリー,3093.T,未分類,intraday_5m,1774.0,-0.0022497187851518996,0.0,0.009107212493070876,26.71232876712328,-0.04004329004328999,41575612416.0,14.836497,3.528312,0.28184998,2.27,0.06,20.0
2026-03-09 09:40:00+09:00,3097,物語コーポレーション,3097.T,未分類,intraday_5m,5060.0,-0.0019723865877712132,0.0,0.007306223590418453,25.714285714285722,-0.03435114503816794,194903015424.0,31.050564,4.53148,0.17232999,0.76,0.030000000000000006,20.0
2026-03-09 09:40:00+09:00,3099,三越伊勢丹ホールディングス,3099.T,未分類,intraday_5m,2868.5,-0.0024343592418709648,0.14618973561430793,0.011922959743816646,15.487571701720839,-0.057344725599737134,1008576561152.0,18.374865,1.7064562,0.096540004,2.63,0.04,20.0
2026-03-09 09:40:00+09:00,3101,東洋紡,3101.T,未分類,intraday_5m,1465.0,-0.006105834464043447,0.5909287257019438,0.016519413397083606,16.17647058823529,-0.08665835411471323,129278853120.0,16.944252,0.6349058,0.04754,2.49,0.04,20.0
2026-03-09 09:40:00+09:00,3103,ユニチカ,3103.T,未分類,intraday_5m,1401.0,-0.013380281690140827,0.3896022111045027,0.023466079938514083,5.031446540880509,-0.15653220951234192,80773734400.0,,1.7763655,0.34915,,0.02,20.0
2026-03-09 09:40:00+09:00,3104,富士紡ホールディングス,3104.T,未分類,intraday_5m,9790.0,-0.003054989816700604,0.0,0.012807071253882037,12.38095238095238,-0.0755429650613787,110194761728.0,21.15476,2.1930516,0.105299994,1.61,0.04,20.0
2026-03-09 09:40:00+09:00,3105,日清紡ホールディングス,3105.T,未分類,intraday_5m,1520.5,-0.0029508196721311775,0.1116279069767442,0.01365334239012201,21.05263157894737,-0.06430769230769229,237500792832.0,17.074677,0.82661074,0.048520003,2.22,0.01,20.0
2026-03-09 09:40:00+09:00,3106,倉敷紡績,3106.T,未分類,intraday_5m,8530.0,-0.005827505827505797,0.0,0.013230078881841065,18.888888888888886,-0.06160616061606161,137390637056.0,12.061651,1.0851588,0.10023,3.1,0.030000000000000006,20.0
2026-03-09 09:40:00+09:00,3107,ダイワボウホールディングス,3107.T,未分類,intraday_5m,2896.5,-0.002067183462532318,0.0,0.010298132036701385,27.87193973634652,-0.038665781613010264,252406644736.0,8.395896,1.5758171,0.21067,3.65,0.030000000000000006,20.0
2026-03-09 09:40:00+09:00,3109,シキボウ,3109.T,未分類,intraday_5m,1081.0,-0.001846722068328699,0.0,0.0059289720326801895,26.66666666666667,-0.027002700270027047,13723704320.0,14.373089,0.3866557,0.0422,4.5,0.042105263157894736,19.0
2026-03-09 09:40:00+09:00,3110,日東紡績,3110.T,未分類,intraday_5m,20140.0,-0.012745098039215641,0.8294434470377019,0.019885851335377402,12.47058823529413,-0.15371692566148676,733212114944.0,51.26378,4.4458385,0.25874,0.48,0.01,20.0
2026-03-09 09:40:00+09:00,3116,トヨタ紡織,3116.T,未分類,intraday_5m,2726.0,-0.0007331378299120228,0.24831081081081083,0.011092926796388899,18.395303326810165,-0.060162041027409074,487026982912.0,23.613998,1.0020651,0.046609998,2.97,0.01,20.0
2026-03-09 09:40:00+09:00,3132,マクニカホールディングス,3132.T,未分類,intraday_5m,2264.5,-0.0017632797002424816,0.24142011834319527,0.013433567122666122,14.05622489959839,-0.08040609137055843,404356038656.0,19.198814,1.5054483,0.07953,2.84,-0.030000000000000006,20.0
2026-03-09 09:40:00+09:00,3139,ラクト・ジャパン,3139.T,未分類,intraday_5m,3610.0,-0.0013831258644536604,0.0,0.006684923723800656,34.78260869565217,-0.020352781546811416,35995697152.0,8.358804,1.109369,0.14384,3.58,0.02,20.0
2026-03-09 09:40:00+09:00,3148,クリエイトＳＤホールディングス,3148.T,未分類,intraday_5m,3220.0,0.0,0.0,0.005382588651072406,34.375,-0.012269938650306789,208019292160.0,12.566344,1.408343,0.116639994,2.76,0.030000000000000006,20.0
2026-03-09 09:40:00+09:00,3150,グリムス,3150.T,未分類,intraday_5m,2553.0,-0.0011737089201877549,0.0,0.007863559285536824,23.28767123287672,-0.029646522234891726,58979426304.0,12.472519,3.2201183,0.29813,3.23,0.06,20.0
2026-03-09 09:40:00+09:00,3151,バイタルケーエスケー・ホールディングス,3151.T,未分類,intraday_5m,1400.0,0.0,0.0,0.006686649986283951,32.95454545454545,-0.023028611304954594,67727929344.0,6.894514,0.61580366,0.06159,4.75,0.02,20.0
2026-03-09 09:40:00+09:00,3153,八洲電機,3153.T,未分類,intraday_5m,2997.0,-0.0026622296173044457,0.5106382978723404,0.012442546243050702,12.891986062717763,-0.0663551401869159,63849897984.0,13.492099,1.9502045,0.17082001,1.34,0.06999999999999999,20.0
2026-03-09 09:35:00+09:00,3154,メディアスホールディングス,3154.T,未分類,intraday_5m,785.0,0.0025542784163474774,0.48,0.004836648357458182,35.84905660377359,-0.02605459057071957,17456248832.0,12.883636,0.8609741,0.06735,2.48,0.04,20.0
2026-03-09 09:40:00+09:00,3156,レスター,3156.T,未分類,intraday_5m,2789.0,-0.0014321518080916418,0.0,0.009398515291435884,15.865384615384613,-0.0513605442176871,78420484096.0,16.469824,0.88125354,0.06717,4.42,0.04,20.0
2026-03-09 09:40:00+09:00,3167,ＴＯＫＡＩホールディングス,3167.T,未分類,intraday_5m,1158.0,0.0017301038062282892,0.0851063829787234,0.004997532313544151,37.5,-0.012787723785166238,149837529088.0,14.496746,1.5418456,0.1168,3.24,0.06999999999999999,20.0
2026-03-09 09:40:00+09:00,3176,三洋貿易,3176.T,未分類,intraday_5m,1644.0,-0.0024271844660194164,0.0,0.009819225638450255,20.714285714285708,-0.05025996533795496,47363923968.0,10.311736,0.897401,0.10125,3.35,0.0,20.0
2026-03-09 09:40:00+09:00,3179,シュッピン,3179.T,未分類,intraday_5m,1225.0,-0.0016299918500407573,0.022429906542056077,0.008065186457578602,21.978021978021985,-0.04520654715510519,26006147072.0,21.030043,2.669677,0.17553,3.66,0.05,20.0
2026-03-09 09:40:00+09:00,3180,ビューティガレージ,3180.T,未分類,intraday_5m,1288.0,-0.0007757951900698723,0.0,0.004476387911850091,30.0,-0.021276595744680882,16158231552.0,17.290913,2.0419843,0.1278,1.22,0.01,20.0
2026-03-09 09:40:00+09:00,3182,オイシックス・ラ・大地,3182.T,未分類,intraday_5m,1352.0,-0.0007390983000739038,0.0,0.007714501180505282,26.92307692307692,-0.03359542530378845,46958804992.0,21.429703,1.7269348,0.12880999,1.14,0.030000000000000006,20.0
2026-03-09 09:35:00+09:00,3183,ウイン・パートナーズ,3183.T,未分類,intraday_5m,1417.0,0.0,0.11428571428571428,0.006764834784830184,33.33333333333333,-0.01733703190013869,40511938560.0,18.436117,1.706684,0.09134,3.74,0.06,20.0
2026-03-09 09:40:00+09:00,3186,ネクステージ,3186.T,未分類,intraday_5m,2925.0,-0.0017064846416382506,0.10699588477366255,0.010026983801203444,9.125475285171106,-0.06698564593301437,228849008640.0,18.081226,2.8896909,0.16865,1.44,0.05,20.0
2026-03-09 09:40:00+09:00,3191,ジョイフル本田,3191.T,未分類,intraday_5m,2083.0,0.0004803073967338811,0.13793103448275862,0.00435575528384463,35.483870967741936,-0.01185958254269448,125550567424.0,12.750199,0.9939561,,3.98,0.01,20.0
2026-03-09 09:40:00+09:00,3193,エターナルホスピタリティグループ,3193.T,未分類,intraday_5m,3520.0,-0.0014184397163120588,0.0,0.008110075773644752,14.705882352941188,-0.06754966887417213,40601702400.0,23.606733,3.9455602,-0.39456,1.22,0.02,20.0
2026-03-09 09:35:00+09:00,3196,ホットランドホールディングス,3196.T,未分類,intraday_5m,1927.0,0.0010389610389609505,1.469387755102041,0.003929342197920847,38.888888888888886,-0.012301383905689356,40971341824.0,70.560234,3.6133099,0.045539998,0.67,0.030000000000000006,20.0
2026-03-09 09:40:00+09:00,3197,すかいらーくホールディングス,3197.T,未分類,intraday_5m,3466.0,0.000288600288600227,0.021139166177334117,0.00678250966480164,31.0,-0.024486349563748955,788522205184.0,47.124405,4.2039485,0.0928,0.73,0.030000000000000006,20.0
2026-03-09 09:40:00+09:00,3198,ＳＦＰホールディングス,3198.T,未分類,intraday_5m,2126.0,0.0,0.06349206349206349,0.005726738254630457,50.3875968992248,-0.0009398496240601295,48480460800.0,36.86492,5.515302,0.13358,1.32,0.06999999999999999,20.0
2026-03-09 09:40:00+09:00,3199,綿半ホールディングス,3199.T,未分類,intraday_5m,1431.0,-0.0006983240223463749,0.0,0.004083148501912715,36.92307692307693,-0.011740331491712719,27744251904.0,14.1585045,1.1058981,0.08031999,2.07,0.047058823529411764,17.0
2026-03-09 09:40:00+09:00,3201,日本毛織,3201.T,未分類,intraday_5m,1823.0,-0.0016429353778751876,0.0,0.010248926098680248,20.13422818791946,-0.051015096304008356,122146775040.0,13.773043,0.9277878,0.07126,3.33,0.06315789473684211,19.0
2026-03-09 09:35:00+09:00,3221,ヨシックスホールディングス,3221.T,未分類,intraday_5m,3450.0,-0.0014471780028944004,0.8888888888888888,0.005527995458597478,20.0,-0.025423728813559365,35383848960.0,18.96021,2.7350283,0.16738,0.79,0.09,20.0
2026-03-09 09:40:00+09:00,3231,野村不動産ホールディングス,3231.T,未分類,intraday_5m,1066.5,0.0,0.25064650885219814,0.008658915288445564,31.446540880503136,-0.02868852459016391,914480234496.0,14.410214,1.220295,0.0758,3.64,0.030000000000000006,20.0
2026-03-09 09:40:00+09:00,3232,三重交通グループホールディングス,3232.T,未分類,intraday_5m,563.0,0.001779359430605032,0.0,0.007994226052229625,26.829268292682926,-0.030981067125645412,56593936384.0,9.500506,0.81982607,,3.1,0.06000000000000001,20.0
2026-03-09 09:40:00+09:00,3245,ディア・ライフ,3245.T,未分類,intraday_5m,1066.0,-0.0037383177570093906,0.24561403508771928,0.006468347231233049,25.396825396825406,-0.030027297543221088,53665714176.0,8.714847,1.6891571,0.15099,5.82,0.030000000000000006,20.0
2026-03-09 09:40:00+09:00,3252,地主,3252.T,未分類,intraday_5m,3075.0,-0.0032414910858995505,0.0,0.009006645245199769,15.217391304347828,-0.05092592592592593,63599386624.0,8.61224,1.2740982,0.15406,4.01,0.04,20.0
2026-03-09 09:30:00+09:00,3276,ＪＰＭＣ,3276.T,未分類,intraday_5m,1307.0,0.0015325670498085309,0.6760563380281691,0.0055646561535510975,19.298245614035082,-0.025354213273676374,21804169216.0,11.439825,2.3596957,0.19365999,4.77,0.044444444444444446,18.0
2026-03-09 09:40:00+09:00,3284,フージャースホールディングス,3284.T,未分類,intraday_5m,1258.0,0.0,0.11538461538461538,0.0074786781548942275,25.675675675675677,-0.02782071097372485,51454291968.0,9.800561,1.1470734,0.07085,5.72,0.04,20.0
2026-03-09 09:40:00+09:00,3288,オープンハウスグループ,3288.T,未分類,intraday_5m,10250.0,-0.0019474196689386325,0.23040000000000002,0.007214782758327079,16.799999999999997,-0.03755868544600938,1146831110144.0,11.737089,2.0631127,0.19297001,1.88,0.02,20.0
2026-03-09 09:40:00+09:00,3289,東急不動産ホールディングス,3289.T,未分類,intraday_5m,1376.0,-0.0003632401017071851,0.28540714861596345,0.00965327430794598,17.733990147783246,-0.048409405255878335,982970073088.0,9.393774,1.15995,0.113120005,3.08,0.01,20.0
2026-03-09 09:40:00+09:00,3291,飯田グループホールディングス,3291.T,未分類,intraday_5m,2454.5,0.0012237405669996981,0.6277665995975855,0.0076996934949432,30.407523510971785,-0.02191671647738591,678252576768.0,13.128476,0.6820881,0.054390002,3.59,0.02,20.0
2026-03-09 09:40:00+09:00,3302,帝国繊維,3302.T,未分類,intraday_5m,2985.0,-0.0013382402141184357,0.27067669172932335,0.006529736806107294,39.01098901098901,-0.00830564784053156,76420022272.0,20.6603,1.0556914,0.05387,2.16,0.04,20.0
2026-03-09 09:40:00+09:00,3315,日本コークス工業,3315.T,未分類,intraday_5m,112.0,-0.008849557522123908,0.0,0.011271394905553511,38.888888888888886,-0.02608695652173909,32594636800.0,,0.8816954,-0.32123002,,0.030000000000000006,20.0
2026-03-09 09:40:00+09:00,3333,あさひ,3333.T,未分類,intraday_5m,1262.0,0.0007930214115781098,0.16289592760180996,0.0039383351645565345,34.61538461538463,-0.014832162373145996,32864903168.0,11.245768,0.8040511,0.06747,3.9,-0.01,20.0
2026-03-09 09:40:00+09:00,3349,コスモス薬品,3349.T,未分類,intraday_5m,6437.0,-0.0007761564731449955,0.0817562452687358,0.005446187979155894,40.21447721179624,-0.01136538166180312,510179016704.0,16.340881,1.8956534,0.12172,1.15,0.01,20.0
2026-03-09 09:40:00+09:00,3360,シップヘルスケアホールディングス,3360.T,未分類,intraday_5m,2446.5,-0.0008168266285480952,0.20618556701030927,0.008491258277633938,24.927536231884062,-0.03945818610129559,225124319232.0,15.319349,1.5204633,0.092180006,2.36,0.04,20.0
2026-03-09 09:35:00+09:00,3371,ソフトクリエイトホールディングス,3371.T,未分類,intraday_5m,1949.0,0.004121586810922118,0.19672131147540983,0.0075001674385134,33.33333333333333,-0.025499999999999967,48648970240.0,13.478561,2.039486,0.17249,3.1,0.030000000000000006,20.0
2026-03-09 09:40:00+09:00,3382,セブン＆アイ・ホールディングス,3382.T,未分類,intraday_5m,2025.0,0.000988630746416197,0.2970881980587987,0.00912366032348179,37.23723723723724,-0.022919179734619988,4717493092352.0,21.463413,1.3759918,0.085839994,2.41,0.02,20.0
2026-03-09 09:40:00+09:00,3387,クリエイト・レストランツ・ホールディングス,3387.T,未分類,intraday_5m,720.0,0.0013908205841446364,1.0731354091238232,0.004392364583713913,58.82352941176471,0.0013908205841446364,303124152320.0,54.135338,6.9909024,0.12672,0.63,0.04,20.0
2026-03-09 09:40:00+09:00,3388,明治電機工業,3388.T,未分類,intraday_5m,2244.0,-0.002223210315695834,0.0,0.010045201946887166,22.5,-0.04551254785197789,28616957952.0,9.204266,0.7949559,0.085489996,3.74,0.05,20.0
2026-03-09 09:40:00+09:00,3391,ツルハホールディングス,3391.T,未分類,intraday_5m,2202.5,-0.00045382346267297535,0.10756543564001433,0.008891987659564966,27.483443708609272,-0.030803080308030806,1069855997952.0,32.741196,1.7947184,0.05613,2.19,0.01,20.0
2026-03-09 09:40:00+09:00,3393,スターティアホールディングス,3393.T,未分類,intraday_5m,2860.0,-0.0034843205574912606,0.053811659192825115,0.0063581109241432196,25.0,-0.03050847457627115,26742376448.0,14.320765,3.5143468,0.28564,2.47,0.04,20.0
2026-03-09 09:40:00+09:00,3395,サンマルクホールディングス,3395.T,未分類,intraday_5m,3090.0,0.0016207455429497752,0.25,0.008231206621016684,40.0,-0.01748807631160576,66214916096.0,34.35242,2.1655185,0.08221,1.65,0.07,20.0
2026-03-09 09:40:00+09:00,3397,トリドールホールディングス,3397.T,未分類,intraday_5m,4278.0,-0.00046728971962617383,0.1821247892074199,0.0025402718566224967,65.21739130434783,0.005878203620973466,375856365568.0,81.1149,3.8472955,0.04947,0.26,0.030000000000000006,20.0
2026-03-09 09:40:00+09:00,3401,帝人,3401.T,未分類,intraday_5m,1550.5,-0.002893890675241151,0.25091479351803453,0.011603361235312287,16.607773851590096,-0.058591378263509464,299096997888.0,,0.7727586,-0.18936001,3.04,0.0,20.0
2026-03-09 09:40:00+09:00,3402,東レ,3402.T,未分類,intraday_5m,1148.0,-0.0026064291920069316,0.46865922148344197,0.012150552376623202,25.32751091703058,-0.05045492142266339,1692598272000.0,29.856956,0.96702594,0.02648,1.65,0.02,20.0
2026-03-09 09:40:00+09:00,3405,クラレ,3405.T,未分類,intraday_5m,1675.0,-0.0002984183825723852,0.34685759745425615,0.009673125128119072,30.483271375464682,-0.03569372481289579,514290647040.0,70.914474,0.69232297,,3.11,0.05,20.0
2026-03-09 09:40:00+09:00,3407,旭化成,3407.T,未分類,intraday_5m,1612.5,0.0009310986964619072,0.45286717856559383,0.011636635146160196,22.0183486238532,-0.05811915887850472,2190208270336.0,15.620459,1.0910996,,2.34,0.02,20.0
2026-03-09 09:40:00+09:00,3415,ＴＯＫＹＯ　ＢＡＳＥ,3415.T,未分類,intraday_5m,413.0,-0.007211538461538436,0.11832148589772988,0.012266482687705525,11.538461538461533,-0.08830022075055188,17948760064.0,18.421053,3.1842225,0.20857,1.32,0.02,20.0
2026-03-09 09:40:00+09:00,3431,宮地エンジニアリンググループ,3431.T,未分類,intraday_5m,1791.0,0.0005586592178770111,0.2602739726027397,0.0049843022821156905,29.885057471264375,-0.023446019629225767,47495516160.0,10.778768,1.1451604,0.08392999,5.32,0.01,20.0
2026-03-09 09:40:00+09:00,3433,トーカロ,3433.T,未分類,intraday_5m,2723.0,-0.001832844574780057,0.3422459893048128,0.012505509871884814,14.068441064638776,-0.07064846416382253,161933262848.0,18.150913,2.587702,0.14538,2.39,0.04,20.0
2026-03-09 09:40:00+09:00,3436,ＳＵＭＣＯ,3436.T,未分類,intraday_5m,1544.5,-0.0025831449790119088,0.2827193770589997,0.01676700055717069,18.31896551724138,-0.09147058823529408,540130836480.0,,0.93387306,-0.01543,1.18,0.02,20.0
2026-03-09 09:40:00+09:00,3443,川田テクノロジーズ,3443.T,未分類,intraday_5m,4550.0,-0.003285870755750264,0.22857142857142856,0.011823340709305394,13.483146067415731,-0.07048008171603681,79351332864.0,8.543317,0.85286427,0.07871,2.96,0.04,20.0
2026-03-09 09:40:00+09:00,3445,ＲＳ　Ｔｅｃｈｎｏｌｏｇｉｅｓ,3445.T,未分類,intraday_5m,3780.0,-0.0052631578947368585,0.8221859706362153,0.01467587985408034,7.526881720430097,-0.09243697478991597,100030742528.0,10.804322,1.2515031,0.08681,1.32,0.030000000000000006,20.0
2026-03-09 09:40:00+09:00,3457,Ａｎｄ　Ｄｏホールディングス,3457.T,未分類,intraday_5m,1067.0,-0.00187090739008422,0.0,0.008043065280333406,25.352112676056336,-0.0326382592928377,21306503168.0,16.285105,1.2080809,0.07298,4.17,0.0,20.0
2026-03-09 09:40:00+09:00,3465,ケイアイスター不動産,3465.T,未分類,intraday_5m,6860.0,-0.0029069767441860517,0.5764192139737991,0.010397910824190315,13.333333333333329,-0.05769230769230771,106470834176.0,9.202249,1.5572511,0.21402,3.57,0.06,20.0
2026-03-09 09:40:00+09:00,3475,グッドコムアセット,3475.T,未分類,intraday_5m,1508.0,-0.000662690523525522,0.30703624733475476,0.006650576069544875,37.37373737373737,-0.020142949967511425,43211919360.0,28.319248,3.043151,0.10674,2.99,0.047058823529411764,17.0
2026-03-09 09:40:00+09:00,3480,ジェイ・エス・ビー,3480.T,未分類,intraday_5m,3405.0,0.0,0.0,0.006637723784503376,30.95238095238095,-0.02991452991452992,71741382656.0,13.99852,1.7230979,0.12955,3.28,0.04,20.0
2026-03-09 09:40:00+09:00,3482,ロードスターキャピタル,3482.T,未分類,intraday_5m,3440.0,-0.0014513788098693414,0.03560830860534125,0.01020510883723076,21.05263157894737,-0.048409405255878335,57151815680.0,6.8755994,1.759535,0.2723,2.71,0.05,20.0
2026-03-09 09:35:00+09:00,3484,イノベーションホールディングス,3484.T,未分類,intraday_5m,1336.0,0.0014992503748125774,0.0,0.005083517533599596,31.034482758620683,-0.012564671101256475,22409715712.0,17.632309,4.853734,0.33306998,2.51,0.08,20.0
2026-03-09 09:40:00+09:00,3486,グローバル・リンク・マネジメント,3486.T,未分類,intraday_5m,2183.0,-0.003651300775901367,0.2302158273381295,0.008785677511581363,18.497109826589593,-0.04338299737072748,34751168512.0,6.167712,2.321323,0.34691003,4.38,0.047058823529411764,17.0
2026-03-09 09:40:00+09:00,3496,アズーム,3496.T,未分類,intraday_5m,4700.0,0.0010649627263046302,0.32195121951219513,0.004005500208525391,34.78260869565217,-0.019812304483837306,57679216640.0,31.019007,9.636973,0.39137,2.63,0.030000000000000006,20.0
2026-03-09 09:40:00+09:00,3498,霞ヶ関キャピタル,3498.T,未分類,intraday_5m,6900.0,-0.0043290043290042934,0.3440366972477064,0.009276300337269046,18.181818181818187,-0.0482758620689655,163970056192.0,13.461313,2.4588342,0.23697,2.28,0.04,20.0
2026-03-09 09:40:00+09:00,3501,ＳＵＭＩＮＯＥ,3501.T,未分類,intraday_5m,1338.0,-0.0014925373134327957,0.0,0.0068860116560841705,21.25,-0.03253796095444683,17750466560.0,25.800232,0.55333614,0.04153,3.11,0.07368421052631578,19.0
2026-03-09 09:35:00+09:00,3539,ＪＭホールディングス,3539.T,未分類,intraday_5m,1593.0,0.005681818181818121,1.3714285714285714,0.009661404533190124,36.507936507936506,-0.023298589822195015,81175904256.0,12.634835,1.7899439,0.14809,1.47,0.05,20.0
2026-03-09 09:40:00+09:00,3543,コメダホールディングス,3543.T,未分類,intraday_5m,2888.0,-0.0010377032168800149,0.26706231454005935,0.0045082073016581405,48.57142857142856,-0.0034506556245686992,131436429312.0,21.902018,2.733826,0.13278,2.07,0.030000000000000006,20.0
2026-03-09 09:40:00+09:00,3546,アレンザホールディングス,3546.T,未分類,intraday_5m,1461.0,0.0,0.02841357537490134,0.0,,0.0,43863982080.0,15.174491,1.3803229,0.07906,2.6,0.04,20.0
2026-03-09 09:40:00+09:00,3548,バロックジャパンリミテッド,3548.T,未分類,intraday_5m,734.0,0.0,0.0,0.004512998587955161,39.39393939393939,-0.012113055181695809,26410053632.0,,1.8080199,-0.08575,5.11,0.02,20.0
2026-03-09 09:40:00+09:00,3549,クスリのアオキホールディングス,3549.T,未分類,intraday_5m,3645.0,-0.00136986301369868,0.07884362680683311,0.007116299556275737,34.45378151260503,-0.020687802256851184,346140377088.0,19.50867,2.6067834,0.13354999,0.43,0.05,20.0
2026-03-09 09:30:00+09:00,3561,力の源ホールディングス,3561.T,未分類,intraday_5m,1470.0,0.004098360655737654,0.9421487603305785,0.004991165025914669,36.36363636363636,-0.015405224380442117,44255440896.0,22.225582,3.8079548,0.17531,1.34,0.021052631578947368,19.0
2026-03-09 09:40:00+09:00,3563,ＦＯＯＤ　＆　ＬＩＦＥ　ＣＯＭＰＡＮＩＥＳ,3563.T,未分類,intraday_5m,8925.0,-0.00022403943093984857,0.08493236866939288,0.010493025300975524,29.965156794425084,-0.03617710583153344,1010796855296.0,44.620537,9.6897545,0.28351998,0.38,0.01,20.0
2026-03-09 09:40:00+09:00,3569,セーレン,3569.T,未分類,intraday_5m,3115.0,-0.006379585326953707,0.6188811188811189,0.019829948744496263,17.391304347826093,-0.09183673469387754,182685614080.0,12.189873,1.2020807,0.109160006,2.22,0.04,20.0
2026-03-09 09:40:00+09:00,3580,小松マテーレ,3580.T,未分類,intraday_5m,832.0,-0.003592814371257469,0.0,0.007331686005871713,28.070175438596493,-0.028037383177570097,32128684032.0,22.139435,0.82597125,0.02617,3.04,0.047058823529411764,17.0
2026-03-09 09:40:00+09:00,3591,ワコールホールディングス,3591.T,未分類,intraday_5m,4280.0,-0.002331002331002363,0.17821782178217824,0.007410600235412121,37.9746835443038,-0.022161297692483428,211369607168.0,20.037453,1.0292004,0.055159997,2.28,0.05,20.0
2026-03-09 09:10:00+09:00,3593,ホギメディカル,3593.T,未分類,intraday_5m,6740.0,-0.001481481481481528,0.0,0.0015296710604254097,40.0,-0.001481481481481528,145312858112.0,226.93602,1.9512359,0.00296,1.41,0.04,20.0
2026-03-09 09:40:00+09:00,3608,ＴＳＩホールディングス,3608.T,未分類,intraday_5m,1063.0,0.0,0.06864988558352403,0.007999650442339638,27.5,-0.032757051865332065,61898592256.0,4.4247417,0.64347845,0.19277,3.64,0.044444444444444446,18.0
2026-03-09 09:40:00+09:00,3612,ワールド,3612.T,未分類,intraday_5m,1549.0,0.0,0.3588039867109634,0.007062441399355145,25.24271844660194,-0.035491905354919084,118053920768.0,8.808143,1.2202088,,5.26,0.042105263157894736,19.0
2026-03-09 09:40:00+09:00,3626,ＴＩＳ,3626.T,未分類,intraday_5m,3171.0,0.00126302494474273,0.636734693877551,0.004386054961321023,48.026315789473685,-0.0006303183107468913,710134267904.0,13.861083,2.161236,0.1634,2.4,0.02,20.0
2026-03-09 09:40:00+09:00,3632,グリーホールディングス,3632.T,未分類,intraday_5m,377.0,0.0026595744680850686,0.16888193901485535,0.005723804434889616,33.33333333333333,-0.020779220779220786,64750014464.0,44.093567,0.7006133,0.01535,1.17,0.01,20.0
2026-03-09 09:40:00+09:00,3635,コーエーテクモホールディングス,3635.T,未分類,intraday_5m,1711.0,-0.0037845705967977095,0.32485186476124084,0.009780871672526885,27.03583061889252,-0.043599776411403,571622686720.0,15.678549,2.2094753,0.15953,4.81,0.02,20.0
2026-03-09 09:40:00+09:00,3636,三菱総合研究所,3636.T,未分類,intraday_5m,4655.0,0.0,0.06091370558375634,0.008040962096038544,26.229508196721312,-0.031217481789802326,73329106944.0,11.478522,0.99994135,0.11314999,3.54,0.030000000000000006,20.0
2026-03-09 09:40:00+09:00,3649,ファインデックス,3649.T,未分類,intraday_5m,888.0,0.0022573363431150906,0.6178861788617886,0.010078948127896377,30.337078651685403,-0.0431034482758621,21677125632.0,19.812584,3.9836347,0.23087999,2.91,0.06,20.0
2026-03-09 09:05:00+09:00,3655,ブレインパッド,3655.T,未分類,intraday_5m,2691.0,0.0,0.0,0.00037006949982501395,25.0,-0.0014842300556586752,56211902464.0,53.97112,10.586277,0.01788,0.3,0.01,20.0
2026-03-09 09:40:00+09:00,3656,ＫＬａｂ,3656.T,未分類,intraday_5m,381.0,-0.005221932114882533,0.08847058823529412,0.008316056971990908,50.0,-0.005221932114882533,29028612096.0,,2.817172,-0.40403,,0.02,20.0
2026-03-09 09:40:00+09:00,3657,ポールトゥウィンホールディングス,3657.T,未分類,intraday_5m,307.0,-0.006472491909385147,0.0,0.00665007159715526,26.08695652173914,-0.037617554858934144,10855596032.0,,0.97034293,-0.060349997,5.02,0.04,20.0
2026-03-09 09:40:00+09:00,3659,ネクソン,3659.T,未分類,intraday_5m,2960.5,-0.004037005887300271,0.6708661417322834,0.007539014336807357,33.79310344827586,-0.025830865416255344,2340426350592.0,25.978415,2.215474,0.08557,1.97,0.030000000000000006,20.0
2026-03-09 09:40:00+09:00,3660,アイスタイル,3660.T,未分類,intraday_5m,447.0,-0.0044543429844098315,0.2548197820620285,0.0067161205854786256,29.032258064516128,-0.03246753246753242,44656730112.0,22.139673,2.0627215,0.13946,0.22,0.02,20.0
2026-03-09 09:40:00+09:00,3661,エムアップホールディングス,3661.T,未分類,intraday_5m,693.0,0.0,0.2567478604344964,0.00885254206332385,44.26229508196722,-0.014224751066856278,49158422528.0,19.559694,5.3392296,0.30561,1.78,0.05,20.0
2026-03-09 09:40:00+09:00,3662,エイチームホールディングス,3662.T,未分類,intraday_5m,975.0,0.0010266940451746365,0.12834224598930483,0.006554219035960942,25.0,-0.02985074626865669,18102939648.0,19.48052,2.0094764,0.12953,2.79,0.06999999999999999,20.0
2026-03-09 09:40:00+09:00,3663,セルシス,3663.T,未分類,intraday_5m,1341.0,-0.0029739776951672736,0.25193370165745854,0.006248976762260294,25.25252525252526,-0.035251798561151126,39735730176.0,31.020124,7.7902155,0.27963,2.88,0.04,20.0
2026-03-09 09:40:00+09:00,3665,エニグモ,3665.T,未分類,intraday_5m,410.0,0.0,0.0,0.006024991140403691,31.578947368421055,-0.023809523809523836,16265765888.0,64.66877,1.2773222,,2.38,0.0,20.0
2026-03-09 09:40:00+09:00,3668,コロプラ,3668.T,未分類,intraday_5m,439.0,0.0,0.1411764705882353,0.007408006346832399,25.0,-0.03938730853391681,56390361088.0,,0.8517143,-0.0027,4.38,0.02,20.0
2026-03-09 09:40:00+09:00,3673,ブロードリーフ,3673.T,未分類,intraday_5m,842.0,-0.0035502958579881616,0.11121673003802282,0.0065339246849886404,70.17543859649123,0.01568154402895061,75857510400.0,62.324203,3.1254177,0.05124,1.81,0.030000000000000006,20.0
2026-03-09 09:40:00+09:00,3676,デジタルハーツホールディングス,3676.T,未分類,intraday_5m,918.0,-0.0021739130434782483,0.24935064935064935,0.006080263999636245,24.52830188679245,-0.02857142857142858,20470302720.0,21.977495,2.1162703,0.06977,2.86,0.02,20.0
2026-03-09 09:40:00+09:00,3678,メディアドゥ,3678.T,未分類,intraday_5m,1651.0,-0.0042219541616405065,14.181818181818182,0.006844832970017282,26.851851851851848,-0.033372365339578436,25061810176.0,11.534967,1.3368442,0.11943,2.34,0.04,20.0
2026-03-09 09:40:00+09:00,3679,じげん,3679.T,未分類,intraday_5m,425.0,-0.0023474178403756207,0.3829787234042553,0.008312153373417801,30.555555555555557,-0.029680365296803624,42269925376.0,10.756771,1.9764224,0.19610001,2.51,0.05263157894736842,19.0
2026-03-09 09:40:00+09:00,3681,ブイキューブ,3681.T,未分類,intraday_5m,121.0,0.0,2.053691275167785,0.012764882317545462,33.33333333333333,-0.047244094488189003,3131168768.0,,4.06709,-2.46865,,0.044444444444444446,18.0
2026-03-09 09:40:00+09:00,3687,フィックスターズ,3687.T,未分類,intraday_5m,1377.0,-0.00361794500723589,0.6888633754305397,0.007926263000397657,21.359223300970868,-0.047717842323651505,44412186624.0,22.835821,5.463072,0.26449,1.24,0.030000000000000006,20.0
2026-03-09 09:40:00+09:00,3694,オプティム,3694.T,未分類,intraday_5m,435.0,0.0023041474654377225,0.37183098591549296,0.005187667827785009,33.33333333333333,-0.022471910112359605,23967907840.0,18.034824,2.6443286,0.14522,,0.05555555555555555,18.0
2026-03-09 09:40:00+09:00,3696,セレス,3696.T,未分類,intraday_5m,1506.0,-0.001988071570576566,0.30848329048843187,0.00902293097545385,23.728813559322035,-0.043202033036848775,17379835904.0,6.953551,1.306652,0.19692,3.81,0.042105263157894736,19.0
2026-03-09 09:40:00+09:00,3697,ＳＨＩＦＴ,3697.T,未分類,intraday_5m,705.7999877929688,-0.004092033814182217,0.5456544042210171,0.005766456958793683,24.760106231556207,-0.03697644387822152,180406075392.0,20.80165,4.33578,0.22389,,0.01,20.0
2026-03-09 09:35:00+09:00,3708,特種東海製紙,3708.T,未分類,intraday_5m,1591.0,0.004419191919191823,1.1063829787234043,0.0066417145245307825,36.95652173913044,-0.01729462631253864,55444148224.0,14.580278,0.66972727,0.047420003,2.7,0.04,20.0
2026-03-09 09:40:00+09:00,3741,セック,3741.T,未分類,intraday_5m,3585.0,-0.00966850828729282,0.39344262295081966,0.011278695018951884,14.666666666666671,-0.07003891050583655,36601458688.0,26.12212,3.7021394,0.15503,1.45,0.02,20.0
2026-03-09 09:40:00+09:00,3762,テクマトリックス,3762.T,未分類,intraday_5m,1789.0,-0.004451864218141366,0.5319426336375489,0.00809489445542227,32.41379310344827,-0.030877573131094294,71872626688.0,16.178331,2.7050483,0.16163,2.65,0.04,20.0
2026-03-09 09:40:00+09:00,3763,プロシップ,3763.T,未分類,intraday_5m,1437.0,-0.001389854065323104,0.0,0.010066489123243495,36.61971830985915,-0.03621730382293764,36445102080.0,14.341318,3.565748,0.28843,2.35,0.07999999999999999,20.0
2026-03-09 09:40:00+09:00,3765,ガンホー・オンライン・エンターテイメント,3765.T,未分類,intraday_5m,2512.0,-0.003965107057890549,0.3342618384401114,0.004505727021029387,35.60606060606061,-0.01567398119122254,136494702592.0,98.4326,1.1096979,0.02814,3.53,0.02,20.0
2026-03-09 09:40:00+09:00,3769,ＧＭＯペイメントゲートウェイ,3769.T,未分類,intraday_5m,7777.0,-0.004352835744462991,0.5768025078369906,0.010451528086516204,23.929098966026586,-0.04810281517747861,589913915392.0,27.352982,5.365184,0.21246,2.08,0.030000000000000006,20.0
2026-03-09 09:40:00+09:00,3771,システムリサーチ,3771.T,未分類,intraday_5m,1735.0,-0.0011514104778354017,0.33599999999999997,0.006805680684551562,27.272727272727266,-0.03234802007808146,28774893568.0,11.902311,2.2769747,0.20375,3.9,0.05,20.0
2026-03-09 09:40:00+09:00,3774,インターネットイニシアティブ,3774.T,未分類,intraday_5m,2226.0,-0.0013458950201884479,0.5707405177603854,0.00500307530227289,47.58064516129032,-0.012203239405369382,394585374720.0,17.670874,2.5992558,0.15630001,1.73,0.02,20.0
2026-03-09 09:40:00+09:00,3778,さくらインターネット,3778.T,未分類,intraday_5m,2864.0,-0.00486448922863103,0.38801261829653,0.004638320299764402,20.731707317073173,-0.031450794724382836,114623504384.0,70.17888,3.9044607,0.02639,0.17,-0.020000000000000004,20.0
2026-03-09 09:40:00+09:00,3788,ＧＭＯグローバルサイン・ホールディングス,3788.T,未分類,intraday_5m,1931.0,0.0010368066355623817,0.0,0.012687063991569053,20.09803921568627,-0.052502453385672276,22148071424.0,29.151571,2.1466765,0.10184,2.93,0.05263157894736842,19.0
2026-03-09 09:40:00+09:00,3817,ＳＲＡホールディングス,3817.T,未分類,intraday_5m,4845.0,-0.002059732234809486,0.27906976744186046,0.006535929047712709,34.42622950819671,-0.024169184290030232,61211193344.0,15.919171,1.890635,0.11399999,4.03,0.05,20.0
2026-03-09 09:40:00+09:00,3834,朝日ネット,3834.T,未分類,intraday_5m,673.0,0.0,0.053452115812917596,0.0029600996444129296,39.99999999999999,-0.008836524300441795,17439447040.0,11.88416,1.3554666,0.09995,3.68,0.022222222222222227,18.0
2026-03-09 09:40:00+09:00,3835,ｅＢＡＳＥ,3835.T,未分類,intraday_5m,410.0,0.0,0.36960985626283366,0.0077497421487723525,31.034482758620683,-0.028436018957345932,18202826752.0,16.059538,2.5691636,0.16430001,3.6,0.03333333333333334,18.0
2026-03-09 09:40:00+09:00,3836,アバントグループ,3836.T,未分類,intraday_5m,1371.0,0.0,0.576923076923077,0.00799547523062675,18.39080459770115,-0.037894736842105314,50035564544.0,14.555685,3.0669563,0.23725,2.25,0.030000000000000006,20.0
2026-03-09 09:40:00+09:00,3837,アドソル日進,3837.T,未分類,intraday_5m,1557.0,0.0006426735218509894,0.7951807228915663,0.010706811046732222,23.88059701492537,-0.04537093807480075,27202938880.0,20.70754,3.4466653,0.18976,2.82,0.030000000000000006,20.0
2026-03-09 09:40:00+09:00,3843,フリービット,3843.T,未分類,intraday_5m,1536.0,0.0013037809647979959,0.43636363636363634,0.006902099880201854,19.318181818181813,-0.03578154425612057,33519077376.0,10.225003,4.2014394,0.29917,2.57,0.030000000000000006,20.0
2026-03-09 09:40:00+09:00,3844,コムチュア,3844.T,未分類,intraday_5m,1490.0,0.0,0.5067873303167421,0.0073722013915918675,25.000000000000014,-0.03434867141931308,47521357824.0,14.477264,2.4436123,0.17153,3.24,0.02,20.0
2026-03-09 09:40:00+09:00,3853,アステリア,3853.T,未分類,intraday_5m,1190.0,-0.0050167224080267525,0.6702412868632708,0.009460316424950979,18.115942028985515,-0.07894736842105265,19641239552.0,17.577549,2.7674806,0.17411,0.7,0.030000000000000006,20.0
2026-03-09 09:40:00+09:00,3854,アイル,3854.T,未分類,intraday_5m,2410.0,0.0,0.46883720930232553,0.007293437776535439,59.19282511210763,0.012605042016806678,60321067008.0,17.047464,4.872585,0.39629,2.86,0.06,20.0
2026-03-09 09:40:00+09:00,3861,王子ホールディングス,3861.T,未分類,intraday_5m,899.4000244140625,-0.00044450253871120005,0.48590516539025586,0.007353541717482964,27.860754932405897,-0.028620800627767506,803266035712.0,26.039375,0.7725782,0.025969999,3.89,0.0,20.0
2026-03-09 09:40:00+09:00,3863,日本製紙,3863.T,未分類,intraday_5m,1231.0,-0.0008116883116883189,0.30430622009569375,0.006500973619494468,24.691358024691354,-0.03147128245476005,142219739136.0,8.051014,0.2931089,0.02888,1.18,0.01,20.0
2026-03-09 09:40:00+09:00,3864,三菱製紙,3864.T,未分類,intraday_5m,833.0,-0.0023952095808382756,0.6146993318485524,0.009437865022142599,18.181818181818187,-0.05662514156285392,36492361728.0,11.07271,0.44256768,-0.00107,1.7,0.0,20.0
2026-03-09 09:40:00+09:00,3865,北越コーポレーション,3865.T,未分類,intraday_5m,977.0,-0.004077471967380175,0.5966101694915255,0.008849846571648183,31.034482758620683,-0.02882703777335982,164364386304.0,14.157368,0.6101254,0.04042,2.58,0.02,20.0
2026-03-09 09:40:00+09:00,3877,中越パルプ工業,3877.T,未分類,intraday_5m,1911.0,0.0005235602094240122,1.1180124223602483,0.007262110961180944,27.966101694915253,-0.021004098360655754,24012746752.0,33.526318,0.4097987,-0.01107,5.12,0.0,20.0
2026-03-09 09:40:00+09:00,3880,大王製紙,3880.T,未分類,intraday_5m,1100.0,-0.0027198549410698547,0.8920863309352518,0.009029069576707988,27.272727272727266,-0.03254177660510116,183087513600.0,,0.7647838,0.02016,1.23,0.030000000000000006,20.0
2026-03-09 09:40:00+09:00,3901,マークラインズ,3901.T,未分類,intraday_5m,1577.0,0.001905972045743276,0.4088176352705411,0.005512613306402412,30.47619047619048,-0.022924411400247813,20101261312.0,13.532996,3.075831,0.2297,3.22,0.030000000000000006,20.0
2026-03-09 09:35:00+09:00,3902,メディカル・データ・ビジョン,3902.T,未分類,intraday_5m,1681.0,0.0,0.0,0.0005151337225401396,50.0,0.0005952380952380931,63637241856.0,,20.654657,0.08816,0.77,0.030000000000000006,20.0
2026-03-09 09:40:00+09:00,3903,ｇｕｍｉ,3903.T,未分類,intraday_5m,310.0,0.0,0.5524296675191815,0.010134399694476416,28.57142857142857,-0.037267080745341574,15810104320.0,5.4243217,0.8136867,0.15724,,0.06999999999999999,20.0
2026-03-09 09:40:00+09:00,3915,テラスカイ,3915.T,未分類,intraday_5m,1588.0,-0.0006293266205160686,0.37037037037037035,0.010916823541718565,20.77922077922078,-0.05979869745411481,20500090880.0,19.384766,1.7102375,0.1267,1.89,-0.020000000000000004,20.0
2026-03-09 09:40:00+09:00,3916,デジタル・インフォメーション・テクノロジー,3916.T,未分類,intraday_5m,989.0,-0.0010101010101010166,0.3116883116883117,0.006376254595966568,38.80597014925374,-0.016898608349900646,29138774016.0,13.393826,0.0019911116,0.27299,3.78,0.01,20.0
2026-03-09 09:40:00+09:00,3921,ネオジャパン,3921.T,未分類,intraday_5m,1731.0,0.0005780346820809523,0.0,0.004921158398110857,24.0506329113924,-0.02368866328257191,24265009152.0,14.273934,3.448324,0.27577,2.82,0.03157894736842106,19.0
2026-03-09 09:40:00+09:00,3922,ＰＲ　ＴＩＭＥＳ,3922.T,未分類,intraday_5m,2250.0,-0.003101462117855558,0.06557377049180328,0.00754150615837676,28.22085889570552,-0.030590262817751013,30369146880.0,17.435102,3.419905,0.27369,0.59,0.047058823529411764,17.0
2026-03-09 09:40:00+09:00,3923,ラクス,3923.T,未分類,intraday_5m,860.0,-0.002088637524326753,0.5350165314096784,0.006839539761868245,38.24755307679901,-0.02714932126696834,310103179264.0,29.122925,11.156371,0.51668,0.38,0.030000000000000006,20.0
2026-03-09 09:40:00+09:00,3924,ランドコンピュータ,3924.T,未分類,intraday_5m,913.0,0.0,0.16216216216216217,0.003236133865297785,33.33333333333333,-0.011904761904761862,16390327296.0,14.792611,2.8000638,0.11999,4.11,0.021052631578947368,19.0
2026-03-09 09:40:00+09:00,3925,ダブルスタンダード,3925.T,未分類,intraday_5m,1473.0,-0.0006784260515604323,0.30150753768844224,0.006016912742378597,24.096385542168676,-0.025793650793650813,19908841472.0,13.455741,3.123827,0.21395001,3.97,0.010526315789473684,19.0
2026-03-09 09:40:00+09:00,3926,オープンドア,3926.T,未分類,intraday_5m,322.0,0.018987341772152,4.246753246753247,0.009925416802839876,31.25,-0.033033033033033066,9986347008.0,,2.8415608,-0.29681,,0.030000000000000006,20.0
2026-03-09 09:40:00+09:00,3932,アカツキ,3932.T,未分類,intraday_5m,2979.0,-0.001340931947703683,0.8135593220338982,0.007733550150990043,33.62068965517241,-0.02487725040916533,42963939328.0,20.571785,0.9974613,0.090579994,3.6,0.0,20.0
2026-03-09 09:40:00+09:00,3939,カナミックネットワーク,3939.T,未分類,intraday_5m,526.0,-0.00189753320683117,0.0,0.009439431770001266,23.80952380952381,-0.041894353369763215,24962537472.0,22.440273,5.384489,0.28059,1.64,0.02,20.0
2026-03-09 09:40:00+09:00,3941,レンゴー,3941.T,未分類,intraday_5m,1321.0,-0.0011342155009451682,0.6712606404539927,0.011270713259701625,11.885245901639337,-0.06312056737588656,327666434048.0,15.486518,0.66879475,0.06878,2.84,-0.01,20.0
2026-03-09 09:40:00+09:00,3946,トーモク,3946.T,未分類,intraday_5m,3325.0,-0.0015015015015015232,0.0,0.009789985257667713,24.13793103448276,-0.04040404040404044,54852239360.0,7.421544,0.5601002,0.080649994,3.75,0.06,20.0
2026-03-09 09:40:00+09:00,3950,ザ・パック,3950.T,未分類,intraday_5m,1298.0,-0.0007698229407235857,0.1456752655538695,0.008243054187409173,36.893203883495154,-0.029895366218236186,72148123648.0,12.1263075,0.94150484,0.07954,3.14,0.030000000000000006,20.0
2026-03-09 09:40:00+09:00,3962,チェンジホールディングス,3962.T,未分類,intraday_5m,929.0,-0.005353319057815886,0.5217391304347826,0.006993434780772422,24.242424242424235,-0.03430353430353428,64638840832.0,9.241023,1.3679609,0.12335,2.39,0.0,20.0
2026-03-09 09:40:00+09:00,3963,シンクロ・フード,3963.T,未分類,intraday_5m,470.0,0.002132196162046851,2.0588235294117645,0.011350148941553232,26.08695652173914,-0.04858299595141702,13180016640.0,27.976192,2.7818387,0.065630004,6.07,0.030000000000000006,20.0
2026-03-09 09:40:00+09:00,3964,オークネット,3964.T,未分類,intraday_5m,2360.0,-0.004639392661324293,0.1572052401746725,0.00863478705591754,26.455026455026456,-0.04220779220779225,107014479872.0,15.373591,4.063235,0.22962,1.62,0.03333333333333334,18.0
2026-03-09 09:40:00+09:00,3968,セグエグループ,3968.T,未分類,intraday_5m,490.0,-0.004065040650406471,3.041551246537396,0.006844672437030121,24.242424242424235,-0.031620553359683834,17808990208.0,32.601463,3.7126555,0.32437,3.56,0.04,20.0
2026-03-09 09:40:00+09:00,3983,オロ,3983.T,未分類,intraday_5m,1842.0,-0.0010845986984815426,0.1935483870967742,0.007624351118587083,31.914893617021278,-0.03205465055176038,28705769472.0,16.132423,2.7715876,0.18371001,2.63,0.04,20.0
2026-03-09 09:40:00+09:00,3984,ユーザーローカル,3984.T,未分類,intraday_5m,1508.0,-0.0019854401058901905,0.37795275590551186,0.006352366074556207,28.865979381443296,-0.029601029601029616,24146489344.0,14.636514,2.5756247,0.19016,1.29,0.030000000000000006,20.0
2026-03-09 09:40:00+09:00,3992,ニーズウェル,3992.T,未分類,intraday_5m,525.0,0.0,0.7076167076167077,0.005616168535299465,25.925925925925924,-0.02777777777777779,19880439808.0,22.39761,4.321201,0.21145001,2.22,0.044444444444444446,18.0
2026-03-09 09:40:00+09:00,3993,ＰＫＳＨＡ　Ｔｅｃｈｎｏｌｏｇｙ,3993.T,未分類,intraday_5m,3130.0,-0.006349206349206327,0.31903323262839883,0.008423227813902227,16.949152542372886,-0.06146926536731634,97207132160.0,36.23524,2.8189056,,,0.02,20.0
2026-03-09 09:40:00+09:00,3994,マネーフォワード,3994.T,未分類,intraday_5m,3702.0,0.0016233766233766378,0.5083176127593895,0.005454757773754624,48.627450980392155,0.0010816657652785722,204751847424.0,130.03162,4.671305,0.043390002,,0.01,20.0
2026-03-09 09:40:00+09:00,4004,レゾナック・ホールディングス,4004.T,未分類,intraday_5m,10645.0,-0.005604857543204056,1.6578349735049205,0.02097881945009908,16.891891891891888,-0.12674323215750616,1925658050560.0,66.12392,2.7544408,0.0448,0.53,0.02,20.0
2026-03-09 09:40:00+09:00,4005,住友化学,4005.T,未分類,intraday_5m,471.79998779296875,-0.001692802158727913,0.3696036985359962,0.012767240552191656,21.95570335118967,-0.07034485163947046,771703111680.0,9.094944,0.74928457,0.12083,2.66,0.01,20.0
2026-03-09 09:40:00+09:00,4008,住友精化,4008.T,未分類,intraday_5m,6450.0,-0.0030911901081916993,0.3559322033898305,0.012279421653898984,25.675675675675677,-0.05563689604685207,83866492928.0,14.330149,0.8418874,0.040710002,3.51,0.06999999999999999,20.0
2026-03-09 09:40:00+09:00,4021,日産化学,4021.T,未分類,intraday_5m,6119.0,-0.003744708563985677,0.6857142857142857,0.008913920415705663,20.656370656370655,-0.052639727511998746,821285879808.0,18.401274,3.4046354,0.19723,3.41,0.01,20.0
2026-03-09 09:40:00+09:00,4022,ラサ工業,4022.T,未分類,intraday_5m,8390.0,0.012062726176115701,1.6011994002998502,0.014817631226012436,18.181818181818187,-0.08406113537117899,65503248384.0,15.603786,2.166083,0.15564999,1.86,0.04,20.0
2026-03-09 09:40:00+09:00,4023,クレハ,4023.T,未分類,intraday_5m,4460.0,-0.003351955307262622,0.44562334217506633,0.009679248395020134,26.66666666666667,-0.041890440386680994,170458054656.0,22.867105,0.9357974,0.050380003,4.7,0.01,20.0
2026-03-09 09:35:00+09:00,4025,多木化学,4025.T,未分類,intraday_5m,3650.0,-0.002732240437158473,0.8627450980392157,0.00443605457295348,32.55813953488372,-0.01749663526244949,30435653632.0,11.531657,0.70971173,0.080970004,2.15,0.021052631578947368,19.0
2026-03-09 09:40:00+09:00,4027,テイカ,4027.T,未分類,intraday_5m,1682.0,-0.0053222945002956434,0.5714285714285714,0.012572528533028466,21.2290502793296,-0.0555867490174059,38380621824.0,15.9522,0.62841105,0.02624,3.37,0.0,20.0
2026-03-09 09:40:00+09:00,4028,石原産業,4028.T,未分類,intraday_5m,3245.0,-0.003072196620583667,0.6081081081081081,0.016298956509451498,13.953488372093034,-0.08720112517580869,124138192896.0,9.30466,1.0278492,0.14339,3.38,0.04,20.0
2026-03-09 09:40:00+09:00,4041,日本曹達,4041.T,未分類,intraday_5m,3795.0,-0.001315789473684159,0.22406639004149378,0.009608260566201232,21.311475409836078,-0.04287515762925598,203482988544.0,13.480392,1.0362278,0.077259995,3.53,0.030000000000000006,20.0
2026-03-09 09:40:00+09:00,4042,東ソー,4042.T,未分類,intraday_5m,2391.5,-0.0020863759649488722,0.5711592836946278,0.009201900167707265,24.03100775193799,-0.045309381237524926,740117053440.0,18.83071,0.9239766,,3.99,-0.030000000000000006,20.0
2026-03-09 09:40:00+09:00,4043,トクヤマ,4043.T,未分類,intraday_5m,3741.0,-0.005053191489361675,0.7964040190375462,0.01974953308632851,15.78947368421052,-0.09396948413659478,269151485952.0,11.269091,0.97143525,0.091230005,2.91,-0.01,20.0
2026-03-09 09:40:00+09:00,4044,セントラル硝子,4044.T,未分類,intraday_5m,3945.0,0.0,0.4482758620689655,0.01032361850789701,17.910447761194035,-0.05508982035928145,97804361728.0,19.442118,0.81907344,0.04385,4.07,0.01,20.0
2026-03-09 09:40:00+09:00,4045,東亞合成,4045.T,未分類,intraday_5m,1746.0,0.0005730659025788842,0.4546684709066306,0.009066281404971498,23.552123552123547,-0.041975308641975295,185310494720.0,14.923077,0.87351364,0.059770003,3.84,0.03157894736842106,19.0
2026-03-09 09:40:00+09:00,4046,大阪ソーダ,4046.T,未分類,intraday_5m,2035.0,-0.0019617459538989745,0.6111655239960823,0.010953598391200721,29.05027932960894,-0.039187913125590224,250004045824.0,20.979382,2.0437555,0.10943,1.18,0.01,20.0
2026-03-09 09:40:00+09:00,4047,関東電化工業,4047.T,未分類,intraday_5m,1509.0,-0.00461741424802109,0.3918918918918919,0.01713392494020898,12.5,-0.09586578789694433,86547103744.0,45.20671,1.2730138,0.046329997,1.08,0.030000000000000006,20.0
2026-03-09 09:40:00+09:00,4051,ＧＭＯフィナンシャルゲート,4051.T,未分類,intraday_5m,5640.0,0.005347593582887722,0.0,0.007373142833082186,57.44680851063829,-0.0035335689045936647,46557036544.0,28.633802,7.6494184,0.28167,2.21,0.030000000000000006,20.0
2026-03-09 09:40:00+09:00,4053,Ｓｕｎ　Ａｓｔｅｒｉｓｋ,4053.T,未分類,intraday_5m,390.0,-0.002557544757033292,0.1522198731501057,0.0073365731842397796,18.51851851851852,-0.039408866995073843,14847373312.0,17.218544,1.3941866,0.04543,,0.044444444444444446,18.0
2026-03-09 09:40:00+09:00,4061,デンカ,4061.T,未分類,intraday_5m,3304.0,-0.004519433564326603,0.5711940910956094,0.009968590260941386,14.057507987220447,-0.06666666666666665,284806807552.0,,0.9613798,-0.05479,2.82,0.01,20.0
2026-03-09 09:40:00+09:00,4062,イビデン,4062.T,未分類,intraday_5m,7124.0,0.000983560488970081,0.8145048814504882,0.02163823342780659,20.30744336569579,-0.09593908629441628,1989347508224.0,60.27073,3.6677089,0.07564,0.25,0.0,20.0
2026-03-09 09:40:00+09:00,4063,信越化学工業,4063.T,未分類,intraday_5m,5942.0,-0.0006727211570803915,0.6410799554805586,0.013235452513406822,25.28,-0.04882343524891952,11137085079552.0,23.034883,2.5749109,0.11484,1.7,0.01,20.0
2026-03-09 09:40:00+09:00,4064,日本カーバイド工業,4064.T,未分類,intraday_5m,2677.0,-0.0014919806042521522,0.3934426229508197,0.013786949722335786,18.41269841269842,-0.07338179300796122,24964366336.0,8.611594,0.6764351,0.07716,3.53,0.06,20.0
2026-03-09 09:40:00+09:00,4071,プラスアルファ・コンサルティング,4071.T,未分類,intraday_5m,2182.0,-0.0004580852038479355,0.44878048780487806,0.006351798640488639,19.67213114754098,-0.03579319487406096,92484837376.0,27.867176,6.2864094,0.27903,1.68,0.02,20.0
2026-03-09 09:40:00+09:00,4072,電算システムホールディングス,4072.T,未分類,intraday_5m,2891.0,-0.001381692573402371,0.4827586206896552,0.007670603348923296,18.095238095238088,-0.04112769485903811,30956249088.0,15.29306,1.2561607,0.123459995,3.32,0.05,20.0
2026-03-09 09:40:00+09:00,4078,堺化学工業,4078.T,未分類,intraday_5m,3650.0,-0.001367989056087593,0.1282442748091603,0.011898906583648146,20.54794520547945,-0.05440414507772018,55886057472.0,10.50662,0.7289818,0.05493,4.15,0.009999999999999998,20.0
2026-03-09 09:40:00+09:00,4082,第一稀元素化学工業,4082.T,未分類,intraday_5m,2281.0,-0.00782949108307962,0.6296296296296297,0.010482040837318912,17.567567567567565,-0.06054365733113676,55092285440.0,43.094654,1.4800031,0.02641,1.15,0.01,20.0
2026-03-09 09:40:00+09:00,4088,エア・ウォーター,4088.T,未分類,intraday_5m,2009.0,-0.0009945300845350946,0.2,0.008947929771486696,27.002967359050444,-0.040363028421304015,460496961536.0,5.2583365,1.0354085,0.016619999,3.58,-0.020000000000000004,20.0
2026-03-09 09:40:00+09:00,4091,日本酸素ホールディングス,4091.T,未分類,intraday_5m,5500.0,-0.0032620514679231327,0.7620967741935485,0.009052186166252002,18.29573934837093,-0.04629790185538407,2380698484736.0,22.231205,2.0378847,0.10508,1.01,0.02,20.0
2026-03-09 09:40:00+09:00,4092,日本化学工業,4092.T,未分類,intraday_5m,3130.0,-0.0031847133757961776,0.3977900552486188,0.013829022721824902,19.736842105263165,-0.06983655274888556,27342737408.0,10.765633,0.5684986,0.043420002,3.57,0.030000000000000006,20.0
2026-03-09 09:40:00+09:00,4095,日本パーカライジング,4095.T,未分類,intraday_5m,1460.0,0.0,0.348993288590604,0.011277339636349956,16.666666666666657,-0.05071521456436934,158325555200.0,12.968555,0.82000864,0.06325,3.25,0.022222222222222223,18.0
2026-03-09 09:35:00+09:00,4097,高圧ガス工業,4097.T,未分類,intraday_5m,1095.0,0.005509641873278293,0.5121951219512195,0.0020051740803136773,40.74074074074074,0.000914076782449813,60447735808.0,12.40231,0.7395665,0.053200003,3.66,0.04,20.0
2026-03-09 09:45:00+09:00,4099,四国化成ホールディングス,4099.T,未分類,intraday_5m,4720.0,0.0010604453870626251,0.0,0.013611714825294219,12.5,-0.08704061895551263,204136824832.0,24.410425,2.1792285,0.09482,1.16,0.01,20.0
2026-03-09 09:40:00+09:00,4109,ステラ　ケミファ,4109.T,未分類,intraday_5m,4830.0,-0.0020661157024793875,0.22929936305732485,0.015920224862153512,24.657534246575338,-0.06936416184971095,57074032640.0,19.55149,1.271077,0.05662,3.28,0.05,20.0
2026-03-09 09:40:00+09:00,4112,保土谷化学工業,4112.T,未分類,intraday_5m,2280.0,-0.002624671916010457,0.5533980582524272,0.0041780044390500246,30.612244897959187,-0.010845986984815648,36265422848.0,19.434027,0.6914541,0.05903,2.17,0.030000000000000006,20.0
2026-03-09 09:45:00+09:00,4114,日本触媒,4114.T,未分類,intraday_5m,2346.0,-0.0006389776357828003,0.0,0.009247671147431006,21.73913043478261,-0.0447882736156352,346638090240.0,22.061314,0.8940331,0.04674,4.07,0.01,20.0
2026-03-09 09:40:00+09:00,4116,大日精化工業,4116.T,未分類,intraday_5m,4520.0,-0.002207505518763808,0.2975206611570248,0.010395230914346819,15.78947368421052,-0.056367432150313146,77151158272.0,12.873459,0.58915156,0.053839996,3.72,0.044444444444444446,18.0
2026-03-09 09:45:00+09:00,4118,カネカ,4118.T,未分類,intraday_5m,4760.0,-0.001468428781204123,0.0,0.009336325872576089,25.454545454545453,-0.040322580645161255,289323843584.0,11.451942,0.5999494,0.05547,3.23,0.02,20.0
2026-03-09 09:45:00+09:00,4151,協和キリン,4151.T,未分類,intraday_5m,2182.5,-0.0006868131868131844,0.0,0.006279221239592853,28.030303030303017,-0.030646235842771485,1142512943104.0,17.03614,1.2789342,0.076869994,3.11,-0.01,20.0
2026-03-09 09:45:00+09:00,4180,Ａｐｐｉｅｒ　Ｇｒｏｕｐ,4180.T,未分類,intraday_5m,814.0,0.0024630541871921707,0.0,0.006921532733024146,40.98360655737705,-0.02280912364945975,82881470464.0,32.57303,2.2335882,0.07159,0.28,0.01,20.0
2026-03-09 09:45:00+09:00,4182,三菱瓦斯化学,4182.T,未分類,intraday_5m,4172.0,-0.00023963575365448797,0.0,0.02250167011423817,22.46575342465752,-0.09343763581051712,812467879936.0,,1.274065,-0.01591,2.17,-0.01,20.0
2026-03-09 09:45:00+09:00,4183,三井化学,4183.T,未分類,intraday_5m,2021.5,-0.0009883864591054836,0.0,0.012305147651199173,19.106699751861044,-0.062384044526901716,761156009984.0,42.423923,0.8632333,0.0298,3.48,0.0,20.0
2026-03-09 09:45:00+09:00,4186,東京応化工業,4186.T,未分類,intraday_5m,7733.0,-0.0025796465884173614,0.0,0.023027725971443175,12.455767869780601,-0.12274532047646058,927032868864.0,27.761623,4.0709662,0.17196,0.91,0.0,20.0
2026-03-09 09:45:00+09:00,4187,大阪有機化学工業,4187.T,未分類,intraday_5m,3975.0,-0.0012562814070351536,0.0,0.018637124693674678,15.315315315315317,-0.09453302961275623,80840654848.0,11.805411,1.6265725,0.14529,1.82,0.02,20.0
2026-03-09 09:45:00+09:00,4188,三菱ケミカルグループ,4188.T,未分類,intraday_5m,957.9000244140625,-0.002187474568684844,0.0,0.012221902395171146,12.228772505983144,-0.07672286803463857,1301359886336.0,36.785713,0.70332825,0.03679,3.08,0.02,20.0
2026-03-09 09:45:00+09:00,4189,ＫＨネオケム,4189.T,未分類,intraday_5m,2835.0,-0.0017605633802817433,0.0,0.011300576231985762,18.846153846153854,-0.05500000000000005,99249422336.0,13.235294,1.4241301,0.11003,3.67,0.030000000000000006,20.0
2026-03-09 09:40:00+09:00,4194,ビジョナル,4194.T,未分類,intraday_5m,7219.0,-0.0019355730678832783,0.5171400587659157,0.008409505178331528,34.17910447761194,-0.032824222936763126,289742684160.0,18.707403,3.9698927,0.27225,,-0.01,20.0
2026-03-09 09:45:00+09:00,4202,ダイセル,4202.T,未分類,intraday_5m,1412.0,-0.0024726245143058545,0.0,0.012440419469461115,19.292604501607713,-0.06767910201386595,363982323712.0,10.370914,0.9521613,0.10627,3.96,0.02,20.0
2026-03-09 09:45:00+09:00,4203,住友ベークライト,4203.T,未分類,intraday_5m,5187.0,-0.0021161985378992387,0.0,0.013390678662047132,17.75043936731106,-0.06876122082585279,455087489024.0,23.165558,1.3864208,0.08133,1.97,0.05,20.0
2026-03-09 09:45:00+09:00,4204,積水化学工業,4204.T,未分類,intraday_5m,2720.0,-0.002201027146001455,0.0,0.00867712030837108,24.578313253012055,-0.04124074726824112,1100588253184.0,16.00565,1.3445736,,2.82,0.01,20.0
2026-03-09 09:45:00+09:00,4205,日本ゼオン,4205.T,未分類,intraday_5m,1866.0,-0.0010706638115631772,0.0,0.010940508114172652,18.397626112759653,-0.056622851365015214,357050941440.0,10.2207365,0.98665065,0.09689,3.64,0.030000000000000006,20.0
2026-03-09 09:45:00+09:00,4206,アイカ工業,4206.T,未分類,intraday_5m,3719.0,0.0005380683346785098,0.0,0.007398340324725543,29.508196721311478,-0.02720376667538582,232835448832.0,14.475886,1.3017967,0.10466,3.61,0.04,20.0
2026-03-09 09:45:00+09:00,4208,ＵＢＥ,4208.T,未分類,intraday_5m,2507.0,-0.0023875845602865375,0.0,0.011843266551538337,21.062618595825427,-0.06210250654695104,243530235904.0,42.441174,0.5732819,0.08762,4.12,0.030000000000000006,20.0
2026-03-09 09:45:00+09:00,4212,積水樹脂,4212.T,未分類,intraday_5m,2332.0,-0.0012847965738758127,0.0,0.009863416886112326,24.880382775119614,-0.04621676891615545,69882273792.0,18.887178,0.7318643,0.04504,2.94,0.04,20.0
2026-03-09 09:45:00+09:00,4216,旭有機材,4216.T,未分類,intraday_5m,5740.0,-0.0017391304347825765,0.0,0.009689551665912819,22.91666666666667,-0.046511627906976716,107819769856.0,15.891472,1.374549,0.07391,1.99,0.01,20.0
2026-03-09 09:35:00+09:00,4218,ニチバン,4218.T,未分類,intraday_5m,1923.0,0.0015624999999999112,0.0,0.002236174679219313,39.583333333333336,-0.0036269430051812934,39147294720.0,21.70674,0.8944885,0.03593,2.07,-2.7755575615628915e-18,20.0
2026-03-09 09:45:00+09:00,4220,リケンテクノス,4220.T,未分類,intraday_5m,1697.0,-0.0017647058823528905,0.0,0.00929712386447859,20.0,-0.051955307262569805,80745144320.0,10.712031,1.2697543,0.13674,2.91,0.05,20.0
2026-03-09 09:45:00+09:00,4221,大倉工業,4221.T,未分類,intraday_5m,4675.0,-0.0010683760683760646,0.0,0.008921495167423861,21.917808219178085,-0.0449438202247191,52811870208.0,13.942322,0.8369716,0.06099,4.49,0.030000000000000006,20.0
2026-03-09 09:45:00+09:00,4228,積水化成品工業,4228.T,未分類,intraday_5m,476.0,-0.008333333333333304,0.0,0.012717092140665576,16.666666666666657,-0.06666666666666665,21704470528.0,,0.4713856,-0.16943,1.96,0.030000000000000006,20.0
2026-03-09 09:40:00+09:00,4229,群栄化学工業,4229.T,未分類,intraday_5m,5080.0,-0.00974658869395717,0.6,0.010874799501665573,23.529411764705884,-0.043314500941619594,33711478784.0,17.683712,0.63687074,0.04603,1.88,0.02,20.0
2026-03-09 09:45:00+09:00,4246,ダイキョーニシカワ,4246.T,未分類,intraday_5m,836.0,-0.0011947431302270495,0.0,0.010085548107204268,10.169491525423723,-0.05429864253393668,55062409216.0,8.245389,0.6572492,0.10488,4.3,0.030000000000000006,20.0
2026-03-09 09:40:00+09:00,4249,森六,4249.T,未分類,intraday_5m,2437.0,0.005363036303630331,0.8421052631578947,0.008910149080713902,28.108108108108112,-0.03485148514851488,34783498240.0,,0.54493296,-0.09842,4.55,0.022222222222222223,18.0
2026-03-09 09:45:00+09:00,4251,恵和,4251.T,未分類,intraday_5m,1206.0,-0.0016556291390728006,0.0,0.01351803750634937,14.814814814814824,-0.07159353348729791,22664632320.0,8.333909,0.9346823,0.096920006,3.85,0.01,20.0
2026-03-09 09:45:00+09:00,4272,日本化薬,4272.T,未分類,intraday_5m,1811.0,-0.0011031439602867676,0.0,0.009288929650973122,26.31578947368422,-0.03670212765957448,270656028672.0,12.397316,0.9960318,0.07911,3.19,0.01,20.0
2026-03-09 09:45:00+09:00,4275,カーリット,4275.T,未分類,intraday_5m,2708.0,-0.004045605001838926,0.0,0.011282946843375843,12.41134751773049,-0.08078750848608285,60879728640.0,22.865828,1.5552689,0.087,1.29,0.03157894736842106,19.0
2026-03-09 09:40:00+09:00,4290,プレステージ・インターナショナル,4290.T,未分類,intraday_5m,676.0,-0.001477104874446078,0.07132243684992572,0.007524673924959485,34.09090909090909,-0.018867924528301883,84530536448.0,16.21881,1.7960762,0.12312999,3.77,0.030000000000000006,20.0
2026-03-09 09:45:00+09:00,4301,アミューズ,4301.T,未分類,intraday_5m,2012.0,0.0009950248756218638,0.0,0.004387865972360775,36.26373626373626,-0.012757605495583912,32610285568.0,6.9376917,0.86823946,0.14023,1.96,0.05263157894736842,19.0
2026-03-09 09:45:00+09:00,4307,野村総合研究所,4307.T,未分類,intraday_5m,4303.0,0.0013963230160576323,0.0,0.006089226514784389,32.365145228215766,-0.02004099294010475,2466970337280.0,24.195908,4.9192157,0.22697,1.69,0.020000000000000004,20.0
2026-03-09 09:40:00+09:00,4310,ドリームインキュベータ,4310.T,未分類,intraday_5m,2934.0,0.005483207676490798,0.0,0.0045825955352353535,26.797385620915037,-0.0268656716417911,25849888768.0,23.793692,2.3684058,0.07447,4.54,0.030000000000000006,20.0
2026-03-09 09:45:00+09:00,4318,クイック,4318.T,未分類,intraday_5m,910.0,-0.001097694840834218,0.0,0.009050781770422893,27.5,-0.03703703703703709,51070488576.0,16.660564,2.6897292,0.21108,3.67,0.030000000000000006,20.0
2026-03-09 09:45:00+09:00,4323,日本システム技術,4323.T,未分類,intraday_5m,1968.0,0.0010172939979653517,0.0,0.008466856890498468,28.395061728395063,-0.03387334315169366,48646897664.0,16.860863,3.136065,0.18988001,2.21,0.02,20.0
2026-03-09 09:45:00+09:00,4324,電通グループ,4324.T,未分類,intraday_5m,2837.0,0.0005290072297654547,0.0,0.005673093291873587,35.23489932885906,-0.02172413793103445,736449527808.0,,1.9646516,-0.52415,4.14,0.021052631578947368,19.0
2026-03-09 09:40:00+09:00,4326,インテージホールディングス,4326.T,未分類,intraday_5m,1692.0,0.0011834319526626835,0.14634146341463414,0.005706116018390249,49.45054945054945,-0.005291005291005346,64651964416.0,23.854504,1.9223908,0.08194,2.82,0.04,20.0
2026-03-09 09:45:00+09:00,4331,テイクアンドギヴ・ニーズ,4331.T,未分類,intraday_5m,701.0,-0.0014245014245014564,0.0,0.008239592965670553,26.0,-0.03310344827586209,10236165120.0,3.9208012,0.57677907,0.11264,5.52,0.025,16.0
2026-03-09 09:30:00+09:00,4333,東邦システムサイエンス,4333.T,未分類,intraday_5m,1086.0,0.0,0.36923076923076925,0.002605585573341983,32.14285714285715,-0.008219178082191747,18832969728.0,15.0728655,2.0736392,-0.00914,4.57,0.023529411764705882,17.0
2026-03-09 09:40:00+09:00,4337,ぴあ,4337.T,未分類,intraday_5m,2940.0,-0.019673224408136014,0.0,0.009731392473226408,43.142857142857146,-0.016064257028112428,45087944704.0,15.544042,4.582694,0.38563,0.67,0.05,20.0
2026-03-09 09:40:00+09:00,4343,イオンファンタジー,4343.T,未分類,intraday_5m,2466.0,-0.0016194331983805377,0.24096385542168675,0.0036381623857995042,32.67326732673267,-0.01674641148325362,48780124160.0,,6.482701,0.18395,0.6,0.025,16.0
2026-03-09 09:45:00+09:00,4344,ソースネクスト,4344.T,未分類,intraday_5m,121.0,-0.008196721311475419,0.0,0.008909646013780675,36.36363636363636,-0.03200000000000003,16735533056.0,,2.7548835,-0.51628,,0.01,20.0
2026-03-09 09:40:00+09:00,4345,シーティーエス,4345.T,未分類,intraday_5m,890.0,0.004514672686230181,0.14516129032258066,0.007629949215008726,30.0,-0.031556039173014194,36725960704.0,14.922871,2.4746282,0.19347,3.16,0.03333333333333334,18.0
2026-03-09 09:45:00+09:00,4362,日本精化,4362.T,未分類,intraday_5m,2476.0,0.0,0.0,0.00826294759136884,17.682926829268297,-0.04179566563467496,53692633088.0,12.022919,1.0799795,0.09232,3.64,-0.01,20.0
2026-03-09 09:45:00+09:00,4368,扶桑化学工業,4368.T,未分類,intraday_5m,8450.0,-0.003537735849056589,0.0,0.014951604837050774,11.86440677966101,-0.10106382978723405,297993502720.0,23.108898,2.6337821,0.12186,0.87,0.02,20.0
2026-03-09 09:45:00+09:00,4369,トリケミカル研究所,4369.T,未分類,intraday_5m,3025.0,0.0,0.0,0.0157165044255425,13.186813186813183,-0.10370370370370374,98302787584.0,17.236467,2.8477423,0.17899,1.04,-0.02,20.0
2026-03-09 09:45:00+09:00,4373,シンプレクス・ホールディングス,4373.T,未分類,intraday_5m,824.0,0.0024330900243310083,0.2065652522017614,0.007496445217045071,45.714285714285715,-0.008423586040914532,185205555200.0,19.55851,3.5516474,0.20173,2.17,0.0,20.0
2026-03-09 09:45:00+09:00,4384,ラクスル,4384.T,未分類,intraday_5m,1885.0,-0.0005302226935313126,0.0,0.002503266622323332,39.2156862745098,-0.00527704485488123,109215662080.0,41.27436,6.6283617,,0.16,0.022222222222222223,18.0
2026-03-09 09:45:00+09:00,4385,メルカリ,4385.T,未分類,intraday_5m,3456.0,0.0043591979075849885,0.1362776025236593,0.006033338708623778,45.13618677042802,-0.01145803494700659,569855836160.0,19.879206,5.1389723,0.30584,,0.0,20.0
2026-03-09 09:45:00+09:00,4390,ＩＰＳ,4390.T,未分類,intraday_5m,3110.0,0.0016103059581320522,0.5547445255474452,0.011356916442856392,21.126760563380273,-0.06042296072507558,40619008000.0,12.88852,2.5305827,0.18786,1.21,0.03157894736842106,19.0
2026-03-09 09:45:00+09:00,4392,ＦＩＧ,4392.T,未分類,intraday_5m,310.0,0.0,0.1070559610705596,0.013513171278465458,23.07692307692308,-0.06344410876132933,9416061952.0,,1.063359,0.092180006,3.02,0.023529411764705882,17.0
2026-03-09 09:40:00+09:00,4396,システムサポートホールディングス,4396.T,未分類,intraday_5m,1208.0,-0.0033003300330033403,0.25806451612903225,0.007562126465413669,33.33333333333333,-0.023443815683104274,25018095616.0,14.932014,4.163421,0.27657,2.51,0.05,20.0
2026-03-09 09:45:00+09:00,4401,ＡＤＥＫＡ,4401.T,未分類,intraday_5m,4081.0,0.002456398919184366,0.22598870056497175,0.012289400377756238,12.234042553191486,-0.06975153863688166,402198953984.0,15.983863,1.305692,0.0817,2.37,-0.01,20.0
2026-03-09 09:45:00+09:00,4403,日油,4403.T,未分類,intraday_5m,2822.5,0.001952431664891785,0.19037546271813854,0.012931185308501172,22.91666666666667,-0.057753296611584015,643857776640.0,18.920097,2.2793198,0.12353,2.34,0.02,20.0
2026-03-09 09:45:00+09:00,4410,ハリマ化成グループ,4410.T,未分類,intraday_5m,948.0,0.0,0.2,0.00843444157166958,16.36363636363636,-0.03951367781155013,23046092800.0,22.97625,0.602667,0.04822,4.26,0.05,20.0
2026-03-09 09:45:00+09:00,4413,ボードルア,4413.T,未分類,intraday_5m,1959.0,0.0015337423312884457,0.0,0.006023330603351058,40.28776978417266,-0.016566265060240948,61020672000.0,30.073689,8.768475,0.32797,0.38,0.02,20.0
2026-03-09 09:45:00+09:00,4432,ウイングアーク１ｓｔ,4432.T,未分類,intraday_5m,2624.0,0.003058103975535076,0.6,0.008641966609169749,38.626609442060094,-0.024535315985130146,90964738048.0,17.32585,2.0164576,0.13116,5.43,0.0,20.0
2026-03-09 09:45:00+09:00,4433,ヒト・コミュニケーションズ・ホールディングス,4433.T,未分類,intraday_5m,911.0,0.002200220022002153,0.13259668508287292,0.005830941817001332,29.545454545454547,-0.017259978425027023,16254426112.0,19.046623,0.95160896,0.04519,4.05,0.010526315789473684,19.0
2026-03-09 09:45:00+09:00,4443,Ｓａｎｓａｎ,4443.T,未分類,intraday_5m,1230.0,0.005723630417007408,0.11914665235475647,0.007623075418179242,47.22222222222223,-0.008064516129032251,155615789056.0,76.30273,9.310494,0.12727,,0.0,20.0
2026-03-09 09:45:00+09:00,4446,Ｌｉｎｋ－Ｕグループ,4446.T,未分類,intraday_5m,1021.0,0.0029469548133596035,0.4044943820224719,0.01306788453426759,27.407407407407405,-0.05550416281221093,14470461440.0,,5.6731677,,,-0.01,20.0
2026-03-09 09:45:00+09:00,4449,ギフティ,4449.T,未分類,intraday_5m,1093.0,0.0036730945821854544,0.5314009661835749,0.007591521782310714,33.70786516853933,-0.025846702317290582,32416282624.0,34.633682,3.5549073,0.10974,1.43,0.01,20.0
2026-03-09 09:45:00+09:00,4452,花王,4452.T,未分類,intraday_5m,6282.0,0.0003184713375796733,0.2112415071031501,0.0041487549703824195,45.52845528455285,-0.0019065776930410339,2841464274944.0,24.108685,2.6703563,0.10995,1.24,0.01,20.0
2026-03-09 09:45:00+09:00,4461,第一工業製薬,4461.T,未分類,intraday_5m,9560.0,0.0,0.24032042723631508,0.017741178960575612,10.204081632653057,-0.11726685133887349,101159895040.0,26.34988,2.092154,,1.66,0.022222222222222223,18.0
2026-03-09 09:40:00+09:00,4462,石原ケミカル,4462.T,未分類,intraday_5m,2341.0,-0.0046768707482993666,0.2535211267605634,0.01865194602453196,22.689075630252105,-0.07506914263137099,31991218176.0,13.064345,1.3494499,0.111949995,1.74,0.02,20.0
2026-03-09 09:45:00+09:00,4471,三洋化成工業,4471.T,未分類,intraday_5m,5220.0,0.0019193857965451588,0.35424354243542433,0.011936831385283399,30.188679245283026,-0.03690036900369009,115474563072.0,8.470589,0.75793093,0.09594,3.14,0.021052631578947368,19.0
2026-03-09 09:45:00+09:00,4480,メドレー,4480.T,未分類,intraday_5m,1863.0,0.002151694459386677,0.2524271844660194,0.006033599703695136,18.91891891891892,-0.04314329738058553,57584984064.0,61.34343,3.8898563,0.055689998,,0.02,20.0
2026-03-09 09:40:00+09:00,4481,ベース,4481.T,未分類,intraday_5m,3255.0,0.0,0.18848167539267016,0.005525084061056417,22.58064516129032,-0.028358208955223896,59037216768.0,14.309579,4.143172,0.29981002,3.76,0.030000000000000006,20.0
2026-03-09 09:45:00+09:00,4483,ＪＭＤＣ,4483.T,未分類,intraday_5m,3825.0,0.0013089005235602524,0.1749571183533448,0.010460098329086747,9.722222222222229,-0.07272727272727275,250215727104.0,41.58061,3.0553021,0.08868,0.39,0.0,20.0
2026-03-09 09:45:00+09:00,4502,武田薬品工業,4502.T,未分類,intraday_5m,5586.0,0.00035816618911166387,0.07879114948731786,0.005702582888008192,33.455882352941174,-0.01775980305960967,8823625482240.0,79.21158,1.15448,0.01503,3.52,0.02,20.0
2026-03-09 09:45:00+09:00,4503,アステラス製薬,4503.T,未分類,intraday_5m,2338.0,0.0012847965738758127,0.10261637784573564,0.004170970018212732,23.529411764705884,-0.027454242928452555,4187422195712.0,33.642773,2.3748806,0.19815001,3.24,0.01,20.0
2026-03-09 09:45:00+09:00,4506,住友ファーマ,4506.T,未分類,intraday_5m,1850.0,-0.0008101539292465487,0.17618699780861943,0.012845655655273316,29.556650246305423,-0.036188492580057297,734984994816.0,4.7499228,2.5437386,0.48386002,,0.01,20.0
2026-03-09 09:45:00+09:00,4507,塩野義製薬,4507.T,未分類,intraday_5m,3363.0,0.0002974419988102106,0.22115844901866924,0.005515031567096394,25.503355704697995,-0.025499855114459624,2861833125888.0,16.743837,1.8900436,0.13512,1.91,0.0,20.0
2026-03-09 09:45:00+09:00,4516,日本新薬,4516.T,未分類,intraday_5m,4984.0,-0.0006015640665730793,0.06902218570254726,0.003162582722915227,73.568281938326,0.01631321370309946,335926329344.0,10.50989,1.1833477,0.11224,2.53,-0.01,20.0
2026-03-09 09:45:00+09:00,4519,中外製薬,4519.T,未分類,intraday_5m,9292.0,0.0015089458935115818,0.10158501440922191,0.010106128956243434,31.030150753768837,-0.030669726684748544,15291968913408.0,35.247707,7.5488625,0.22103001,1.38,0.01,20.0
2026-03-09 09:45:00+09:00,4521,科研製薬,4521.T,未分類,intraday_5m,4230.0,0.0011834319526626835,0.047619047619047616,0.005751818227038486,34.883720930232556,-0.012835472578763163,160183074816.0,299.15134,1.0985892,-0.02546,4.43,0.0,20.0
2026-03-09 09:45:00+09:00,4523,エーザイ,4523.T,未分類,intraday_5m,4726.0,-0.0004230118443316888,0.20930232558139536,0.006724986503445681,21.370967741935473,-0.027572016460905346,1332217511936.0,27.011887,1.4974846,0.04887,3.29,0.01,20.0
2026-03-09 09:45:00+09:00,4526,理研ビタミン,4526.T,未分類,intraday_5m,2935.0,0.0017064846416381396,0.0,0.00336458675809232,29.059829059829056,-0.020360480640854495,86009913344.0,9.294446,1.0517285,0.11729,3.67,0.011111111111111112,18.0
2026-03-09 09:45:00+09:00,4527,ロート製薬,4527.T,未分類,intraday_5m,2247.0,0.0020066889632106566,0.2979397781299525,0.004064357076457777,34.5360824742268,-0.01468976101732078,507741929472.0,14.46877,1.7663345,0.12199,2.02,0.030000000000000006,20.0
2026-03-09 09:45:00+09:00,4528,小野薬品工業,4528.T,未分類,intraday_5m,2454.0,0.0010197838058332298,0.1057542768273717,0.0076334028697705465,27.71929824561404,-0.026576755255850903,1153153368064.0,21.924417,1.3733411,0.075,3.17,0.02,20.0
2026-03-09 09:45:00+09:00,4530,久光製薬,4530.T,未分類,intraday_5m,6044.0,0.0001654807214959142,0.028301886792452827,0.00037006611631087993,57.14285714285714,0.0008279516476237259,423362428928.0,22.440039,1.575074,,1.46,0.01,20.0
2026-03-09 09:45:00+09:00,4534,持田製薬,4534.T,未分類,intraday_5m,3600.0,0.0013908205841446364,0.0,0.009269879029800905,29.16666666666667,-0.024390243902439046,127621685248.0,22.42711,0.92861575,0.04797,2.17,0.05555555555555555,18.0
2026-03-09 09:45:00+09:00,4536,参天製薬,4536.T,未分類,intraday_5m,1608.5,0.0009334163036713861,0.1937888198757764,0.006008774554200049,42.441860465116285,-0.006485484867202018,517410127872.0,17.368534,1.8258346,0.10786,2.35,-0.030000000000000006,20.0
2026-03-09 09:45:00+09:00,4538,扶桑薬品工業,4538.T,未分類,intraday_5m,2461.0,0.0,0.0,0.0041230023837465,28.089887640449433,-0.015599999999999947,21013661696.0,,0.6062947,,3.6,0.0,20.0
2026-03-09 09:45:00+09:00,4540,ツムラ,4540.T,未分類,intraday_5m,3881.0,0.0023243801652892415,0.16597510373443983,0.005172170228786957,40.66985645933015,-0.012468193384223891,288499302400.0,10.687633,0.947519,0.09264,3.66,0.01,20.0
2026-03-09 09:45:00+09:00,4543,テルモ,4543.T,未分類,intraday_5m,2027.5,0.000493461633358061,0.33092159886134503,0.00761971720578097,39.642857142857146,-0.016254245511887477,2990708883456.0,22.878582,1.9645633,0.08743,1.46,-0.01,20.0
2026-03-09 09:45:00+09:00,4544,Ｈ．Ｕ．グループホールディングス,4544.T,未分類,intraday_5m,3210.0,0.0,0.27225130890052357,0.005753779987400438,20.32967032967032,-0.030211480362537735,182386720768.0,65.96794,1.3191386,0.0398,3.78,-0.01,20.0
2026-03-09 09:45:00+09:00,4547,キッセイ薬品工業,4547.T,未分類,intraday_5m,4570.0,0.002192982456140413,0.09958506224066391,0.006111841033831915,43.85964912280702,-0.008676789587852451,189438345216.0,13.3602295,0.87543416,0.06656,2.6,0.030000000000000006,20.0
2026-03-09 09:45:00+09:00,4548,生化学工業,4548.T,未分類,intraday_5m,728.0,0.0,0.05980066445182724,0.0069198657567487816,29.545454545454547,-0.020188425302826385,39750979584.0,,0.5444415,-0.0102699995,4.04,-0.01,20.0
2026-03-09 09:45:00+09:00,4549,栄研化学,4549.T,未分類,intraday_5m,3030.0,0.0033112582781456013,0.5106382978723405,0.006958880662808973,27.906976744186053,-0.03194888178913735,99893649408.0,25.884163,2.2835937,0.08604,1.85,0.02,20.0
2026-03-09 09:45:00+09:00,4552,ＪＣＲファーマ,4552.T,未分類,intraday_5m,608.0,0.0016474464579900872,0.04931506849315069,0.008210457951532168,34.69387755102041,-0.024077046548956704,74166157312.0,,1.6011335,-0.04856,3.21,0.02,20.0
2026-03-09 09:45:00+09:00,4553,東和薬品,4553.T,未分類,intraday_5m,4070.0,0.004938271604938205,0.0,0.006093214314305147,30.188679245283026,-0.030952380952380953,200357543936.0,9.700176,1.0562471,0.11956,1.9,0.01,20.0
2026-03-09 09:45:00+09:00,4554,富士製薬工業,4554.T,未分類,intraday_5m,2209.0,0.0009062075215224841,0.05052631578947368,0.013285799729690186,25.78125,-0.05839727195225919,54021615616.0,17.969576,1.1274107,0.04875,2.22,0.0,20.0
2026-03-09 09:45:00+09:00,4559,ゼリア新薬工業,4559.T,未分類,intraday_5m,2171.0,0.0009220839096357736,0.0,0.007496253307923885,36.48648648648649,-0.01764705882352946,95696560128.0,17.054203,0.99669087,0.07992,2.17,-0.01,20.0
2026-03-09 09:45:00+09:00,4565,ネクセラファーマ,4565.T,未分類,intraday_5m,873.0,0.0022962112514350874,0.04530201342281879,0.008050080314267384,30.0,-0.0353591160220994,79001935872.0,,1.2951772,-0.19349001,,0.02,20.0
2026-03-09 09:45:00+09:00,4568,第一三共,4568.T,未分類,intraday_5m,2836.0,0.0026515821106594117,0.24414699440253101,0.007356366768830385,39.73684210526315,-0.010812696198116534,5244887498752.0,18.94962,3.0689552,0.18267,2.72,0.01,20.0
2026-03-09 09:45:00+09:00,4569,杏林製薬,4569.T,未分類,intraday_5m,1626.0,0.002466091245376001,0.33922261484098937,0.0065692438012628085,32.29166666666667,-0.02048192771084334,93416415232.0,10.015398,0.6726346,0.08006,3.43,0.03157894736842106,19.0
2026-03-09 09:35:00+09:00,4574,大幸薬品,4574.T,未分類,intraday_5m,293.0,0.003424657534246478,0.0,0.00658073187583674,38.095238095238095,-0.02006688963210701,14706757632.0,,1.7285321,0.11201,1.17,0.042105263157894736,19.0
2026-03-09 09:45:00+09:00,4577,ダイト,4577.T,未分類,intraday_5m,1472.0,0.0,2.352272727272727,0.0061480952882847235,40.0,-0.014725568942436373,42903949312.0,19.784946,0.8346649,0.043520004,2.68,0.02,20.0
2026-03-09 09:45:00+09:00,4578,大塚ホールディングス,4578.T,未分類,intraday_5m,9826.0,0.00040724903278355207,0.4689889549702633,0.005073268342169146,27.33333333333333,-0.02326043737574557,5189499092992.0,14.342641,1.710735,0.12461001,1.39,0.02,20.0
2026-03-09 09:45:00+09:00,4587,ペプチドリーム,4587.T,未分類,intraday_5m,1437.5,0.005244755244755206,0.9534804753820033,0.008419873721465519,36.79653679653679,-0.029372045914922373,185745080320.0,,3.6047263,-0.06924,,0.01,20.0
2026-03-09 09:45:00+09:00,4611,大日本塗料,4611.T,未分類,intraday_5m,1343.0,0.001491424310216205,0.1411764705882353,0.008621752842795342,29.464285714285708,-0.030324909747292406,38349840384.0,4.7323723,0.58988607,0.11494,4.19,0.0,18.0
2026-03-09 09:45:00+09:00,4612,日本ペイントホールディングス,4612.T,未分類,intraday_5m,1012.0,0.0,0.35978412952228667,0.011734026052157847,20.430107526881727,-0.05243445692883897,2351186051072.0,13.197704,1.3060205,0.10554,1.69,0.0,20.0
2026-03-09 09:45:00+09:00,4613,関西ペイント,4613.T,未分類,intraday_5m,2535.5,0.00019723865877718794,0.22256164084660704,0.0051465764660753,18.51851851851852,-0.02817171330011503,446420385792.0,14.186996,1.5602971,0.10882,4.22,0.01,20.0
2026-03-09 09:45:00+09:00,4617,中国塗料,4617.T,未分類,intraday_5m,3635.0,0.0,0.5171503957783641,0.01364750653778727,8.219178082191789,-0.07868020304568524,180347027456.0,15.933897,2.0402403,0.15194,2.46,-0.01,20.0
2026-03-09 09:45:00+09:00,4626,太陽ホールディングス,4626.T,未分類,intraday_5m,5050.0,-0.00019798059790143707,0.1227906976744186,0.007549647577978921,26.301369863013704,-0.0355233002291826,561968447488.0,44.4464,5.2593207,0.1421,2.77,0.04,20.0
2026-03-09 09:45:00+09:00,4631,ＤＩＣ,4631.T,未分類,intraday_5m,3923.0,0.0005100739607242222,0.4194528875379939,0.011749992574553864,14.364640883977899,-0.06595238095238098,371433373696.0,11.474787,0.7887993,0.07288,3.33,0.03333333333333334,18.0
2026-03-09 09:45:00+09:00,4633,サカタインクス,4633.T,未分類,intraday_5m,2390.0,0.0008375209380233617,0.23645320197044334,0.01133198679045309,12.886597938144334,-0.06090373280943029,117538938880.0,10.163293,0.9854216,0.10709,3.93,0.030000000000000006,20.0
2026-03-09 09:45:00+09:00,4634,ａｒｔｉｅｎｃｅ,4634.T,未分類,intraday_5m,3850.0,0.0,0.14035087719298245,0.013241841878045781,18.39080459770115,-0.07117008443908324,181452898304.0,18.283705,0.6863302,0.03549,2.9,0.025,16.0
2026-03-09 09:45:00+09:00,4641,アルプス技研,4641.T,未分類,intraday_5m,2544.0,0.0015748031496063408,0.0,0.005350534069802777,37.06293706293706,-0.01889703046664093,49909809152.0,12.546234,2.4493968,0.20406,4.17,0.044444444444444446,18.0
2026-03-09 09:45:00+09:00,4658,日本空調サービス,4658.T,未分類,intraday_5m,1547.0,0.0019430051813471572,0.1836734693877551,0.00901107755216079,27.067669172932327,-0.03972687771570449,53579804672.0,15.388441,1.8608601,0.12528,3.6,0.05,20.0
2026-03-09 09:45:00+09:00,4661,オリエンタルランド,4661.T,未分類,intraday_5m,2831.0,0.0017692852087756172,0.3944945044063769,0.0024677134998154055,68.18181818181819,0.009989297181591139,4641468186624.0,36.59514,4.315542,,0.5,0.0,20.0
2026-03-09 09:45:00+09:00,4662,フォーカスシステムズ,4662.T,未分類,intraday_5m,1607.0,0.003121098626716501,0.0,0.00883892665752179,33.0827067669173,-0.027828191167574068,23611457536.0,15.505596,1.5610247,,3.75,0.02,20.0
2026-03-09 09:45:00+09:00,4665,ダスキン,4665.T,未分類,intraday_5m,4246.0,0.0014150943396227245,0.05128205128205128,0.004006780172083374,45.05494505494505,-0.0035203003989673354,199657701376.0,20.89053,1.2939981,0.05899,3.05,0.02,20.0
2026-03-09 09:45:00+09:00,4666,パーク２４,4666.T,未分類,intraday_5m,1911.5,-0.0015669887699137908,0.6348764357814132,0.009495564040035922,16.666666666666657,-0.05254027261462202,326227820544.0,22.398642,4.592556,0.21389,3.22,-0.020000000000000004,20.0
2026-03-09 09:45:00+09:00,4668,明光ネットワークジャパン,4668.T,未分類,intraday_5m,704.0,0.002849002849002913,0.0,0.0030852422558952063,43.99999999999999,-0.007052186177715081,17786019840.0,10.28939,1.4408631,0.14858,3.95,0.05,20.0
2026-03-09 09:45:00+09:00,4674,クレスコ,4674.T,未分類,intraday_5m,1498.0,0.0033489618218351946,0.09216589861751152,0.00641666854757415,57.26495726495726,0.008075370121130465,60464402432.0,13.441006,1.8756698,0.16218,3.9,0.030000000000000006,20.0
2026-03-09 09:45:00+09:00,4676,フジ・メディア・ホールディングス,4676.T,未分類,intraday_5m,3771.0,-0.0005300821627352015,0.5705794947994056,0.006210173290824314,52.032520325203244,-0.0007949125596183881,779543576576.0,,0.9684436,-0.02257,3.31,0.0,20.0
2026-03-09 09:45:00+09:00,4680,ラウンドワン,4680.T,未分類,intraday_5m,952.2999877929688,0.001788357090987125,0.39140661753175476,0.008924760582516266,26.007755998755485,-0.04416340513811512,250333806592.0,16.228697,3.2326941,0.19933,1.81,0.02,20.0
2026-03-09 09:45:00+09:00,4681,リゾートトラスト,4681.T,未分類,intraday_5m,1896.5,0.0021136063408189187,0.3004694835680751,0.005479151883531949,37.5,-0.012753774076002089,402263801856.0,18.912046,2.6749659,0.10504,1.77,0.01,20.0
2026-03-09 09:45:00+09:00,4684,オービック,4684.T,未分類,intraday_5m,4103.0,0.005144536991670723,0.34737857832100355,0.006007043292996198,42.44897959183674,-0.007978723404255317,1781235712000.0,25.834276,3.7052689,0.15997,2.03,0.01,20.0
2026-03-09 09:45:00+09:00,4686,ジャストシステム,4686.T,未分類,intraday_5m,3600.0,0.0027855153203342198,0.022857142857142857,0.00605121065517449,40.476190476190474,-0.017735334242837686,231205715968.0,16.50846,1.9981817,0.13468,0.65,0.02,20.0
2026-03-09 09:45:00+09:00,4687,ＴＤＣソフト,4687.T,未分類,intraday_5m,1008.0,0.006993006993007089,0.11881188118811882,0.009929643652255533,30.208333333333343,-0.040000000000000036,47515705344.0,13.832852,2.0769503,0.17587,3.14,0.06,20.0
2026-03-09 09:45:00+09:00,4689,ＬＩＮＥヤフー,4689.T,未分類,intraday_5m,393.0,0.005115089514066584,1.1628499350951529,0.004255247883791764,56.6502603759516,-0.0015244057271630584,2692585095168.0,13.565758,0.9076485,0.08517,1.85,0.01,20.0
2026-03-09 09:45:00+09:00,4694,ビー・エム・エル,4694.T,未分類,intraday_5m,4035.0,0.00248447204968949,0.07547169811320754,0.007177947791620371,33.33333333333333,-0.025362318840579712,151246323712.0,22.150856,1.2028977,0.0596,2.9,0.05,20.0
2026-03-09 09:45:00+09:00,4704,トレンドマイクロ,4704.T,未分類,intraday_5m,5454.0,0.0031267242964869713,0.16212003117692908,0.007222420280490533,42.36842105263158,-0.009803921568627416,712730017792.0,20.89015,5.456308,0.27218,3.36,0.01,20.0
2026-03-09 09:45:00+09:00,4709,ＩＤホールディングス,4709.T,未分類,intraday_5m,1933.0,0.0036344755970925124,0.08955223880597014,0.007972791964848498,25.352112676056336,-0.03542914171656686,32836096000.0,12.462124,2.2529216,0.18709,4.49,0.022222222222222223,18.0
2026-03-09 09:45:00+09:00,4714,リソー教育グループ,4714.T,未分類,intraday_5m,193.0,0.0,0.07868852459016394,0.004174243391252374,37.5,-0.015306122448979553,32826091520.0,18.433619,2.8528352,0.13121,5.1,-0.04,20.0
2026-03-09 09:45:00+09:00,4718,早稲田アカデミー,4718.T,未分類,intraday_5m,2023.0,0.001981178801386818,0.0,0.005740415969925409,33.9622641509434,-0.015092502434274624,37378256896.0,14.9685545,2.3754559,0.16572,2.68,0.04,20.0
2026-03-09 09:35:00+09:00,4719,アルファシステムズ,4719.T,未分類,intraday_5m,3525.0,0.002844950213371167,0.5294117647058824,0.006870293138619943,27.08333333333333,-0.02758620689655178,49486319616.0,14.470443,1.1141824,0.08067001,3.59,0.05,20.0
2026-03-09 09:45:00+09:00,4722,フューチャー,4722.T,未分類,intraday_5m,1641.0,0.003669724770642091,0.9963898916967509,0.009078851575905137,27.205882352941174,-0.03810082063305975,145517248512.0,12.428053,2.3188906,0.1981,2.81,0.03529411764705883,17.0
2026-03-09 09:45:00+09:00,4725,ＣＡＣ　Ｈｏｌｄｉｎｇｓ,4725.T,未分類,intraday_5m,1851.0,0.003252032520325132,0.7586206896551724,0.003412548531077692,27.14285714285714,-0.016471838469713118,31667456000.0,9.670847,0.8988818,0.09624,5.31,0.011764705882352941,17.0
2026-03-09 09:45:00+09:00,4732,ユー・エス・エス,4732.T,未分類,intraday_5m,1821.0,0.0016501650165017256,0.33002291825821234,0.006886677732105364,34.03361344537815,-0.017534394388993846,843447533568.0,21.831913,4.3022795,0.20363002,2.79,0.02,20.0
2026-03-09 09:45:00+09:00,4733,オービックビジネスコンサルタント,4733.T,未分類,intraday_5m,6419.0,0.0034391120837893308,0.3065134099616858,0.005175053243594222,44.502617801047116,-0.007882534775888739,482559262720.0,28.674171,2.8985336,0.10596,1.79,0.02,20.0
2026-03-09 09:45:00+09:00,4743,アイティフォー,4743.T,未分類,intraday_5m,1654.0,0.00242424242424244,0.19354838709677422,0.0045913030930359875,30.86419753086419,-0.01664684898929847,43788754944.0,15.559736,2.2265298,0.15331,4.76,0.01,20.0
2026-03-09 09:45:00+09:00,4751,サイバーエージェント,4751.T,未分類,intraday_5m,1275.0,0.0011778563015312216,0.9875842497339482,0.005118693883958801,54.2483660130719,-0.0023474178403756207,646194069504.0,21.639511,3.4670858,0.20145,1.49,0.01,20.0
2026-03-09 09:45:00+09:00,4755,楽天グループ,4755.T,未分類,intraday_5m,770.7000122070312,0.0016896123625143034,0.2984936268829664,0.008479074133181509,24.608125728859832,-0.04296532486081783,1668592173056.0,,1.685198,-0.09503999,,0.02,20.0
2026-03-09 09:45:00+09:00,4763,クリーク・アンド・リバー社,4763.T,未分類,intraday_5m,1416.0,0.0014144271570013522,0.24,0.007916252004979614,24.210526315789465,-0.032125768967874224,29949380608.0,9.998589,1.6547334,0.19716999,3.08,0.02,20.0
2026-03-09 09:40:00+09:00,4765,ＳＢＩグローバルアセットマネジメント,4765.T,未分類,intraday_5m,591.0,-0.0016891891891891442,0.823943661971831,0.006406601346542484,36.36363636363636,-0.016638935108153063,81540849664.0,29.713425,2.6646948,0.08831,4.58,0.021052631578947368,19.0
2026-03-09 09:45:00+09:00,4768,大塚商会,4768.T,未分類,intraday_5m,3035.0,0.002974223397224085,0.4331855604813173,0.005564046306770341,40.7185628742515,-0.010433648516465555,1150875598848.0,17.893991,2.9186256,0.16829,3.1,0.02,20.0
2026-03-09 09:45:00+09:00,4776,サイボウズ,4776.T,未分類,intraday_5m,2312.0,0.006968641114982521,0.3916083916083916,0.006398122056656767,43.95604395604395,-0.013651877133105783,106918739968.0,15.105187,6.0035105,0.47748002,3.84,0.05,20.0
2026-03-09 09:45:00+09:00,4784,ＧＭＯインターネット,4784.T,未分類,intraday_5m,721.0,0.0027816411682892728,0.45622119815668205,0.008120794450079148,20.3125,-0.059973924380704036,197732139008.0,52.20854,14.234664,0.57405,1.93,0.021052631578947368,19.0
2026-03-09 09:45:00+09:00,4792,山田コンサルティンググループ,4792.T,未分類,intraday_5m,1655.0,0.0,0.0,0.0056613564452884565,30.232558139534888,-0.02359882005899705,31649112064.0,13.230474,1.7139425,0.11981,4.54,-0.01,20.0
2026-03-09 09:45:00+09:00,4801,セントラルスポーツ,4801.T,未分類,intraday_5m,2415.0,0.00249066002490661,0.0,0.004153620943081118,43.11926605504587,-0.007398273736128225,27049480192.0,26.122229,1.0275989,0.04377,1.64,0.06,20.0
2026-03-09 09:45:00+09:00,4809,パラカ,4809.T,未分類,intraday_5m,2000.0,0.0005002501250626068,0.0,0.005259885322069089,35.41666666666667,-0.011369253583786487,20286896128.0,9.916208,0.9773327,0.1021,3.46,0.010526315789473684,19.0
2026-03-09 09:45:00+09:00,4812,電通総研,4812.T,未分類,intraday_5m,1922.0,0.002608242044861653,0.30278884462151395,0.0048399970127938185,45.36082474226804,-0.006204756980351611,375130947584.0,22.951994,3.7454278,0.17105,2.33,0.021052631578947368,19.0
2026-03-09 09:45:00+09:00,4813,ＡＣＣＥＳＳ,4813.T,未分類,intraday_5m,595.0,0.003372681281618828,0.03045685279187817,0.006205537240182751,34.09090909090909,-0.02777777777777779,22293536768.0,,3.0469851,-0.62838,,0.01,20.0
2026-03-09 09:45:00+09:00,4819,デジタルガレージ,4819.T,未分類,intraday_5m,2018.0,0.00548081714001003,0.34285714285714286,0.012413415561624678,40.725806451612904,-0.02887391722810395,92617113600.0,29.790377,1.1890746,0.01901,2.26,0.01,20.0
2026-03-09 09:45:00+09:00,4820,イーエムシステムズ,4820.T,未分類,intraday_5m,677.0,0.004451038575667754,0.6374133949191686,0.005441848939060784,38.46153846153846,-0.01455604075691408,46864789504.0,19.173038,2.298429,0.12006,4.66,0.010526315789473684,19.0
2026-03-09 09:45:00+09:00,4825,ウェザーニューズ,4825.T,未分類,intraday_5m,2084.0,0.003370245546461259,0.07476635514018691,0.004254364478570523,37.288135593220346,-0.011853959222380306,92558540800.0,25.532957,4.0871882,0.16869,2.13,0.01,20.0
2026-03-09 09:45:00+09:00,4826,ＣＩＪ,4826.T,未分類,intraday_5m,501.0,0.0,0.3956043956043956,0.0074250106784237695,35.135135135135144,-0.019569471624266144,28492093440.0,15.864471,1.8723862,0.12077,3.13,0.030000000000000006,20.0
2026-03-09 09:45:00+09:00,4828,ビジネスエンジニアリング,4828.T,未分類,intraday_5m,1316.0,0.0030487804878047697,0.03488372093023256,0.008339660969208457,27.5,-0.035190615835777095,78791106560.0,23.647799,5.2587833,0.33067,3.05,0.04,20.0
2026-03-09 09:45:00+09:00,4839,ＷＯＷＯＷ,4839.T,未分類,intraday_5m,1252.0,0.0007993605115907965,0.12,0.007505478615563989,35.41666666666667,-0.026438569206842955,35478626304.0,15.626559,0.49735233,0.04532,2.33,0.04,20.0
2026-03-09 09:40:00+09:00,4845,スカラ,4845.T,未分類,intraday_5m,357.0,0.0,0.0,0.004934353703488442,39.99999999999999,-0.011080332409972304,6200463360.0,9.517463,1.3225112,0.16586,4.71,0.0,20.0
2026-03-09 09:45:00+09:00,4847,インテリジェント　ウェイブ,4847.T,未分類,intraday_5m,1014.0,0.003960396039603964,0.1180327868852459,0.004113480784073082,40.38461538461538,-0.008797653958944274,26550634496.0,19.746836,2.7368717,0.14299,3.91,0.030000000000000006,20.0
2026-03-09 09:45:00+09:00,4848,フルキャストホールディングス,4848.T,未分類,intraday_5m,1636.0,0.001837109614206911,0.04580152671755725,0.005849953614945323,33.684210526315795,-0.020945541591861128,57106456576.0,12.0126295,1.8514285,0.15867,3.83,0.022222222222222223,18.0
2026-03-09 09:45:00+09:00,4849,エン,4849.T,未分類,intraday_5m,1170.0,0.006018916595012858,0.504,0.0063113026625322595,40.476190476190474,-0.01845637583892612,44387450880.0,11.561265,1.4089698,0.108380005,4.03,0.0,20.0
2026-03-09 09:45:00+09:00,4880,セルソース,4880.T,未分類,intraday_5m,370.0,0.0,1.088235294117647,0.011833606046900284,32.55813953488372,-0.041450777202072575,7335835136.0,685.1852,1.2191465,,1.3,0.025,16.0
2026-03-09 09:45:00+09:00,4886,あすか製薬ホールディングス,4886.T,未分類,intraday_5m,2253.0,0.000444049733570262,1.1925465838509317,0.009321281264529432,29.0,-0.03180060163300391,63976468480.0,13.409917,0.93075633,0.07191,2.41,0.022222222222222223,18.0
2026-03-09 09:45:00+09:00,4887,サワイグループホールディングス,4887.T,未分類,intraday_5m,2159.0,0.0027868091035763154,0.5829145728643216,0.008605236145416357,34.638554216867476,-0.027258391529623838,249333481472.0,22.310635,1.3944821,-0.00671,2.48,0.0,20.0
2026-03-09 09:45:00+09:00,4901,富士フイルムホールディングス,4901.T,未分類,intraday_5m,2934.5,-0.0018707482993197688,0.476718243972652,0.006350882769708293,29.629629629629633,-0.022159280239919976,3536942530560.0,13.055568,0.95071536,0.07675,2.33,0.01,20.0
2026-03-09 09:45:00+09:00,4902,コニカミノルタ,4902.T,未分類,intraday_5m,502.6000061035156,-0.0007952164940047135,0.4505229283990346,0.013980898629076772,17.413760172750628,-0.07644249388162383,248360632320.0,,0.4779511,-0.07164,1.84,-0.02,20.0
2026-03-09 09:45:00+09:00,4911,資生堂,4911.T,未分類,intraday_5m,2987.0,-0.00050192404216165,0.3631010794896958,0.0058322117698897,33.091787439613526,-0.029086772830679286,1193389981696.0,,1.986522,-0.062329996,1.95,0.01,20.0
2026-03-09 09:45:00+09:00,4912,ライオン,4912.T,未分類,intraday_5m,1746.0,-0.0011441647597254523,0.698196665532494,0.003302094706332577,52.55474452554745,-0.0022857142857143353,483036069888.0,17.533642,1.4967314,0.0935,1.94,0.01,20.0
2026-03-09 09:45:00+09:00,4914,高砂香料工業,4914.T,未分類,intraday_5m,1216.0,0.002473206924979321,2.47246891651865,0.008887186843418637,28.155339805825236,-0.037212984956452866,118555312128.0,8.573645,0.8130853,0.06982,4.12,0.01,20.0
2026-03-09 09:25:00+09:00,4917,マンダム,4917.T,未分類,intraday_5m,3085.0,0.0,0.16085790884718498,0.0008730680990157901,66.66666666666666,0.0016233766233766378,139245682688.0,72.0626,1.9671633,0.02977,1.3,0.02,20.0
2026-03-09 09:45:00+09:00,4919,ミルボン,4919.T,未分類,intraday_5m,2655.0,0.0018867924528302993,0.05970149253731343,0.00621969931720375,32.08556149732621,-0.028540065861690445,84377575424.0,24.974133,1.7199284,0.070250005,3.22,0.03157894736842106,19.0
2026-03-09 09:45:00+09:00,4922,コーセーホールディングス,4922.T,未分類,intraday_5m,5639.0,0.001065151784129137,0.5152057245080501,0.006577494063101703,36.31578947368421,-0.021346754599097517,321842315264.0,21.275232,1.1324853,0.054050002,2.43,0.042105263157894736,19.0
2026-03-09 09:45:00+09:00,4923,コタ,4923.T,未分類,intraday_5m,1320.0,0.003039513677811634,0.8275862068965517,0.0019223259654734075,62.85714285714286,0.005331302361005319,36629291008.0,27.924688,3.0721753,0.122379996,1.52,0.02,20.0
2026-03-09 09:45:00+09:00,4927,ポーラ・オルビスホールディングス,4927.T,未分類,intraday_5m,1314.0,-0.00038037276530999975,0.46886446886446886,0.0038498573479205074,39.79591836734694,-0.01016949152542368,290744958976.0,30.736841,1.7829908,0.05776,3.92,0.02,20.0
2026-03-09 09:45:00+09:00,4928,ノエビアホールディングス,4928.T,未分類,intraday_5m,4570.0,0.002192982456140413,1.375,0.0036451792126831048,44.11764705882353,-0.006521739130434745,156093874176.0,19.441845,3.2884014,0.17894,5.0,0.023529411764705882,17.0
2026-03-09 09:40:00+09:00,4931,新日本製薬,4931.T,未分類,intraday_5m,2037.0,0.001967535661583808,1.4042553191489362,0.005009778031813076,35.57692307692308,-0.014990328820116083,43073806336.0,16.924227,1.9073553,0.11866,2.76,0.023529411764705882,17.0
2026-03-09 09:45:00+09:00,4933,Ｉ－ｎｅ,4933.T,未分類,intraday_5m,1040.0,0.0,0.23268698060941828,0.009645219615678283,25.842696629213478,-0.03435468895078919,18186612736.0,7.0951014,1.0338393,0.15461999,1.39,0.02,20.0
2026-03-09 09:45:00+09:00,4951,エステー,4951.T,未分類,intraday_5m,1515.0,0.0013218770654328527,3.1648351648351647,0.0023262337965264447,41.463414634146346,-0.003289473684210509,31618342912.0,14.700175,0.93989515,0.06059,2.89,0.0125,16.0
2026-03-09 09:45:00+09:00,4956,コニシ,4956.T,未分類,intraday_5m,1353.0,0.0007396449704142327,0.12875536480686695,0.006596558305627061,27.84810126582279,-0.023809523809523836,89782976512.0,11.181818,0.99299693,0.09491,2.74,0.030000000000000006,20.0
2026-03-09 09:45:00+09:00,4958,長谷川香料,4958.T,未分類,intraday_5m,2816.0,0.001778726431874711,0.0425531914893617,0.005840349638751215,35.0,-0.012968804766911979,113905303552.0,16.701263,0.8964344,0.052589998,3.51,0.0,20.0
2026-03-09 09:45:00+09:00,4967,小林製薬,4967.T,未分類,intraday_5m,5576.0,0.0008975049362771603,0.2520193861066236,0.003814651448787585,45.490196078431374,-0.006768792304951865,414513233920.0,112.87449,1.9645355,0.017239999,1.89,0.02,20.0
2026-03-09 09:45:00+09:00,4968,荒川化学工業,4968.T,未分類,intraday_5m,1314.0,0.0022883295194509046,0.42857142857142855,0.014832539664248837,18.055555555555557,-0.06543385490753917,26068088832.0,15.025729,0.4399752,0.0044,3.56,0.03333333333333334,18.0
2026-03-09 09:45:00+09:00,4971,メック,4971.T,未分類,intraday_5m,6640.0,0.0030211480362538623,0.8819959541469993,0.016007661058495302,9.278350515463913,-0.1134846461949266,121251422208.0,24.42164,3.9839587,0.17528999,1.28,0.01,20.0
2026-03-09 09:45:00+09:00,4973,日本高純度化学,4973.T,未分類,intraday_5m,4860.0,-0.0010277492291880241,0.2535211267605634,0.010758619557020612,22.340425531914903,-0.061776061776061764,28115066880.0,20.485584,1.6881043,0.10918,3.86,0.0,20.0
2026-03-09 09:45:00+09:00,4974,タカラバイオ,4974.T,未分類,intraday_5m,1147.0,0.0,0.034951456310679606,0.00043585668223293576,50.0,0.0008726003490402423,138116562944.0,,1.3668674,-0.06803,1.48,-0.01,20.0
2026-03-09 09:45:00+09:00,4975,ＪＣＵ,4975.T,未分類,intraday_5m,5700.0,-0.0034965034965035446,0.814070351758794,0.011708815645620374,21.538461538461533,-0.0625,140622561280.0,16.801273,2.764718,0.17875999,1.78,0.04,20.0
2026-03-09 09:45:00+09:00,4980,デクセリアルズ,4980.T,未分類,intraday_5m,2213.5,-0.00045156920298039527,0.5475919605612438,0.014171100739562521,20.868113522537556,-0.0779004374088732,370778406912.0,15.445538,3.636761,0.2581,2.42,-0.02,20.0
2026-03-09 09:45:00+09:00,4985,アース製薬,4985.T,未分類,intraday_5m,4805.0,0.002085505735140769,0.0,0.00385779173334773,33.33333333333333,-0.015368852459016424,104977260544.0,20.012495,1.4012476,0.07171,2.66,0.03157894736842106,19.0
2026-03-09 09:45:00+09:00,4996,クミアイ化学工業,4996.T,未分類,intraday_5m,701.0,-0.0014245014245014564,0.18394950405770966,0.005840995720552373,32.55813953488372,-0.02231520223152017,84416577536.0,19.284733,0.5842582,0.02773,3.35,0.02,20.0
2026-03-09 09:45:00+09:00,4997,日本農薬,4997.T,未分類,intraday_5m,988.0,0.004065040650406582,0.1727447216890595,0.010459326954435152,35.78947368421052,-0.024679170779861814,77385940992.0,15.144084,0.95087224,0.04636,2.96,0.01,20.0
2026-03-09 09:45:00+09:00,5011,ニチレキグループ,5011.T,未分類,intraday_5m,2155.0,0.005130597014925353,0.3343653250773994,0.009860313385176466,26.903553299492387,-0.04222222222222227,61321445376.0,12.651911,0.7915713,0.059699997,3.56,0.0,20.0
2026-03-09 09:45:00+09:00,5016,ＪＸ金属,5016.T,未分類,intraday_5m,3608.0,-0.0016602102933037655,0.6116357183598454,0.016585385265296296,14.5,-0.10913580246913579,3341353746432.0,32.87172,5.034114,,0.67,0.030000000000000006,20.0
2026-03-09 09:45:00+09:00,5019,出光興産,5019.T,未分類,intraday_5m,1392.5,0.0010783608914450848,0.38556851311953355,0.0038880560221550412,24.242424242424235,-0.024176594253679018,1705306095616.0,40.656933,0.9691352,,2.52,-0.01,20.0
2026-03-09 09:45:00+09:00,5020,ＥＮＥＯＳホールディングス,5020.T,未分類,intraday_5m,1323.0,-0.0015094339622641062,0.41378424657534246,0.006074389472566109,19.64285714285714,-0.05297065139584822,3560107671552.0,75.801834,1.1169125,0.020539999,2.43,-0.01,20.0
2026-03-09 09:45:00+09:00,5021,コスモエネルギーホールディングス,5021.T,未分類,intraday_5m,4288.0,-0.0011646866992779392,0.46618705035971225,0.007485111923001031,17.759562841530055,-0.04837993786063022,703740706816.0,11.850869,1.1921318,0.06826,3.66,0.030000000000000006,20.0
2026-03-09 09:45:00+09:00,5032,ＡＮＹＣＯＬＯＲ,5032.T,未分類,intraday_5m,3955.0,0.0050825921219821435,0.7979681366889865,0.005262844227700841,50.0,-0.0037783375314861534,241009606656.0,16.631622,8.716446,0.64987,2.02,-0.01,20.0
2026-03-09 09:45:00+09:00,5036,日本ビジネスシステムズ,5036.T,未分類,intraday_5m,1528.0,0.0,0.47808764940239046,0.008311707869772186,25.6637168141593,-0.03838892385147896,69488148480.0,12.942572,2.5438092,0.24629,2.89,0.03333333333333334,18.0
2026-03-09 09:45:00+09:00,5074,テスホールディングス,5074.T,未分類,intraday_5m,562.0,-0.007067137809187329,0.7320203584863908,0.021009254462591113,8.080808080808069,-0.12597200622083982,39631663104.0,42.835365,0.83846307,0.02301,0.9,0.01,20.0
2026-03-09 09:45:00+09:00,5076,インフロニア・ホールディングス,5076.T,未分類,intraday_5m,2289.0,0.0008745080891998658,0.2904899135446686,0.01115060513850463,14.247311827956992,-0.05802469135802468,578183299072.0,13.914048,1.0043504,0.113809995,5.1,0.030000000000000006,20.0
2026-03-09 09:45:00+09:00,5101,横浜ゴム,5101.T,未分類,intraday_5m,5955.0,-0.002512562814070307,0.2931760741364785,0.01736732053323937,15.849486887115162,-0.09125591332214256,939126685696.0,8.935538,0.91101545,0.10985,3.36,-0.02,20.0
2026-03-09 09:45:00+09:00,5105,ＴＯＹＯ　ＴＩＲＥ,5105.T,未分類,intraday_5m,3703.0,-0.004034427111350158,0.6476054324517512,0.013649287843557548,12.295081967213108,-0.06842767295597485,570097598464.0,8.96368,1.090756,0.12784,3.4,0.01,20.0
2026-03-09 09:45:00+09:00,5108,ブリヂストン,5108.T,未分類,intraday_5m,3363.0,-0.00029726516052319685,0.8540795929493004,0.00729876148935577,24.873096446700515,-0.03223021582733809,4293063606272.0,13.5353775,1.1723938,0.08636,3.74,0.02,20.0
2026-03-09 09:45:00+09:00,5110,住友ゴム工業,5110.T,未分類,intraday_5m,2114.0,-0.0014170996693434468,0.762219598583235,0.016728763504902325,24.398625429553263,-0.06563535911602214,555637538816.0,11.031675,0.77594066,0.074650005,3.71,0.01,20.0
2026-03-09 09:45:00+09:00,5121,藤倉コンポジット,5121.T,未分類,intraday_5m,2647.0,0.0018925056775169757,0.3076923076923077,0.009177240801247717,29.435483870967744,-0.03745454545454541,51991941120.0,12.83394,1.4070371,0.10475001,3.13,0.0,20.0
2026-03-09 09:35:00+09:00,5122,オカモト,5122.T,未分類,intraday_5m,5650.0,-0.010507880910682998,0.0,0.008138662056282575,12.820512820512818,-0.045608108108108114,96571023360.0,17.35258,0.9341567,0.05352,2.03,0.011111111111111112,18.0
2026-03-09 09:45:00+09:00,5142,アキレス,5142.T,未分類,intraday_5m,1546.0,0.009138381201044377,0.23391812865497075,0.01349175466733744,13.903743315508024,-0.08194774346793354,21128583168.0,90.88771,0.5274868,-0.01338,1.78,0.06,20.0
2026-03-09 09:45:00+09:00,5185,フコク,5185.T,未分類,intraday_5m,1848.0,0.001626016260162677,0.15483870967741933,0.008263502508581998,28.26086956521739,-0.03397804495556722,26282936320.0,12.743949,0.66645366,0.06606,4.44,0.0,17.0
2026-03-09 09:45:00+09:00,5186,ニッタ,5186.T,未分類,intraday_5m,4290.0,0.002336448598130758,0.2594594594594595,0.00716087297455332,21.05263157894737,-0.03487064116985372,116129374208.0,10.084863,0.7405527,0.07778,3.26,0.02,20.0
2026-03-09 09:45:00+09:00,5192,三ツ星ベルト,5192.T,未分類,intraday_5m,4000.0,0.0012515644555695093,0.23645320197044334,0.007003257695849853,27.08333333333333,-0.029126213592232997,111646130176.0,16.455488,1.1128556,0.064380005,4.66,0.05263157894736842,19.0
2026-03-09 09:45:00+09:00,5195,バンドー化学,5195.T,未分類,intraday_5m,2079.0,0.001927710843373509,0.2553191489361702,0.01073768124816578,18.539325842696627,-0.05327868852459017,84724424704.0,28.090797,0.9557935,0.05009,3.64,0.030000000000000006,20.0
2026-03-09 09:45:00+09:00,5201,ＡＧＣ,5201.T,未分類,intraday_5m,5774.0,-0.002418797512093951,0.8446794448116325,0.011616758826348892,14.412811387900348,-0.07065829711894411,1226160603136.0,17.735594,0.8244049,0.0467,3.38,0.0,20.0
2026-03-09 09:45:00+09:00,5202,日本板硝子,5202.T,未分類,intraday_5m,466.0,0.0021505376344086446,0.43823365008384574,0.015492094979897618,18.75,-0.0808678500986193,46381023232.0,,0.3730883,-0.05298,,0.01,20.0
2026-03-09 09:45:00+09:00,5208,有沢製作所,5208.T,未分類,intraday_5m,2388.0,0.00041893590280683846,0.22535211267605634,0.00986300845009106,16.037735849056602,-0.057244374259771025,79474409472.0,23.277122,1.6392351,,4.18,0.06,20.0
2026-03-09 09:45:00+09:00,5214,日本電気硝子,5214.T,未分類,intraday_5m,6119.0,-0.002607986960065145,0.5177274668944896,0.009499294880814788,12.03539823008849,-0.06423000458785744,460321980416.0,15.996131,0.9349127,0.06111,2.45,0.02,20.0
2026-03-09 09:45:00+09:00,5232,住友大阪セメント,5232.T,未分類,intraday_5m,3977.0,-0.004505632040050056,1.1085450346420322,0.011254776222485472,15.345268542199491,-0.06752637749120749,126045585408.0,9.583594,0.66132945,0.04538,2.81,0.030000000000000006,20.0
2026-03-09 09:45:00+09:00,5233,太平洋セメント,5233.T,未分類,intraday_5m,3788.0,-0.0007913479293062409,1.1618037135278516,0.012981397795432581,11.450381679389324,-0.07564665690580774,422295764992.0,8.216385,0.66230077,0.03717,2.44,0.0,20.0
2026-03-09 09:45:00+09:00,5261,リソルホールディングス,5261.T,未分類,intraday_5m,8580.0,0.0035087719298245723,0.8,0.007755456951311294,40.29850746268656,-0.014925373134328401,47680757760.0,21.138731,2.569805,0.13286,1.26,0.07999999999999999,20.0
2026-03-09 09:45:00+09:00,5262,日本ヒューム,5262.T,未分類,intraday_5m,1234.0,0.004885993485342022,0.40941176470588236,0.009057844823568112,26.41509433962264,-0.03819173811379584,56932425728.0,20.163399,1.2518679,0.06122,1.64,0.02,20.0
2026-03-09 09:45:00+09:00,5269,日本コンクリート工業,5269.T,未分類,intraday_5m,330.0,0.003039513677811634,0.0,0.00539322726168774,27.77777777777777,-0.026548672566371723,17919219712.0,,0.44759965,-0.00039,2.36,-0.010526315789473687,19.0
2026-03-09 09:45:00+09:00,5288,アジアパイルホールディングス,5288.T,未分類,intraday_5m,1366.0,0.0,0.3103448275862069,0.012709926549907082,22.377622377622373,-0.05467128027681656,52029366272.0,9.940329,1.0370451,0.1162,3.46,0.01,20.0
2026-03-09 09:45:00+09:00,5301,東海カーボン,5301.T,未分類,intraday_5m,960.9000244140625,-0.00207705883195608,0.8745798690960551,0.009255546274134977,17.912204869784304,-0.05236683982834078,205158809600.0,10.211477,0.64443266,0.06865,2.96,-0.01,20.0
2026-03-09 09:45:00+09:00,5302,日本カーボン,5302.T,未分類,intraday_5m,4510.0,-0.0033149171270717703,0.18461538461538463,0.006660890327450221,22.58064516129032,-0.03632478632478631,49868410880.0,10.317769,0.91678965,0.08659001,4.27,-3.0839528461809902e-18,18.0
2026-03-09 09:45:00+09:00,5310,東洋炭素,5310.T,未分類,intraday_5m,5270.0,0.0019011406844107182,1.62877030162413,0.013993208169512458,16.666666666666657,-0.08347826086956522,110523580416.0,20.231878,1.1337147,0.057010002,2.52,0.02,20.0
2026-03-09 09:45:00+09:00,5331,ノリタケ,5331.T,未分類,intraday_5m,6220.0,0.0,0.5419354838709677,0.01093476197738309,25.423728813559322,-0.044546850998463894,171036966912.0,14.324536,1.071277,0.07974,2.46,0.01,20.0
2026-03-09 09:45:00+09:00,5332,ＴＯＴＯ,5332.T,未分類,intraday_5m,5428.0,0.0007374631268437515,0.5324357405140759,0.010146667439121064,10.606060606060595,-0.06171132238547972,892437266432.0,223.3745,1.774025,0.00458,1.73,0.02,20.0
2026-03-09 09:45:00+09:00,5333,日本碍子,5333.T,未分類,intraday_5m,3874.0,-0.001546391752577314,0.7495451788963008,0.011978707098356432,10.65989847715737,-0.07563827248866617,1113908576256.0,21.49714,1.4247854,0.0734,1.81,0.02,20.0
2026-03-09 09:45:00+09:00,5334,日本特殊陶業,5334.T,未分類,intraday_5m,7306.0,-0.001776198934280604,0.42977867203219317,0.007634649017379283,33.00653594771242,-0.026904635055940318,1435914076160.0,15.110026,1.9499395,0.14795999,2.48,0.01,20.0
2026-03-09 09:45:00+09:00,5344,ＭＡＲＵＷＡ,5344.T,未分類,intraday_5m,54400.0,-0.0018348623853210455,1.546875,0.020579627613251626,10.294117647058812,-0.11313987610042386,671227248640.0,38.06272,4.766027,,0.17,-0.02,20.0
2026-03-09 09:45:00+09:00,5351,品川リフラ,5351.T,未分類,intraday_5m,2164.0,0.00046232085067043904,0.989247311827957,0.013017198383341044,18.5022026431718,-0.061171366594360066,98750070784.0,10.717115,0.8274474,0.28977,3.9,0.01,20.0
2026-03-09 09:45:00+09:00,5352,黒崎播磨,5352.T,未分類,intraday_5m,4170.0,0.0,0.11650485436893203,0.0008089990391283443,25.000000000000014,-0.0011976047904191933,140430196736.0,7.3441353,1.3156687,0.16931,2.87,0.030000000000000006,20.0
2026-03-09 09:45:00+09:00,5357,ヨータイ,5357.T,未分類,intraday_5m,1853.0,0.001621621621621605,0.0,0.007325071292602759,23.148148148148152,-0.02576235541535221,33976006656.0,15.414691,1.017973,0.07201,4.73,0.030000000000000006,20.0
2026-03-09 09:45:00+09:00,5384,フジミインコーポレーテッド,5384.T,未分類,intraday_5m,2780.0,0.00035984166966529507,0.9354445797807551,0.014430546699662672,13.35504885993484,-0.07947019867549665,206229454848.0,21.21004,2.5403647,0.12644,2.43,0.01,20.0
2026-03-09 09:45:00+09:00,5393,ニチアス,5393.T,未分類,intraday_5m,8445.0,0.002017085904129079,0.9617755856966708,0.009388193561253939,18.44919786096257,-0.056846102300647794,532286537728.0,17.964645,2.376349,0.139,1.83,0.0,20.0
2026-03-09 09:45:00+09:00,5401,日本製鉄,5401.T,未分類,intraday_5m,589.7000122070312,-0.0037168645316565385,0.8592590355533073,0.006654106230288775,32.815908709515014,-0.023352063383565547,3081978511360.0,,0.5791138,-0.00414,3.97,0.0,20.0
2026-03-09 09:45:00+09:00,5406,神戸製鋼所,5406.T,未分類,intraday_5m,1991.5,-0.003502626970227629,0.45973416731821737,0.010702436989952047,28.30188679245282,-0.04871060171919772,783964962816.0,6.207918,0.6477705,0.07171,3.82,0.01,20.0
2026-03-09 09:45:00+09:00,5408,中山製鋼所,5408.T,未分類,intraday_5m,605.0,0.0016556291390728006,0.1807465618860511,0.007853119857751875,26.08695652173914,-0.03508771929824561,32800430080.0,7.819568,0.3057027,0.02656,1.59,0.0,20.0
2026-03-09 09:45:00+09:00,5410,合同製鐵,5410.T,未分類,intraday_5m,3710.0,0.0013495276653170407,0.2420749279538905,0.0065167503030055625,27.08333333333333,-0.02752293577981646,54257451008.0,4.872155,0.38696018,0.07298,4.19,-0.020000000000000004,20.0
2026-03-09 09:45:00+09:00,5411,ＪＦＥホールディングス,5411.T,未分類,intraday_5m,1912.5,-0.001566170712607673,0.34790336017772844,0.008876137186148303,24.516129032258064,-0.043749999999999956,1216626556928.0,16.717657,0.4763462,0.021860002,4.0,0.01,20.0
2026-03-09 09:45:00+09:00,5423,東京製鐵,5423.T,未分類,intraday_5m,1526.0,0.0026281208935610145,0.375,0.0073691871046997,37.288135593220346,-0.02179487179487183,156446048256.0,10.053364,0.7153606,0.06431,3.21,-0.04,20.0
2026-03-09 09:45:00+09:00,5440,共英製鋼,5440.T,未分類,intraday_5m,2353.0,0.0,0.7255813953488371,0.010872831498544311,21.84466019417475,-0.043106954046360335,102258860032.0,9.1656275,0.49839827,0.050780002,3.66,0.04,20.0
2026-03-09 09:45:00+09:00,5444,大和工業,5444.T,未分類,intraday_5m,11630.0,0.0,0.631578947368421,0.007272862690019235,22.222222222222214,-0.040033016921172115,699355824128.0,31.474113,1.3134289,0.08464,3.3,0.02,20.0
2026-03-09 09:45:00+09:00,5445,東京鐵鋼,5445.T,未分類,intraday_5m,6040.0,0.0016583747927032544,0.5042016806722689,0.006858491344029697,29.268292682926827,-0.0304975922953451,50957467648.0,5.0626545,0.8278347,0.15648,4.82,0.010526315789473684,19.0
2026-03-09 09:45:00+09:00,5451,ヨドコウ,5451.T,未分類,intraday_5m,1552.0,-0.0006439150032195862,0.8065843621399177,0.006500064355953957,28.57142857142857,-0.02020202020202022,224550289408.0,16.357504,1.1352133,0.05805,5.62,0.04,20.0
2026-03-09 09:45:00+09:00,5461,中部鋼鈑,5461.T,未分類,intraday_5m,1982.0,0.0,0.22805429864253393,0.008233002271124916,22.66666666666667,-0.04065827686350432,53695000576.0,,0.72518677,-0.0014599999,5.23,-0.04,20.0
2026-03-09 09:45:00+09:00,5463,丸一鋼管,5463.T,未分類,intraday_5m,1442.5,0.0,0.7100591715976331,0.008433922234219123,29.716981132075475,-0.02992602555480839,319017779200.0,11.214335,0.9461473,0.09511,1.51,0.01,20.0
2026-03-09 09:45:00+09:00,5471,大同特殊鋼,5471.T,未分類,intraday_5m,1933.0,-0.0023225806451613318,0.7657992565055762,0.016123753722048738,21.42857142857143,-0.07401197604790422,386317680640.0,13.698533,0.86164933,0.06082,2.35,0.05,20.0
2026-03-09 09:45:00+09:00,5480,日本冶金工業,5480.T,未分類,intraday_5m,4670.0,0.0,0.5164556962025316,0.010872852055823067,23.86363636363636,-0.04791029561671767,64698474496.0,6.9648476,0.65374124,0.08234999,4.49,-0.010000000000000004,20.0
2026-03-09 09:45:00+09:00,5482,愛知製鋼,5482.T,未分類,intraday_5m,2980.0,-0.0010056989607777345,0.6983372921615202,0.012388815239791991,24.68354430379746,-0.053968253968254,190776934400.0,18.477182,0.84541357,,1.97,0.030000000000000006,20.0
2026-03-09 09:45:00+09:00,5535,ミガロホールディングス,5535.T,未分類,intraday_5m,377.0,0.0026595744680850686,0.4924924924924925,0.007852384732234409,26.66666666666667,-0.03826530612244894,24238567424.0,31.028807,1.6233976,0.10109,2.17,0.021052631578947368,19.0
2026-03-09 09:45:00+09:00,5541,大平洋金属,5541.T,未分類,intraday_5m,2913.0,0.0003434065934067032,0.45665961945031713,0.011109609956506124,15.06024096385542,-0.06932907348242812,50652745728.0,,0.8384032,0.012309999,3.83,0.0,20.0
2026-03-09 09:45:00+09:00,5563,新日本電工,5563.T,未分類,intraday_5m,399.0,-0.004987531172069848,0.5707448399641041,0.012050536733020843,26.08695652173914,-0.05673758865248224,49790353408.0,37.28972,0.70104915,0.0196,3.55,0.02666666666666667,15.0
2026-03-09 09:45:00+09:00,5602,栗本鐵工所,5602.T,未分類,intraday_5m,1502.0,-0.0006653359946773296,0.3559718969555035,0.01110152681732541,17.424242424242422,-0.05475141598489619,91160633344.0,12.276257,1.0157049,0.083680004,3.62,-0.02,20.0
2026-03-09 09:45:00+09:00,5631,日本製鋼所,5631.T,未分類,intraday_5m,8993.0,-0.0013325930038867728,0.8064280496712929,0.015051251544098846,23.17666126418152,-0.06566233766233764,661982806016.0,30.04276,3.2529507,0.105450004,0.91,0.01,20.0
2026-03-09 09:50:00+09:00,5632,三菱製鋼,5632.T,未分類,intraday_5m,1828.0,-0.0005467468562055933,0.0,0.008377160771306345,20.83333333333333,-0.04493207941483801,27641919488.0,9.209996,0.64923674,0.05906,4.18,0.010526315789473684,19.0
2026-03-09 09:50:00+09:00,5659,日本精線,5659.T,未分類,intraday_5m,1221.0,0.0008196721311475308,0.0,0.009318224580362286,27.11864406779661,-0.0475819032761311,37500473344.0,14.719711,0.8925895,0.05684,4.06,-0.020000000000000004,20.0
2026-03-09 09:50:00+09:00,5702,大紀アルミニウム工業所,5702.T,未分類,intraday_5m,1302.0,-0.0007674597083653367,0.0,0.011066303735227585,18.4873949579832,-0.05720492396813903,51523231744.0,496.9466,0.71925557,,3.98,0.0,20.0
2026-03-09 09:50:00+09:00,5703,日本軽金属ホールディングス,5703.T,未分類,intraday_5m,2794.0,0.001074883554281536,0.0,0.011848022675800955,19.09722222222223,-0.06648847310390915,172465324032.0,13.250674,0.7123451,0.06436,2.67,0.030000000000000006,20.0
2026-03-09 09:50:00+09:00,5706,三井金属,5706.T,未分類,intraday_5m,29245.0,0.003603294440631455,0.0,0.018150763871102343,19.486271036315316,-0.10736102626756261,1673193193472.0,35.873314,4.6069717,0.18378,0.73,0.01,20.0
2026-03-09 09:50:00+09:00,5707,東邦亜鉛,5707.T,未分類,intraday_5m,1366.0,0.00073260073260073,0.0,0.014937367442503234,10.880829015544037,-0.09953856295319707,18547216384.0,,6.9205904,0.46137002,,0.0,20.0
2026-03-09 09:50:00+09:00,5711,三菱マテリアル,5711.T,未分類,intraday_5m,4767.0,0.0010499790004199205,0.0,0.013404263206966366,17.26973684210526,-0.07955203707279401,622949236736.0,41.837807,0.8687947,0.03817,1.93,0.0,20.0
2026-03-09 09:50:00+09:00,5713,住友金属鉱山,5713.T,未分類,intraday_5m,9287.0,0.0012938005390834562,0.0,0.014516820024233863,18.230358504958048,-0.08276543209876541,2512620355584.0,104.2312,1.3217577,0.05041,1.81,-0.030000000000000006,20.0
2026-03-09 09:50:00+09:00,5714,ＤＯＷＡホールディングス,5714.T,未分類,intraday_5m,9378.0,0.000640204865556937,0.0,0.013048094565731099,19.0,-0.07742252828332519,558582398976.0,27.62216,1.3807632,0.05696,2.14,0.02,20.0
2026-03-09 09:50:00+09:00,5715,古河機械金属,5715.T,未分類,intraday_5m,4670.0,0.0032223415682062218,0.0,0.015469951868852092,17.213114754098356,-0.08251473477406679,151693819904.0,11.147979,1.12632,0.109239995,1.96,0.02,20.0
2026-03-09 09:50:00+09:00,5726,大阪チタニウムテクノロジーズ,5726.T,未分類,intraday_5m,2642.0,0.0030372057706908873,0.0,0.014507725933313677,12.432432432432435,-0.09644322845417241,97221476352.0,15.991767,2.1540635,0.11534,0.51,0.01,20.0
2026-03-09 09:50:00+09:00,5727,東邦チタニウム,5727.T,未分類,intraday_5m,2519.0,0.0023875845602865375,0.0,0.016263224619635797,15.02347417840376,-0.11209023616496294,179317768192.0,54.476643,3.0440316,0.03884,0.63,0.020000000000000004,20.0
2026-03-09 09:50:00+09:00,5741,ＵＡＣＪ,5741.T,未分類,intraday_5m,2399.0,0.002507312996238964,0.0,0.010229142525697267,23.07692307692308,-0.06653696498054473,434386370560.0,23.873022,1.3208308,0.09786,1.95,0.030000000000000006,20.0
2026-03-09 09:45:00+09:00,5757,ＣＫサンエツ,5757.T,未分類,intraday_5m,4335.0,0.003472222222222321,1.25,0.008676797031369083,25.882352941176478,-0.044101433296582115,36569210880.0,8.459196,0.69437695,0.0345,1.98,0.011764705882352941,17.0
2026-03-09 09:50:00+09:00,5801,古河電気工業,5801.T,未分類,intraday_5m,24180.0,0.0035277028429134827,0.0,0.02705076738610317,18.212765957446805,-0.14103019538188277,1701019254784.0,48.52888,4.5038624,0.14886,0.57,0.01,20.0
2026-03-09 09:50:00+09:00,5802,住友電気工業,5802.T,未分類,intraday_5m,8825.0,0.00238527941844624,0.0,0.021175738625147933,16.26468769325912,-0.10831565120743658,6883559604224.0,31.849018,2.7674384,0.110249996,1.19,0.01,20.0
2026-03-09 09:50:00+09:00,5803,フジクラ,5803.T,未分類,intraday_5m,22390.0,0.002686968204209661,0.0,0.017539420394739626,15.106951871657756,-0.10836653386454187,6178076622848.0,47.70224,12.185292,0.31145,0.96,0.0,20.0
2026-03-09 09:50:00+09:00,5805,ＳＷＣＣ,5805.T,未分類,intraday_5m,13390.0,0.002245508982035904,0.0,0.014776365296598336,8.791208791208803,-0.08725289706884798,396528418816.0,26.153364,4.3145113,0.19093001,1.36,0.0,20.0
2026-03-09 09:50:00+09:00,5821,平河ヒューテック,5821.T,未分類,intraday_5m,3830.0,0.0,0.0,0.014489092354779147,13.58024691358024,-0.07151515151515153,56705310720.0,20.01045,1.3112267,0.080860004,1.16,0.01,20.0
2026-03-09 09:50:00+09:00,5830,いよぎんホールディングス,5830.T,未分類,intraday_5m,2847.0,0.002641310089804616,0.0,0.015281709767345605,17.22560975609757,-0.0693036940176528,826406141952.0,12.611296,0.9489449,0.08351,1.96,0.06999999999999999,20.0
2026-03-09 09:50:00+09:00,5831,しずおかフィナンシャルグループ,5831.T,未分類,intraday_5m,2574.0,0.0021413276231263545,0.0,0.012295301232353617,9.248554913294797,-0.07344734473447345,1374575525888.0,16.201927,1.1070377,0.07481,2.95,0.030000000000000006,20.0
2026-03-09 09:50:00+09:00,5832,ちゅうぎんフィナンシャルグループ,5832.T,未分類,intraday_5m,2769.5,0.0028969762810067134,0.0,0.01324328395677215,16.785714285714292,-0.06293351378785317,492333006848.0,16.41088,0.8062546,0.06578,2.84,0.030000000000000006,20.0
2026-03-09 09:50:00+09:00,5838,楽天銀行,5838.T,未分類,intraday_5m,5674.0,0.0003526093088856985,0.0,0.009225400531328936,11.08695652173914,-0.05700515206913748,990104649728.0,15.822203,2.7965672,0.19795999,,0.0,20.0
2026-03-09 09:50:00+09:00,5844,京都フィナンシャルグループ,5844.T,未分類,intraday_5m,3927.0,0.0033214103219212365,0.0,0.012678863986312086,24.228028503562953,-0.05804749340369397,1114650181632.0,26.891447,0.9441569,0.03783,1.92,0.0,20.0
2026-03-09 09:50:00+09:00,5851,リョービ,5851.T,未分類,intraday_5m,2552.0,0.002356637863315081,0.0,0.01235368716890696,14.800000000000011,-0.06759225429302151,81177772032.0,7.3650794,0.45232952,0.06385,3.8,0.022222222222222223,18.0
2026-03-09 09:50:00+09:00,5852,アーレスティ,5852.T,未分類,intraday_5m,802.0,0.0,0.0,0.013495711276291348,16.666666666666657,-0.06308411214953269,20002510848.0,10.670568,0.37716898,0.044310004,3.74,0.05,20.0
2026-03-09 09:50:00+09:00,5857,ＡＲＥホールディングス,5857.T,未分類,intraday_5m,3765.0,0.0040000000000000036,0.0,0.013363858629716284,13.186813186813183,-0.08058608058608063,288508936192.0,17.185503,1.7932397,0.15116,3.05,0.02,20.0
2026-03-09 09:50:00+09:00,5889,Ｊａｐａｎ　Ｅｙｅｗｅａｒ　Ｈｏｌｄｉｎｇｓ,5889.T,未分類,intraday_5m,1883.0,0.0015957446808509967,0.0,0.00788993022315056,28.27586206896551,-0.03485392106611995,45437210624.0,11.368027,2.6712062,0.26508,4.31,0.02,20.0
2026-03-09 09:50:00+09:00,5901,東洋製罐グループホールディングス,5901.T,未分類,intraday_5m,3664.0,0.001366493577480199,0.0,0.009269140573489387,22.945205479452056,-0.044340114762649985,550961741824.0,12.87964,0.82778573,0.06928,2.97,0.030000000000000006,20.0
2026-03-09 09:50:00+09:00,5902,ホッカンホールディングス,5902.T,未分類,intraday_5m,2391.0,0.002936241610738355,0.0,0.007364137312139494,28.47682119205298,-0.026069246435845184,29441591296.0,8.454141,0.49772775,0.05069,3.79,0.023529411764705882,17.0
2026-03-09 09:50:00+09:00,5911,横河ブリッジホールディングス,5911.T,未分類,intraday_5m,2977.0,0.0003360215053762605,0.0,0.00671422820418587,35.483870967741936,-0.027124183006535962,117164359680.0,9.758097,0.8881877,0.093760006,3.92,0.04,20.0
2026-03-09 09:50:00+09:00,5929,三和ホールディングス,5929.T,未分類,intraday_5m,3725.0,0.0035021551724137012,0.0,0.008659398251434339,24.400000000000006,-0.033471717695900405,785170038784.0,13.331663,2.5003524,0.19187,3.22,0.030000000000000006,20.0
2026-03-09 09:50:00+09:00,5930,文化シヤッター,5930.T,未分類,intraday_5m,1932.0,0.002594706798131785,0.0,0.008469448458697898,26.95035460992908,-0.033033033033033066,136402722816.0,10.02544,1.2210885,0.12384,3.7,0.04,20.0
2026-03-09 09:50:00+09:00,5932,三協立山,5932.T,未分類,intraday_5m,655.0,0.003062787136294043,0.0,0.009298702775984009,22.448979591836732,-0.03958944281524923,20527370240.0,,0.22153549,-0.04409,3.67,0.01,20.0
2026-03-09 09:50:00+09:00,5933,アルインコ,5933.T,未分類,intraday_5m,1100.0,0.0009099181073703999,0.0,0.00820654592576796,21.73913043478261,-0.034240561896400346,21970579456.0,11.835592,0.6770193,0.05683,3.86,0.021052631578947368,19.0
2026-03-09 09:50:00+09:00,5938,ＬＩＸＩＬ,5938.T,未分類,intraday_5m,1707.0,-0.0002928257686676261,0.0,0.004518416010313084,24.03100775193799,-0.016138328530259316,490672750592.0,52.32986,0.73470044,0.01543,5.19,0.02,20.0
2026-03-09 09:50:00+09:00,5943,ノーリツ,5943.T,未分類,intraday_5m,2289.0,0.001312335958005173,0.0,0.007290240922296571,30.26315789473685,-0.020958083832335328,104545042432.0,31.181036,0.74387425,0.02562,4.02,0.042105263157894736,19.0
2026-03-09 09:50:00+09:00,5946,長府製作所,5946.T,未分類,intraday_5m,2011.0,-0.0009935419771485154,0.0,0.00784781910333006,26.470588235294116,-0.02756286266924568,68379992064.0,31.471048,0.4964612,0.01593,2.22,0.04,20.0
2026-03-09 09:50:00+09:00,5947,リンナイ,5947.T,未分類,intraday_5m,3799.0,-0.003932878867330847,0.0,0.007254824261466242,21.45922746781116,-0.032594856124267935,524553289728.0,15.990403,1.281899,0.09237,2.55,0.02,20.0
2026-03-09 09:50:00+09:00,5949,ユニプレス,5949.T,未分類,intraday_5m,1314.0,0.0015243902439023849,0.0,0.010306425796882622,21.818181818181827,-0.04157549234135671,58597978112.0,,0.4370785,-0.11286,4.38,0.05,20.0
2026-03-09 09:50:00+09:00,5957,日東精工,5957.T,未分類,intraday_5m,738.0,-0.0013531799729363803,0.0,0.00908410624457522,25.86206896551724,-0.03780964797913955,26790948864.0,13.020466,0.7378436,0.06003,3.13,0.037500000000000006,16.0
2026-03-09 09:50:00+09:00,5959,岡部,5959.T,未分類,intraday_5m,971.0,0.0,0.0,0.0065086679420551935,28.070175438596493,-0.026078234704112302,44291575808.0,13.527445,0.7157948,0.0541,3.21,0.04000000000000001,15.0
2026-03-09 09:50:00+09:00,5970,ジーテクト,5970.T,未分類,intraday_5m,1858.0,0.0,0.0,0.007799682220751983,22.834645669291334,-0.03480519480519484,79545794560.0,6.566067,0.37165716,0.04644,4.68,0.01,20.0
2026-03-09 09:50:00+09:00,5975,東プレ,5975.T,未分類,intraday_5m,2533.0,0.000790201501382759,0.0,0.013820819497757549,23.38129496402877,-0.052020958083832336,125177241600.0,6.8544674,0.53334713,0.07433,2.99,0.05,20.0
2026-03-09 09:50:00+09:00,5976,高周波熱錬,5976.T,未分類,intraday_5m,1354.0,0.0022205773501109416,0.0,0.008368172020013043,26.92307692307692,-0.0369843527738265,44146884608.0,28.155542,0.7783439,0.03625,4.84,0.04,20.0
2026-03-09 09:50:00+09:00,5981,東京製綱,5981.T,未分類,intraday_5m,1782.0,0.0022497187851517886,0.0,0.014707835140491815,30.56768558951964,-0.051118210862619806,27546933248.0,7.506951,0.6990727,0.11254,3.46,0.047058823529411764,17.0
2026-03-09 09:50:00+09:00,5988,パイオラックス,5988.T,未分類,intraday_5m,1677.0,0.0005966587112171684,0.0,0.004952201676649814,31.818181818181827,-0.016998827667057403,40976138240.0,50.664654,0.64439106,0.0070499997,5.39,0.021052631578947368,19.0
2026-03-09 09:50:00+09:00,5989,エイチワン,5989.T,未分類,intraday_5m,1282.0,0.0,0.0,0.010916448429195562,20.634920634920633,-0.05177514792899407,36084690944.0,4.0556784,0.49299252,0.11841,4.73,0.01,20.0
2026-03-09 09:50:00+09:00,5991,日本発條,5991.T,未分類,intraday_5m,2629.0,-0.0013295346628680038,0.0,0.012715697858131736,19.789842381786343,-0.05821243059287118,532619526144.0,13.5900755,1.2495182,,2.36,0.04,20.0
2026-03-09 09:50:00+09:00,6005,三浦工業,6005.T,未分類,intraday_5m,3015.0,0.0,0.175609756097561,0.009703815434964751,20.233463035019454,-0.048295454545454586,348872900608.0,12.296085,1.5155605,0.13249,2.11,0.01,20.0
2026-03-09 09:50:00+09:00,6013,タクマ,6013.T,未分類,intraday_5m,2867.0,-0.00034867503486746276,0.0,0.011021755025577732,26.470588235294116,-0.036302521008403366,214711926784.0,21.655714,1.9481256,0.10585,2.92,0.05,20.0
2026-03-09 09:50:00+09:00,6027,弁護士ドットコム,6027.T,未分類,intraday_5m,2777.0,0.0014424810674360522,0.0,0.004074916990294968,41.53846153846154,-0.008568368439842877,62790131712.0,46.329662,9.697448,0.27734,,0.04,20.0
2026-03-09 09:50:00+09:00,6035,アイ・アールジャパンホールディングス,6035.T,未分類,intraday_5m,755.0,0.0,0.0,0.009678740820342858,20.338983050847446,-0.04551201011378003,13411354624.0,17.07372,2.268589,0.15542,2.91,0.042105263157894736,19.0
2026-03-09 09:50:00+09:00,6036,ＫｅｅＰｅｒ技研,6036.T,未分類,intraday_5m,3265.0,-0.001529051987767538,0.0,0.006961878581946268,25.581395348837205,-0.04949053857350805,89105489920.0,9.495696,3.7764568,0.47561002,1.75,0.030000000000000006,20.0
2026-03-09 09:45:00+09:00,6047,Ｇｕｎｏｓｙ,6047.T,未分類,intraday_5m,539.0,-0.0018518518518518823,0.25,0.009422052328829113,26.0,-0.0527240773286467,12877964288.0,55.7394,1.1800405,0.0196,3.22,-0.01,20.0
2026-03-09 09:45:00+09:00,6050,イー・ガーディアン,6050.T,未分類,intraday_5m,1605.0,0.0006234413965087171,0.0,0.00419461919841179,36.111111111111114,-0.009870450339296677,18608121856.0,19.68359,1.5821397,,2.34,0.0,20.0
2026-03-09 09:50:00+09:00,6055,ジャパンマテリアル,6055.T,未分類,intraday_5m,1775.0,0.0005636978579481866,0.11119030648610122,0.013995255795333955,17.777777777777786,-0.07407407407407407,182424158208.0,19.741962,3.106204,0.18457001,1.41,0.030000000000000006,20.0
2026-03-09 09:50:00+09:00,6058,ベクトル,6058.T,未分類,intraday_5m,1322.0,-0.0007558578987150177,0.0,0.008658793333027836,24.76190476190476,-0.044797687861271696,62007668736.0,12.552222,3.1200364,0.30039,2.38,0.030000000000000006,20.0
2026-03-09 09:50:00+09:00,6062,チャーム・ケア・コーポレーション,6062.T,未分類,intraday_5m,1353.0,0.0007396449704142327,0.0,0.009354952330524614,28.205128205128204,-0.03632478632478631,44217917440.0,13.3656025,2.0695446,0.16402,2.42,0.05,20.0
2026-03-09 09:50:00+09:00,6070,キャリアリンク,6070.T,未分類,intraday_5m,2673.0,0.0007487832272556894,0.1090909090909091,0.005043529263665217,31.66666666666667,-0.018362100624311428,31746375680.0,13.596134,2.0262141,0.18441999,4.41,0.05,20.0
2026-03-09 09:50:00+09:00,6071,ＩＢＪ,6071.T,未分類,intraday_5m,710.0,0.0,0.0,0.009538042568201873,22.950819672131146,-0.04183535762483126,26888972288.0,12.930249,2.6281986,0.21188,1.75,0.03529411764705883,17.0
2026-03-09 09:50:00+09:00,6073,アサンテ,6073.T,未分類,intraday_5m,1574.0,0.0012722646310432406,0.0,0.004708636336747885,26.31578947368422,-0.020535158680771604,15382582272.0,31.292248,1.5845308,0.04555,3.86,0.011764705882352941,17.0
2026-03-09 09:50:00+09:00,6078,バリューＨＲ,6078.T,未分類,intraday_5m,1384.0,-0.006460875807609456,0.0,0.006436331091438784,41.747572815533985,-0.013542409123307175,36957429760.0,60.147762,5.358961,0.092530005,1.92,0.037500000000000006,16.0
2026-03-09 09:50:00+09:00,6080,Ｍ＆Ａキャピタルパートナーズ,6080.T,未分類,intraday_5m,3325.0,0.0,0.6433566433566433,0.012433375858659737,30.37974683544303,-0.048640915593705314,105597280256.0,21.14064,2.4424448,0.11132,1.96,0.02,20.0
2026-03-09 09:50:00+09:00,6088,シグマクシス・ホールディングス,6088.T,未分類,intraday_5m,703.0,-0.0014204545454545858,0.05341246290801187,0.005888948898344463,30.232558139534888,-0.022253129346314293,57929416704.0,13.54267,3.9548595,0.30336002,3.62,0.02,20.0
2026-03-09 09:50:00+09:00,6089,ウィルグループ,6089.T,未分類,intraday_5m,1225.0,-0.0016299918500407573,0.09090909090909091,0.005458585327385962,34.375,-0.015273311897106123,28068268032.0,15.6309805,1.4286964,0.10308,3.54,0.03333333333333334,18.0
2026-03-09 09:50:00+09:00,6098,リクルートホールディングス,6098.T,未分類,intraday_5m,6622.0,-0.0015078407720144904,0.08414913559675068,0.01088158749141655,18.717504332755638,-0.05427020851185371,9255946027008.0,22.305307,5.968126,0.2732,0.36,0.0,20.0
2026-03-09 09:50:00+09:00,6099,エラン,6099.T,未分類,intraday_5m,729.0,0.0,0.0,0.00750378391968381,18.75,-0.044560943643512485,44092301312.0,15.923985,3.0527894,0.2082,2.1,0.04,20.0
2026-03-09 09:50:00+09:00,6101,ツガミ,6101.T,未分類,intraday_5m,3425.0,-0.0029112081513827937,0.06772009029345373,0.015944592805781678,14.285714285714278,-0.09630606860158308,159908118528.0,12.261922,2.158734,0.24914,1.9,0.04,20.0
2026-03-09 09:50:00+09:00,6103,オークマ,6103.T,未分類,intraday_5m,3835.0,0.0,0.1411764705882353,0.014401114249851962,17.02127659574468,-0.07701564380264736,231025655808.0,21.975819,0.9654962,0.044,2.41,0.01,20.0
2026-03-09 09:50:00+09:00,6104,芝浦機械,6104.T,未分類,intraday_5m,3885.0,0.0012886597938144284,0.0,0.010806069181093393,12.903225806451616,-0.061594202898550776,91868807168.0,15.8785305,0.765025,0.01891,3.38,0.02,20.0
2026-03-09 09:50:00+09:00,6113,アマダ,6113.T,未分類,intraday_5m,2228.5,-0.0008966599417170595,0.12393681652490887,0.012854220407012588,8.474576271186436,-0.08836162814481485,694842884096.0,25.973192,1.3262252,,2.54,0.02,20.0
2026-03-09 09:50:00+09:00,6118,アイダエンジニアリング,6118.T,未分類,intraday_5m,1122.0,0.0,0.1775585696670777,0.008147138120843765,28.30188679245282,-0.0426621160409556,60936814592.0,11.78943,0.7180308,0.06145,3.16,0.030000000000000006,20.0
2026-03-09 09:50:00+09:00,6134,ＦＵＪＩ,6134.T,未分類,intraday_5m,5097.0,-0.000392233771327688,0.1454125793421812,0.015081437525406523,11.290322580645153,-0.08655913978494623,448885948416.0,30.913605,1.9510033,,1.43,0.02,20.0
2026-03-09 09:45:00+09:00,6135,牧野フライス製作所,6135.T,未分類,intraday_5m,11490.0,0.0,0.06713286713286713,0.0017941288184790394,30.0,-0.00691443388072599,268772245504.0,17.483795,1.0689117,0.07453,1.73,0.04,20.0
2026-03-09 09:50:00+09:00,6136,オーエスジー,6136.T,未分類,intraday_5m,2558.5,-0.00175575497463909,0.0,0.010552173026935415,9.927360774818396,-0.06572941391272591,210181750784.0,16.77375,1.1624451,0.07925,3.07,0.03157894736842106,19.0
2026-03-09 09:50:00+09:00,6140,旭ダイヤモンド工業,6140.T,未分類,intraday_5m,1318.0,-0.0007581501137224889,0.23735907648686963,0.010591900402980232,18.57142857142857,-0.0821727019498607,65987985408.0,27.237032,1.0408605,,2.09,0.01,20.0
2026-03-09 09:50:00+09:00,6141,ＤＭＧ森精機,6141.T,未分類,intraday_5m,2503.0,-0.0009978048293753927,0.23019431988041852,0.014572509881459037,16.237942122186496,-0.07587225401513753,354846932992.0,74.51623,1.0239699,0.02116,3.88,0.03157894736842106,19.0
2026-03-09 09:50:00+09:00,6143,ソディック,6143.T,未分類,intraday_5m,1320.0,0.0,0.5747460087082729,0.015295053690675924,8.092485549132945,-0.09774436090225569,66858434560.0,15.829236,0.73859006,0.0515,1.98,0.042105263157894736,19.0
2026-03-09 09:50:00+09:00,6146,ディスコ,6146.T,未分類,intraday_5m,66410.0,0.001357056694813119,0.19804842790025298,0.01780321370911319,16.536964980544752,-0.09658549857162291,7200871284736.0,57.178036,13.279737,,0.59,0.02,20.0
2026-03-09 09:50:00+09:00,6151,日東工器,6151.T,未分類,intraday_5m,1723.0,-0.0017381228273464222,0.0,0.009178795350570907,23.28767123287672,-0.04701327433628322,32244787200.0,63.113556,0.53844506,0.03507,2.21,0.05555555555555555,18.0
2026-03-09 09:50:00+09:00,6167,冨士ダイス,6167.T,未分類,intraday_5m,1156.0,0.0008658008658009031,0.0,0.010143704440352966,15.78947368421052,-0.05323505323505329,22632927232.0,61.88437,1.1377908,0.02084,3.28,0.02,20.0
2026-03-09 09:50:00+09:00,6178,日本郵政,6178.T,未分類,intraday_5m,1797.0,0.0008354218880535225,0.13428954212309874,0.010949656340039655,21.917808219178085,-0.04617834394904463,5062997835776.0,14.562399,0.53154564,0.04378,2.65,0.030000000000000006,20.0
2026-03-09 09:50:00+09:00,6183,ベルシステム２４ホールディングス,6183.T,未分類,intraday_5m,1424.0,0.004231311706629048,0.2557077625570776,0.00813463751996765,39.63963963963965,-0.022649279341111828,105867739136.0,11.991579,1.460164,0.13697,4.12,0.0,20.0
2026-03-09 09:50:00+09:00,6184,鎌倉新書,6184.T,未分類,intraday_5m,509.0,0.0,0.09766022380467955,0.008682340512173675,25.641025641025635,-0.03598484848484851,20968241152.0,22.422907,5.302581,0.27224,3.79,0.01,20.0
2026-03-09 09:50:00+09:00,6191,エアトリ,6191.T,未分類,intraday_5m,692.0,0.0014471780028944004,0.16580310880829016,0.00890642972060656,19.298245614035082,-0.05075445816186552,15529072640.0,8.7406845,0.9703238,0.15899,1.37,0.05,20.0
2026-03-09 09:50:00+09:00,6194,アトラエ,6194.T,未分類,intraday_5m,727.0,0.0,0.0,0.004446210791786781,28.125,-0.022849462365591378,16732151808.0,14.737482,3.293572,0.13502,8.6,0.02,20.0
2026-03-09 09:50:00+09:00,6196,ストライク,6196.T,未分類,intraday_5m,4265.0,-0.0011709601873536313,0.05417607223476298,0.006755664872008595,29.508196721311478,-0.0361581920903955,81899782144.0,17.366343,4.326295,0.28576002,4.07,0.02,20.0
2026-03-09 09:50:00+09:00,6197,ソラスト,6197.T,未分類,intraday_5m,967.0,0.0,0.04735883424408015,0.006511957148214944,29.85074626865672,-0.02618328298086603,87844519936.0,20.33221,3.722237,,2.22,0.030000000000000006,20.0
2026-03-09 09:50:00+09:00,6200,インソース,6200.T,未分類,intraday_5m,714.0,-0.0013986013986013734,0.11601208459214502,0.0043277352829728865,36.111111111111114,-0.015172413793103412,59957317632.0,14.503352,5.2862263,0.40511,4.07,0.037500000000000006,16.0
2026-03-09 09:50:00+09:00,6201,豊田自動織機,6201.T,未分類,intraday_5m,20535.0,-0.00024342745861738457,0.003963011889035667,0.00014058569503217237,50.0,0.000243546030199715,6170230652928.0,30.037298,1.0122584,,1.36,0.010526315789473684,19.0
2026-03-09 09:50:00+09:00,6209,リケンＮＰＲ,6209.T,未分類,intraday_5m,3990.0,-0.0012515644555695093,0.0,0.009549749724467479,10.344827586206904,-0.05896226415094341,107352227840.0,9.136289,0.70624834,0.082159996,3.89,0.1,20.0
2026-03-09 09:50:00+09:00,6222,島精機製作所,6222.T,未分類,intraday_5m,913.0,0.0,0.0,0.011156840552003318,24.719101123595507,-0.0479666319082378,30602149888.0,,0.37971404,-0.03167,1.04,-0.020000000000000004,20.0
2026-03-09 09:50:00+09:00,6235,オプトラン,6235.T,未分類,intraday_5m,2609.0,0.0003834355828220559,0.0994475138121547,0.02147170514808451,10.389610389610397,-0.11917623227548957,104001437696.0,35.090786,1.8124601,0.04881,1.89,0.02,20.0
2026-03-09 09:50:00+09:00,6237,イワキポンプ,6237.T,未分類,intraday_5m,2524.0,0.0007930214115781098,0.11650485436893203,0.01385062022660154,28.348909657320874,-0.05112781954887213,55991435264.0,12.165029,1.4336617,0.11935,3.08,0.03333333333333334,18.0
2026-03-09 09:50:00+09:00,6238,フリュー,6238.T,未分類,intraday_5m,1219.0,0.002467105263157965,0.13333333333333333,0.006899544940795673,42.168674698795186,-0.012955465587044523,32287948800.0,17.409313,1.3801396,0.091520004,3.16,0.030000000000000006,20.0
2026-03-09 09:50:00+09:00,6240,ヤマシンフィルタ,6240.T,未分類,intraday_5m,515.0,-0.0019379844961240345,0.017638412542871143,0.010896652838897831,24.48979591836735,-0.04452690166975881,35856650240.0,20.591763,1.6004575,0.08131,3.34,0.01,20.0
2026-03-09 09:50:00+09:00,6247,日阪製作所,6247.T,未分類,intraday_5m,1587.0,0.003160556257901348,0.0,0.01438175855487042,29.44162436548224,-0.05140466228332341,41728475136.0,10.42433,0.6817599,0.06713,3.35,0.06,20.0
2026-03-09 09:50:00+09:00,6250,やまびこ,6250.T,未分類,intraday_5m,3440.0,0.0,0.0,0.014713438545676036,13.333333333333329,-0.07651006711409392,140729401344.0,9.751672,1.1730602,0.12708001,2.95,0.047058823529411764,17.0
2026-03-09 09:50:00+09:00,6254,野村マイクロ・サイエンス,6254.T,未分類,intraday_5m,2831.0,-0.002817893624515677,0.1360544217687075,0.015213064620879332,14.905149051490525,-0.08529886914378026,107768217600.0,9.4492655,2.7928028,0.32354,3.23,0.01,20.0
2026-03-09 09:50:00+09:00,6258,平田機工,6258.T,未分類,intraday_5m,2595.0,-0.0007701193685021313,0.18972332015810278,0.014665473409464337,14.366197183098578,-0.09424083769633507,79473827840.0,12.424591,1.0998224,0.09392,2.27,0.04,20.0
2026-03-09 09:50:00+09:00,6264,マルマエ,6264.T,未分類,intraday_5m,3230.0,0.0,0.0,0.014621083366378327,5.555555555555557,-0.11385459533607678,40899211264.0,30.141844,4.926424,0.19094999,2.09,0.04,20.0
2026-03-09 09:50:00+09:00,6266,タツモ,6266.T,未分類,intraday_5m,2220.0,-0.0013495276653171517,0.2702702702702703,0.015181711631628743,10.726643598615922,-0.09239574816026164,32121864192.0,9.084956,1.2104485,0.1388,1.39,0.030000000000000006,20.0
2026-03-09 09:50:00+09:00,6268,ナブテスコ,6268.T,未分類,intraday_5m,4182.0,-0.0019093078758949389,0.5732637494981935,0.014780606497710147,10.15936254980079,-0.09086956521739131,491984879616.0,9091.304,1.8021629,0.05459,1.78,0.030000000000000006,20.0
2026-03-09 09:50:00+09:00,6269,三井海洋開発,6269.T,未分類,intraday_5m,11790.0,-0.0021159542953872457,0.2581453634085213,0.009557591498231443,24.313725490196077,-0.050724637681159424,805736546304.0,14.232083,3.5431378,0.30591,1.61,0.030000000000000006,20.0
2026-03-09 09:50:00+09:00,6272,レオン自動機,6272.T,未分類,intraday_5m,1479.0,-0.002024291497975672,0.1935483870967742,0.006792187795906285,25.742574257425744,-0.036482084690553696,39834755072.0,10.741521,0.96714646,0.102060005,3.52,0.05,20.0
2026-03-09 09:50:00+09:00,6273,ＳＭＣ,6273.T,未分類,intraday_5m,64410.0,-0.002014254725751452,0.19790104947526238,0.013953863966407328,9.175738724727836,-0.07919942816297354,4066791391232.0,26.085054,1.9913563,0.07903,1.43,0.02,20.0
2026-03-09 09:50:00+09:00,6277,ホソカワミクロン,6277.T,未分類,intraday_5m,5840.0,0.0,0.0,0.013625146204631764,11.764705882352942,-0.08320251177394034,85474172928.0,19.099947,1.2341547,0.05266,2.04,0.022222222222222223,18.0
2026-03-09 09:50:00+09:00,6278,ユニオンツール,6278.T,未分類,intraday_5m,14560.0,-0.006821282401091366,0.24742268041237114,0.017944316162042426,9.090909090909093,-0.12077294685990336,251521499136.0,41.08584,3.1477072,0.07985,0.79,0.01,20.0
2026-03-09 09:50:00+09:00,6279,瑞光,6279.T,未分類,intraday_5m,873.0,-0.0011441647597254523,0.03773584905660377,0.0059425346471960105,26.0,-0.023489932885906062,23116965888.0,98.644066,0.6830869,0.01101,1.34,0.030000000000000006,20.0
2026-03-09 09:50:00+09:00,6282,オイレス工業,6282.T,未分類,intraday_5m,2385.0,-0.0004191114836546994,0.14860681114551083,0.00984658031842998,23.3160621761658,-0.044471153846153855,69461491712.0,12.080232,0.8945383,0.0806,3.41,0.044444444444444446,18.0
2026-03-09 09:45:00+09:00,6284,日精エー・エス・ビー機械,6284.T,未分類,intraday_5m,8620.0,0.0011614401858304202,0.3829787234042553,0.01426042580873791,23.214285714285722,-0.06608884073672805,129223352320.0,16.70672,2.1836312,0.13958,2.17,0.04,20.0
2026-03-09 09:50:00+09:00,6287,サトー,6287.T,未分類,intraday_5m,2299.0,0.0004351610095736369,0.2608695652173913,0.008880330675423013,11.84210526315789,-0.04882085229623501,74637295616.0,10.406953,0.8811751,0.08141,3.14,0.021052631578947368,19.0
2026-03-09 09:50:00+09:00,6289,技研製作所,6289.T,未分類,intraday_5m,2069.0,0.0009675858732463016,0.0,0.012234836994295057,25.83333333333333,-0.056113138686131436,52482342912.0,37.158764,1.3493947,0.052649997,2.46,0.030000000000000006,20.0
2026-03-09 09:50:00+09:00,6293,日精樹脂工業,6293.T,未分類,intraday_5m,869.0,0.0034642032332563577,0.0,0.004859855438518499,35.41666666666667,-0.019187358916478603,16716383232.0,,0.4274305,-0.03821,4.74,0.023529411764705882,17.0
2026-03-09 09:45:00+09:00,6294,オカダアイヨン,6294.T,未分類,intraday_5m,2341.0,0.0021404109589040488,0.2553191489361702,0.007143644924073896,22.794117647058826,-0.027823920265780733,18853179392.0,11.855565,1.0441622,0.09132,3.11,0.047058823529411764,17.0
2026-03-09 09:50:00+09:00,6298,ワイエイシイホールディングス,6298.T,未分類,intraday_5m,1023.0,-0.0019512195121951237,0.2875399361022364,0.013802201408785221,18.253968253968253,-0.06999999999999995,18458077184.0,20.945946,1.1201335,0.06397,3.64,0.04,20.0
2026-03-09 09:50:00+09:00,6301,小松製作所,6301.T,未分類,intraday_5m,6566.0,-0.0018242626938279605,0.2674715579289529,0.012595761874165395,4.5317220543806656,-0.08462289139829915,5916585361408.0,14.622631,1.7674836,0.12517999,2.65,0.0,20.0
2026-03-09 09:50:00+09:00,6302,住友重機械工業,6302.T,未分類,intraday_5m,5082.0,-0.002551521099116827,0.3185378590078329,0.013627510585706775,16.279069767441854,-0.07616796946009818,610772123648.0,0.9532885,0.89598536,0.046729997,2.73,0.04,20.0
2026-03-09 09:50:00+09:00,6305,日立建機,6305.T,未分類,intraday_5m,5591.0,-0.0008934953538242141,0.2516063577950626,0.012189246566820553,14.358974358974365,-0.07187915006640111,1189411291136.0,13.648903,1.3652219,0.09613,2.91,0.030000000000000006,20.0
2026-03-09 09:50:00+09:00,6306,日工,6306.T,未分類,intraday_5m,797.0,0.0012562814070351536,0.0,0.0070650466619895744,31.914893617021278,-0.020884520884520863,30712610816.0,16.824995,0.86247194,0.053829998,4.18,0.05555555555555555,18.0
2026-03-09 09:50:00+09:00,6309,巴工業,6309.T,未分類,intraday_5m,1961.0,-0.0015274949083503575,0.030612244897959186,0.01148193085008108,19.89528795811519,-0.05811719500480306,57967288320.0,14.513026,1.3735937,0.093830004,3.46,0.030000000000000006,20.0
2026-03-09 09:50:00+09:00,6310,井関農機,6310.T,未分類,intraday_5m,1672.0,-0.0017910447761193549,0.11464968152866242,0.01376139458496665,8.465608465608469,-0.07980187121629057,37834211328.0,13.713911,0.5127004,0.03856,2.48,0.030000000000000006,20.0
2026-03-09 09:50:00+09:00,6315,ＴＯＷＡ,6315.T,未分類,intraday_5m,2471.0,-0.006433453960595137,0.9119247440745182,0.017473220273290194,15.64625850340137,-0.12001424501424507,185315753984.0,30.125626,2.7450697,0.08688,0.71,-0.030000000000000006,20.0
2026-03-09 09:50:00+09:00,6323,ローツェ,6323.T,未分類,intraday_5m,2768.0,-0.003420342034203383,0.24992867332382313,0.01700245498886319,18.259803921568633,-0.09983739837398375,480056279040.0,26.091055,3.853554,0.15335,0.55,0.0,20.0
2026-03-09 09:50:00+09:00,6324,ハーモニック・ドライブ・システムズ,6324.T,未分類,intraday_5m,3835.0,-0.0013020833333333703,0.14182534471437952,0.014633657926084934,12.38095238095238,-0.0997652582159625,363047157760.0,78.28128,4.680208,0.0591,0.47,0.01,20.0
2026-03-09 09:50:00+09:00,6326,クボタ,6326.T,未分類,intraday_5m,2610.5,0.0009585889570551398,0.2925725776046249,0.012781749029727292,10.931174089068833,-0.07478291688818006,2968307105792.0,15.980044,1.1316524,0.07724,1.84,0.030000000000000006,20.0
2026-03-09 09:50:00+09:00,6328,荏原実業,6328.T,未分類,intraday_5m,2565.0,0.0003900156006240163,0.0,0.014814711886295129,29.573170731707307,-0.05105438401775808,61093384192.0,13.914506,2.1877172,0.17058,2.77,0.03529411764705883,17.0
2026-03-09 09:50:00+09:00,6330,東洋エンジニアリング,6330.T,未分類,intraday_5m,2512.0,-0.002382843526608447,0.17784476262245666,0.012096878011016136,8.4375,-0.08952519028633565,147199606784.0,,3.7385683,,0.91,0.01,20.0
2026-03-09 09:50:00+09:00,6331,三菱化工機,6331.T,未分類,intraday_5m,3020.0,-0.0016528925619834212,0.5876591576885406,0.01517841097379141,12.820512820512818,-0.08484848484848484,68747976704.0,11.256475,1.6905962,0.17166,3.94,0.01,20.0
2026-03-09 09:50:00+09:00,6332,月島ホールディングス,6332.T,未分類,intraday_5m,2935.0,-0.0006809669731018264,0.15075376884422112,0.013931293104698698,17.391304347826093,-0.06825396825396823,115658907648.0,7.1672773,1.2562388,0.18406,2.54,0.02,20.0
2026-03-09 09:50:00+09:00,6333,帝国電機製作所,6333.T,未分類,intraday_5m,3000.0,0.0010010010010010895,0.06486486486486487,0.013385924548319305,21.264367816091948,-0.06976744186046513,45982552064.0,10.716966,1.5113343,0.14501001,3.41,0.02,20.0
2026-03-09 09:50:00+09:00,6339,新東工業,6339.T,未分類,intraday_5m,1011.0,-0.001974333662388972,0.26373626373626374,0.010343353869575257,30.47619047619048,-0.041706161137440745,53094322176.0,17.0202,0.4278349,0.03223,4.17,-0.030000000000000006,20.0
2026-03-09 09:50:00+09:00,6340,澁谷工業,6340.T,未分類,intraday_5m,3330.0,-0.004484304932735439,0.32653061224489793,0.013790478050187554,28.205128205128204,-0.05128205128205132,92128681984.0,10.267636,0.8257847,0.08295,4.06,0.0,20.0
2026-03-09 09:50:00+09:00,6345,アイチ　コーポレーション,6345.T,未分類,intraday_5m,1348.0,0.0,0.1038961038961039,0.008598958674605752,25.263157894736835,-0.035075161059412996,87026679808.0,15.870026,1.2136447,,4.29,0.02,20.0
2026-03-09 09:50:00+09:00,6349,小森コーポレーション,6349.T,未分類,intraday_5m,1607.0,0.0006226650062266526,0.0,0.010817291840265624,20.83333333333333,-0.051357733175914966,85266022400.0,11.769445,0.7120828,0.08365,4.13,0.04,20.0
2026-03-09 09:50:00+09:00,6351,鶴見製作所,6351.T,未分類,intraday_5m,1908.0,-0.0041753653444676075,0.07894736842105263,0.012530493278903588,26.008968609865477,-0.05777777777777782,91520761856.0,11.434735,0.9032004,0.07959,1.33,0.042105263157894736,19.0
2026-03-09 09:50:00+09:00,6358,酒井重工業,6358.T,未分類,intraday_5m,2050.0,0.0,0.07531380753138076,0.006758513724676031,22.307692307692307,-0.03347477604903348,17579556864.0,31.079443,0.5797182,0.016,4.95,-0.030000000000000006,20.0
2026-03-09 09:50:00+09:00,6361,荏原製作所,6361.T,未分類,intraday_5m,4716.0,-0.004433185560481334,0.27420780204519635,0.013617294047875268,11.727416798732165,-0.10017172295363486,2153261301760.0,28.385698,4.2314143,0.15808,1.26,0.030000000000000006,20.0
2026-03-09 09:50:00+09:00,6363,酉島製作所,6363.T,未分類,intraday_5m,2558.0,0.001566170712607784,0.04089581304771178,0.004884522143968706,32.35294117647058,-0.016153846153846185,67317956608.0,19.215746,1.196723,0.086940005,2.38,0.01,20.0
2026-03-09 09:50:00+09:00,6364,ＡＩＲＭＡＮ,6364.T,未分類,intraday_5m,2024.0,-0.0004938271604938427,0.3614457831325301,0.01168252163518781,22.169811320754718,-0.05464736104624013,54904852480.0,11.12149,1.2570242,0.12695,3.74,0.06,20.0
2026-03-09 09:50:00+09:00,6367,ダイキン工業,6367.T,未分類,intraday_5m,18865.0,-0.0007944915254237683,0.18051013734466972,0.009493043213490447,11.450381679389324,-0.05533299949924886,5524216086528.0,20.185106,1.7520791,0.0929,1.65,0.0,20.0
2026-03-09 09:50:00+09:00,6368,オルガノ,6368.T,未分類,intraday_5m,14435.0,-0.0010380622837370401,0.14163090128755365,0.01742508434789584,14.508928571428584,-0.09668335419274088,663758110720.0,24.088444,5.077165,0.23462999,1.19,0.01,20.0
2026-03-09 09:50:00+09:00,6369,トーヨーカネツ,6369.T,未分類,intraday_5m,2679.0,-0.0022346368715083775,0.3902439024390244,0.011224556135878654,18.410041841004187,-0.05502645502645498,41753075712.0,11.276676,1.0654311,0.09712,3.53,0.05,20.0
2026-03-09 09:50:00+09:00,6370,栗田工業,6370.T,未分類,intraday_5m,7565.0,-0.0009244585314316378,0.3131407269338304,0.012259043332731919,8.94886363636364,-0.07063882063882065,827813527552.0,37.174446,2.365796,0.06791,1.38,0.02,20.0
2026-03-09 09:50:00+09:00,6371,椿本チエイン,6371.T,未分類,intraday_5m,2335.0,-0.0008557980316645786,0.1940700808625337,0.012262450816277406,22.553191489361694,-0.05004068348250612,227607166976.0,10.770295,0.8628217,0.087510005,3.25,0.04,20.0
2026-03-09 09:50:00+09:00,6376,日機装,6376.T,未分類,intraday_5m,2318.0,0.0,0.27053140096618356,0.010428961734304328,14.096916299559481,-0.06532258064516128,151286022144.0,11.261174,0.95644104,0.09137,2.02,0.04,20.0
2026-03-09 09:50:00+09:00,6379,レイズネクスト,6379.T,未分類,intraday_5m,2363.0,0.0008470986869970609,0.2857142857142857,0.009957268293199801,26.3681592039801,-0.039040260268401794,127636283392.0,11.937358,1.4566647,0.12696,4.8,0.030000000000000006,20.0
2026-03-09 09:50:00+09:00,6381,アネスト岩田,6381.T,未分類,intraday_5m,1598.0,-0.00498132004981322,1.565217391304348,0.008988925186160629,25.581395348837205,-0.038507821901323736,62939172864.0,14.837512,1.3261521,0.09493,4.99,0.022222222222222223,18.0
2026-03-09 09:50:00+09:00,6383,ダイフク,6383.T,未分類,intraday_5m,5304.0,-0.0020696142991533106,0.49471458773784355,0.013213353060184917,6.31163708086784,-0.07916666666666672,1950333534208.0,26.160295,4.3192253,0.18377,1.42,0.01,20.0
2026-03-09 09:50:00+09:00,6387,サムコ,6387.T,未分類,intraday_5m,5510.0,-0.0018115942028985588,0.0,0.016507332309048613,8.219178082191789,-0.10696920583468394,44258603008.0,26.112507,3.263926,0.13126999,0.97,0.02,20.0
2026-03-09 09:50:00+09:00,6390,加藤製作所,6390.T,未分類,intraday_5m,1519.0,-0.0026263952724885353,0.1694915254237288,0.013805366277179923,22.651933701657455,-0.0652307692307692,16943047680.0,,0.39366764,0.09892,4.31,0.06,20.0
2026-03-09 09:50:00+09:00,6395,タダノ,6395.T,未分類,intraday_5m,1269.0,-0.0007874015748031704,0.2194644023514043,0.016454949897688722,26.17801047120419,-0.06828193832599116,160214237184.0,8.765023,0.77891326,0.09292,2.5,0.042105263157894736,19.0
2026-03-09 09:50:00+09:00,6406,フジテック,6406.T,未分類,intraday_5m,5670.0,0.0,0.0,0.0006199145812647175,50.0,0.0017667844522968323,442537836544.0,28.621908,2.7647734,0.09536,2.92,0.04,20.0
2026-03-09 09:50:00+09:00,6407,ＣＫＤ,6407.T,未分類,intraday_5m,4425.0,-0.007847533632286963,0.3938879456706282,0.01935570696584508,12.878787878787875,-0.10152284263959388,295669334016.0,23.51972,2.0286467,0.09194,1.42,0.0,20.0
2026-03-09 09:50:00+09:00,6412,平和,6412.T,未分類,intraday_5m,1947.0,0.0005138746145940676,0.3796740172579099,0.005616543909905855,31.632653061224488,-0.019143576826196496,192027099136.0,15.4217825,0.7568336,0.037809998,4.03,0.01,20.0
2026-03-09 09:50:00+09:00,6413,理想科学工業,6413.T,未分類,intraday_5m,1174.0,-0.0008510638297872797,0.23300970873786406,0.010820725801897137,33.33333333333333,-0.0329489291598023,74322395136.0,18.4911,1.1068121,,4.12,0.023529411764705882,17.0
2026-03-09 09:50:00+09:00,6417,ＳＡＮＫＹＯ,6417.T,未分類,intraday_5m,2098.5,-0.0019024970273483488,0.14457831325301204,0.007922900951197423,34.504792332268366,-0.026218097447795796,414482563072.0,8.114849,1.6661875,,4.18,0.030000000000000006,20.0
2026-03-09 09:50:00+09:00,6418,日本金銭機械,6418.T,未分類,intraday_5m,1110.0,-0.0026954177897574594,0.12403100775193798,0.010608331672770884,23.853211009174302,-0.047210300429184504,30111148032.0,6.5037794,0.8570919,0.14310001,3.43,0.030000000000000006,20.0
2026-03-09 09:50:00+09:00,6419,マースグループホールディングス,6419.T,未分類,intraday_5m,3055.0,0.003284072249589487,0.22291021671826627,0.0053048538444598675,33.33333333333333,-0.012924071082390909,56379219968.0,7.8029222,0.6771181,0.08817001,4.85,0.02,20.0
2026-03-09 09:50:00+09:00,6420,ガリレイ,6420.T,未分類,intraday_5m,3295.0,-0.0015151515151514694,0.17061611374407584,0.013329649764940105,25.000000000000014,-0.047687861271676346,132106674176.0,10.464969,1.210992,0.1176,2.34,0.02,20.0
2026-03-09 09:50:00+09:00,6430,ダイコク電機,6430.T,未分類,intraday_5m,2426.0,-0.0016460905349794386,0.24742268041237114,0.00756819765479238,26.59574468085107,-0.0350039777247414,35322126336.0,5.603936,0.69749564,0.13354,3.98,0.01,20.0
2026-03-09 09:50:00+09:00,6432,竹内製作所,6432.T,未分類,intraday_5m,6300.0,-0.0015847860538826808,0.1188118811881188,0.011057383805080923,8.474576271186436,-0.07624633431085048,291016278016.0,11.089402,1.6365247,0.15553,3.08,0.0,20.0
2026-03-09 09:50:00+09:00,6436,アマノ,6436.T,未分類,intraday_5m,3890.0,0.000771803447388697,0.07239819004524888,0.00746911827533864,33.2129963898917,-0.023349234245543582,276123746304.0,15.576823,2.0926907,0.12810999,4.52,0.030000000000000006,20.0
2026-03-09 09:50:00+09:00,6440,ＪＵＫＩ,6440.T,未分類,intraday_5m,654.0,-0.0030487804878048808,0.06566347469220246,0.012734230974340574,10.0,-0.08274894810659184,19510110208.0,13.917854,0.642546,0.04409,2.1,0.04,20.0
2026-03-09 09:50:00+09:00,6445,ジャノメ,6445.T,未分類,intraday_5m,1383.0,0.0007235890014472002,0.2764976958525346,0.008586783256988076,30.769230769230774,-0.02742616033755274,24159322112.0,42.28065,0.6926304,0.01962,3.87,0.05,16.0
2026-03-09 09:50:00+09:00,6448,ブラザー工業,6448.T,未分類,intraday_5m,2939.5,-0.0005100306018360756,0.14096916299559473,0.009632832035543677,22.776572668112806,-0.04344288968434751,734576508928.0,13.684823,1.0028921,0.07083,3.25,0.01,20.0
2026-03-09 09:50:00+09:00,6454,マックス,6454.T,未分類,intraday_5m,6560.0,0.0,0.1956521739130435,0.008050293715202064,25.0,-0.03529411764705881,294900498432.0,23.079088,2.6976879,0.12082,1.94,0.04,20.0
2026-03-09 09:50:00+09:00,6455,モリタホールディングス,6455.T,未分類,intraday_5m,2614.0,0.0007656967840734552,0.0,0.010038785429836735,12.5,-0.060050341603739676,111698534400.0,12.020049,1.1156307,0.11061,2.09,0.04,20.0
2026-03-09 09:50:00+09:00,6457,グローリー,6457.T,未分類,intraday_5m,3804.0,-0.0007880220646178104,0.42187499999999994,0.011254018027593104,25.438596491228083,-0.04494099924679884,201728245760.0,18.296377,0.9165713,0.031659998,2.81,0.01,20.0
2026-03-09 09:50:00+09:00,6458,新晃工業,6458.T,未分類,intraday_5m,1258.0,-0.000794281175536149,0.16167664670658682,0.010360137092033058,14.85148514851484,-0.0541353383458647,84959993856.0,12.251656,1.3777635,0.10618,3.76,0.030000000000000006,20.0
2026-03-09 09:50:00+09:00,6459,大和冷機工業,6459.T,未分類,intraday_5m,1670.0,-0.002389486260453988,0.0,0.00781881154076952,36.76470588235295,-0.019377568995889605,82437021696.0,16.23566,1.1877786,0.06661,3.52,0.047058823529411764,17.0
2026-03-09 09:50:00+09:00,6460,セガサミーホールディングス,6460.T,未分類,intraday_5m,2617.0,-0.0024776062511912,0.12804878048780488,0.005404585394573058,41.666666666666664,-0.010773010773010738,550295175168.0,32.012234,1.526114,-0.03656,2.12,-0.01,20.0
2026-03-09 09:50:00+09:00,6463,ＴＰＲ,6463.T,未分類,intraday_5m,1221.0,-0.0032653061224490187,0.6525679758308157,0.012229864662184503,23.770491803278688,-0.049805447470817166,78989090816.0,7.775584,0.4801784,0.055960003,3.89,0.021052631578947368,19.0
2026-03-09 09:50:00+09:00,6464,ツバキ・ナカシマ,6464.T,未分類,intraday_5m,310.0,-0.003215434083601254,0.04114285714285714,0.009233215846974473,23.07692307692308,-0.049079754601227044,11858412544.0,,0.31815886,-0.5423,7.04,0.03333333333333334,18.0
2026-03-09 09:50:00+09:00,6465,ホシザキ,6465.T,未分類,intraday_5m,4888.0,-0.0008176614881438837,0.15946843853820597,0.008562358062005981,21.725239616613422,-0.0332541567695962,692124385280.0,18.118467,1.7628887,0.09722,2.28,0.01,20.0
2026-03-09 09:50:00+09:00,6471,日本精工,6471.T,未分類,intraday_5m,1153.5,-0.0021626297577854725,0.7196749854904236,0.01408857489518825,16.245487364620928,-0.07274919614147912,564434108416.0,31.542248,0.830566,0.030869998,2.73,0.030000000000000006,20.0
2026-03-09 09:50:00+09:00,6472,ＮＴＮ,6472.T,未分類,intraday_5m,345.8999938964844,-0.0031700464078260326,0.4341223760607414,0.012957381025983395,14.322862235941031,-0.07091054193417023,205639778304.0,,0.74338335,-0.03797,2.95,0.01,20.0
2026-03-09 09:50:00+09:00,6473,ジェイテクト,6473.T,未分類,intraday_5m,1753.5,-0.005106382978723456,1.0443686006825939,0.01246532919530676,11.855670103092791,-0.0795275590551181,558196391936.0,29.036264,0.7179814,0.03312,3.15,0.04,20.0
2026-03-09 09:50:00+09:00,6474,不二越,6474.T,未分類,intraday_5m,4595.0,-0.004333694474539573,0.42857142857142855,0.014198502935589774,11.926605504587158,-0.08466135458167334,100071546880.0,19.684702,0.5865996,0.03061,1.99,0.037500000000000006,16.0
2026-03-09 09:50:00+09:00,6479,ミネベアミツミ,6479.T,未分類,intraday_5m,2702.5,-0.0023994093761535717,0.3284313725490196,0.015149139434059893,14.285714285714292,-0.09006734006734007,1086115545088.0,17.245886,1.2861624,,1.68,0.02,20.0
2026-03-09 09:50:00+09:00,6480,日本トムソン,6480.T,未分類,intraday_5m,869.0,-0.0034403669724770714,0.3710198431010614,0.014075462822787987,10.89108910891089,-0.08139534883720934,60602650624.0,18.825823,0.7511278,0.052989997,2.96,0.030000000000000006,20.0
2026-03-09 09:50:00+09:00,6481,ＴＨＫ,6481.T,未分類,intraday_5m,4695.0,-0.0023374415639608737,1.069260700389105,0.012545123368960246,18.92857142857143,-0.07487684729064037,525949665280.0,52.26539,2.012501,0.03222,3.63,0.02,20.0
2026-03-09 09:50:00+09:00,6486,イーグル工業,6486.T,未分類,intraday_5m,2992.0,-0.004326123128119752,0.4263959390862944,0.008293270896805413,14.102564102564102,-0.048648648648648596,135712235520.0,19.574745,1.0814953,0.08004,4.13,0.04,20.0
2026-03-09 09:50:00+09:00,6490,ＰＩＬＬＡＲ,6490.T,未分類,intraday_5m,7230.0,-0.005502063273727598,0.37267080745341613,0.014330253505574507,11.494252873563227,-0.08712121212121215,168228601856.0,20.331263,2.153513,0.117790006,1.64,0.05,20.0
2026-03-09 09:50:00+09:00,6498,キッツ,6498.T,未分類,intraday_5m,1833.0,-0.00434546442151007,0.18133333333333335,0.01482291505570372,14.785992217898837,-0.08760577401692382,159260721152.0,13.824573,1.3492396,0.101969995,2.99,0.03333333333333334,18.0
2026-03-09 09:50:00+09:00,6501,日立製作所,6501.T,未分類,intraday_5m,4592.0,-0.005199306759098743,0.6332602018429135,0.009571888415446195,20.25641025641025,-0.049472158973297486,20712553185280.0,27.472332,3.267025,,0.93,0.02,20.0
2026-03-09 09:50:00+09:00,6503,三菱電機,6503.T,未分類,intraday_5m,5168.0,-0.005005775895263742,0.46852412429727563,0.011883769449133903,18.287937743190668,-0.06342877854295037,10575528591360.0,27.147135,2.546774,0.09513,1.0,0.01,20.0
2026-03-09 09:50:00+09:00,6504,富士電機,6504.T,未分類,intraday_5m,10230.0,-0.005347593582887722,0.3799249530956848,0.022068486034965935,21.859296482412063,-0.10263157894736841,1507888201728.0,17.80493,2.0036092,0.118190005,1.6,0.0,20.0
2026-03-09 09:50:00+09:00,6506,安川電機,6506.T,未分類,intraday_5m,4255.0,-0.00514379237783491,0.48747081712062257,0.01611853915182508,14.149443561208258,-0.10099302767800544,1103518367744.0,19.291803,2.3824534,,1.44,0.0,20.0
2026-03-09 09:50:00+09:00,6507,シンフォニアテクノロジー,6507.T,未分類,intraday_5m,10350.0,-0.007670182166826467,0.724935732647815,0.01680159909794853,11.84210526315789,-0.10852713178294571,291997155328.0,24.1591,3.370398,0.15156001,1.03,0.030000000000000006,20.0
2026-03-09 09:50:00+09:00,6508,明電舎,6508.T,未分類,intraday_5m,6710.0,-0.004451038575667643,0.3421588594704684,0.015513697813033769,13.333333333333329,-0.08955223880597019,304397549568.0,16.523432,1.9863566,0.15615,1.85,0.01,20.0
2026-03-09 09:50:00+09:00,6516,山洋電気,6516.T,未分類,intraday_5m,4410.0,-0.004514672686230292,0.6190476190476191,0.012379530584492131,13.043478260869563,-0.07450157397691504,156622471168.0,20.844164,1.2761111,0.06254,1.47,0.04,20.0
2026-03-09 09:45:00+09:00,6517,デンヨー,6517.T,未分類,intraday_5m,3540.0,-0.0014104372355430161,0.46153846153846156,0.009856697128445132,17.54385964912281,-0.04966442953020134,71569424384.0,14.620245,0.9056879,,2.68,0.044444444444444446,18.0
2026-03-09 09:50:00+09:00,6523,ＰＨＣホールディングス,6523.T,未分類,intraday_5m,992.0,0.0010090817356205317,0.07655502392344497,0.009240546882403422,23.07692307692308,-0.039690222652468576,125497778176.0,21.678322,0.78787184,0.02189,4.07,0.02,20.0
2026-03-09 09:50:00+09:00,6525,ＫＯＫＵＳＡＩ　ＥＬＥＣＴＲＩＣ,6525.T,未分類,intraday_5m,5441.0,-0.0032973071991206915,0.2725665613114051,0.026073199983339852,17.609561752988057,-0.12718524458700886,1270144827392.0,37.94017,5.9683647,0.16354,0.58,0.01,20.0
2026-03-09 09:50:00+09:00,6526,ソシオネクスト,6526.T,未分類,intraday_5m,1706.0,-0.004086398131932234,0.3006134969325153,0.012230337981803454,14.520547945205479,-0.06852306852306855,298966745088.0,30.242865,2.3191953,0.06007,2.73,-0.01,20.0
2026-03-09 09:50:00+09:00,6532,ベイカレント,6532.T,未分類,intraday_5m,4658.0,-0.0040624331836647265,0.20559496720653192,0.004436384546861635,29.491525423728817,-0.022660511959714635,707373629440.0,20.446863,6.736344,,2.1,0.01,20.0
2026-03-09 09:45:00+09:00,6533,Ｏｒｃｈｅｓｔｒａ　Ｈｏｌｄｉｎｇｓ,6533.T,未分類,intraday_5m,1022.0,-0.003898635477582846,0.3564356435643565,0.007210362527855107,24.675324675324674,-0.03584905660377358,9641412608.0,54.16004,1.4831069,0.13172,1.23,0.05555555555555555,18.0
2026-03-09 09:45:00+09:00,6535,アイモバイル,6535.T,未分類,intraday_5m,513.0,0.001953125,0.2537764350453172,0.008456225106147797,30.555555555555557,-0.03024574669187141,28752199680.0,9.986374,1.9517206,0.15262,5.1,0.02,20.0
2026-03-09 09:50:00+09:00,6539,ＭＳ－Ｊａｐａｎ,6539.T,未分類,intraday_5m,1047.0,0.0009560229445506607,0.25925925925925924,0.00408389191730442,35.8974358974359,-0.009460737937559083,26019465216.0,25.204622,2.8442352,0.11788999,5.3,0.03157894736842106,19.0
2026-03-09 09:50:00+09:00,6544,ジャパンエレベーターサービスホールディングス,6544.T,未分類,intraday_5m,1638.0,-0.0012195121951219523,0.25071225071225073,0.007176013110633612,26.92307692307692,-0.03134240094618568,291751264256.0,46.573788,13.143114,0.32612,1.12,0.030000000000000006,20.0
2026-03-09 09:50:00+09:00,6560,エル・ティー・エス,6560.T,未分類,intraday_5m,1625.0,-0.00672371638141811,0.5106382978723404,0.010104318292996078,16.279069767441854,-0.047479484173505226,7232768000.0,8.795194,1.5025358,0.14903,2.34,0.037500000000000006,16.0
2026-03-09 09:50:00+09:00,6564,ミダックホールディングス,6564.T,未分類,intraday_5m,1835.0,-0.0010887316276537717,0.0,0.009512904573548841,16.0,-0.04576183047321891,50782482432.0,17.605295,2.9618175,0.17917,0.94,0.06,20.0
2026-03-09 09:50:00+09:00,6571,キュービーネットホールディングス,6571.T,未分類,intraday_5m,1337.0,-0.0014936519790889058,0.0,0.003620980514841226,35.41666666666667,-0.006686478454680511,17754347520.0,16.204096,1.1873932,0.07602,2.97,0.05263157894736842,19.0
2026-03-09 09:45:00+09:00,6572,オープングループ,6572.T,未分類,intraday_5m,227.0,0.004424778761061843,1.0612244897959184,0.006426423577911288,29.411764705882362,-0.02991452991452992,12648878080.0,31.484049,1.186984,0.07429,1.92,0.030000000000000006,20.0
2026-03-09 09:50:00+09:00,6584,三櫻工業,6584.T,未分類,intraday_5m,701.0,-0.005673758865248235,0.3597051597051597,0.009903886705666177,22.388059701492523,-0.048846675712347354,25101811712.0,9.795976,0.55021304,0.03917,3.8,0.02,20.0
2026-03-09 09:50:00+09:00,6586,マキタ,6586.T,未分類,intraday_5m,5366.0,-0.0007448789571694592,0.2994011976047904,0.012561009611820181,21.94690265486726,-0.060080574531441555,1418430119936.0,17.971733,1.4113408,,1.82,0.01,20.0
2026-03-09 09:50:00+09:00,6588,東芝テック,6588.T,未分類,intraday_5m,2870.0,-0.0010442046641141456,0.35555555555555557,0.012004741370977467,11.743772241992886,-0.07717041800643087,152075796480.0,,1.8738011,-0.06021,0.64,0.030000000000000006,20.0
2026-03-09 09:50:00+09:00,6590,芝浦メカトロニクス,6590.T,未分類,intraday_5m,4680.0,-0.008474576271186418,0.3960149439601494,0.012329204468865141,13.63636363636364,-0.10344827586206895,307193544704.0,26.604513,5.851397,0.25579,1.11,0.01,20.0
2026-03-09 09:50:00+09:00,6592,マブチモーター,6592.T,未分類,intraday_5m,1636.5,-0.0009157509157509125,0.35111876075731496,0.01084414357413363,20.189274447949515,-0.05650043240126834,401978982400.0,15.467863,1.2026907,0.08036,3.23,0.02,20.0
2026-03-09 09:50:00+09:00,6594,ニデック,6594.T,未分類,intraday_5m,2147.0,-0.0050973123262280096,1.0580503833515882,0.00793255795869661,7.731958762886606,-0.06935413957520586,2461127409664.0,20.453463,1.3988128,0.06313,1.73,0.01,20.0
2026-03-09 09:50:00+09:00,6615,ユー・エム・シー・エレクトロニクス,6615.T,未分類,intraday_5m,304.0,0.0,0.18,0.009820276160865962,21.875,-0.050000000000000044,8554479104.0,,0.49755558,-0.117460005,3.13,0.02,20.0
2026-03-09 09:50:00+09:00,6616,トレックス・セミコンダクター,6616.T,未分類,intraday_5m,1572.0,-0.005063291139240533,0.17266187050359713,0.014634034893940998,37.130801687763714,-0.038532110091743066,16651311104.0,,0.9462224,-0.08211,3.43,0.05,20.0
2026-03-09 09:50:00+09:00,6617,東光高岳,6617.T,未分類,intraday_5m,4860.0,-0.007150153217568955,0.21739130434782608,0.013954170988289097,11.016949152542367,-0.09158878504672896,78013251584.0,15.85334,1.2170321,0.086160004,2.17,0.06999999999999999,20.0
2026-03-09 09:50:00+09:00,6619,ダブル・スコープ,6619.T,未分類,intraday_5m,157.0,-0.006329113924050667,0.6013143483023001,0.011119310348386058,23.80952380952381,-0.06547619047619047,8623222784.0,,0.19977808,,,0.03333333333333334,18.0
2026-03-09 09:50:00+09:00,6620,宮越ホールディングス,6620.T,未分類,intraday_5m,656.0,-0.0015220700152207556,0.06857142857142857,0.009071597924839664,24.242424242424235,-0.05611510791366903,26249172992.0,113.691505,1.0530423,-0.03778,,0.01,20.0
2026-03-09 09:50:00+09:00,6622,ダイヘン,6622.T,未分類,intraday_5m,11500.0,-0.011177987962166847,0.636734693877551,0.017559473436763604,10.526315789473685,-0.11402157164869031,274933088256.0,21.452421,1.8288715,,1.36,0.030000000000000006,20.0
2026-03-09 09:50:00+09:00,6630,ヤーマン,6630.T,未分類,intraday_5m,678.0,0.001477104874446189,1.2121212121212122,0.003671694041677632,40.74074074074074,-0.010218978102189746,37304360960.0,,1.5298697,,1.31,0.030000000000000006,20.0
2026-03-09 09:50:00+09:00,6632,ＪＶＣケンウッド,6632.T,未分類,intraday_5m,1124.0,-0.005749668288367982,0.5312621359223302,0.011682754654134143,17.105263157894726,-0.06566916043225268,161595162624.0,10.046478,1.1512253,0.1359,1.5,0.030000000000000006,20.0
2026-03-09 09:50:00+09:00,6638,ミマキエンジニアリング,6638.T,未分類,intraday_5m,1657.0,-0.0071899340922708666,0.45901639344262296,0.01640124603600887,13.98305084745762,-0.09304871373836887,47941292032.0,8.476136,1.2963208,0.16621,2.74,0.021052631578947368,19.0
2026-03-09 09:50:00+09:00,6644,大崎電気工業,6644.T,未分類,intraday_5m,1550.0,-0.003215434083601254,0.45365853658536587,0.014553904533446991,16.574585635359114,-0.07683144729005364,69125210112.0,20.025839,1.3606793,0.03678,2.08,0.07,20.0
2026-03-09 09:50:00+09:00,6645,オムロン,6645.T,未分類,intraday_5m,4485.0,-0.0022246941045606095,0.5832775919732441,0.0153915118141803,12.26890756302521,-0.08989448051948057,881887215616.0,30.850185,1.0910985,0.0228,2.11,0.030000000000000006,20.0
2026-03-09 09:50:00+09:00,6651,日東工業,6651.T,未分類,intraday_5m,4270.0,-0.003500583430571802,0.1506276150627615,0.010125417179305644,13.513513513513516,-0.06462212486308871,161992228864.0,15.720492,1.3774011,0.09616999,3.07,0.06,20.0
2026-03-09 09:50:00+09:00,6652,ＩＤＥＣ,6652.T,未分類,intraday_5m,2950.0,-0.004051316677920358,2.670967741935484,0.012229664752477321,17.6079734219269,-0.0649762282091918,87108763648.0,38.63785,1.2761662,0.0456,4.12,0.030000000000000006,20.0
2026-03-09 09:50:00+09:00,6653,正興電機製作所,6653.T,未分類,intraday_5m,2204.0,-0.004066877541798464,0.7177914110429449,0.017259146733617732,19.033232628398792,-0.08281315022888058,29810262016.0,17.337948,1.6479095,0.11987001,2.29,0.02,20.0
2026-03-09 09:50:00+09:00,6674,ジーエス・ユアサ　コーポレーション,6674.T,未分類,intraday_5m,4769.0,-0.0050073023158773156,0.5672844480257857,0.01414143144131045,27.022900763358777,-0.05732358173552088,478429118464.0,15.204361,1.2972677,0.09653,1.78,0.0,20.0
2026-03-09 09:50:00+09:00,6699,ダイヤモンドエレクトリックホールディングス,6699.T,未分類,intraday_5m,614.0,-0.006472491909385147,0.13121272365805167,0.008167874284873686,33.33333333333333,-0.03001579778830965,5261859840.0,2.750896,0.41648465,0.108950004,3.95,0.0625,16.0
2026-03-09 09:50:00+09:00,6701,日本電気,6701.T,未分類,intraday_5m,4329.0,-0.007110091743119273,0.7075089099176601,0.008109459354484318,37.27034120734908,-0.02609673790776157,5771187716096.0,24.593796,2.7927842,,0.72,0.01,20.0
2026-03-09 09:50:00+09:00,6702,富士通,6702.T,未分類,intraday_5m,3609.0,-0.003589177250138076,0.5162603280556799,0.005570918391590134,36.12334801762114,-0.02009231604670103,6305203355648.0,22.169668,3.1704588,0.16861,1.36,0.01,20.0
2026-03-09 09:50:00+09:00,6703,沖電気工業,6703.T,未分類,intraday_5m,2760.0,-0.007194244604316502,1.8366375892149087,0.014629334249346674,13.541666666666657,-0.09210526315789469,239421030400.0,22.417154,1.5670786,0.122779995,3.13,0.01,20.0
2026-03-09 09:50:00+09:00,6706,電気興業,6706.T,未分類,intraday_5m,3075.0,-0.004854368932038833,0.0,0.012389534409586596,34.93975903614458,-0.0390625,26807085056.0,20.844631,0.7572015,0.0718,3.13,0.05,20.0
2026-03-09 09:50:00+09:00,6707,サンケン電気,6707.T,未分類,intraday_5m,6850.0,-0.005805515239477477,1.1386861313868613,0.015078931432763893,12.684031710079267,-0.09844695972624373,136936472576.0,102.45289,1.1041226,-0.026730001,,0.02,20.0
2026-03-09 09:50:00+09:00,6718,アイホン,6718.T,未分類,intraday_5m,2788.0,-0.0007168458781362519,0.147239263803681,0.0058527334244529855,26.66666666666667,-0.026196297589940576,45630996480.0,16.421251,0.66742826,0.03861,5.59,0.0,20.0
2026-03-09 09:50:00+09:00,6723,ルネサスエレクトロニクス,6723.T,未分類,intraday_5m,2334.0,-0.0029901751388295983,0.6025036469111511,0.02057345111737765,19.24939467312349,-0.10591840643554873,4222637572096.0,,1.7324051,-0.0207,1.07,0.02,20.0
2026-03-09 09:50:00+09:00,6724,セイコーエプソン,6724.T,未分類,intraday_5m,1948.5,0.0,0.5483962531933012,0.007788129829016893,24.324324324324323,-0.03563474387527843,624353738752.0,12.443324,0.7294177,0.05116,3.66,0.0,20.0
2026-03-09 09:50:00+09:00,6727,ワコム,6727.T,未分類,intraday_5m,762.0,-0.002617801047120394,0.6126526082130966,0.01055147254291148,11.59420289855072,-0.06845965770171147,102527197184.0,17.509192,2.879329,0.20674999,2.93,0.06999999999999999,20.0
2026-03-09 09:50:00+09:00,6728,アルバック,6728.T,未分類,intraday_5m,9017.0,-0.005624172915747683,0.2212855637513172,0.010071591861072308,15.736885928392994,-0.0801795368764664,444026716160.0,26.584705,1.9640503,0.060089998,1.67,0.01,20.0
2026-03-09 09:50:00+09:00,6737,ＥＩＺＯ,6737.T,未分類,intraday_5m,2182.0,0.0,0.13043478260869565,0.005022351442423601,34.21052631578948,-0.01667417755745837,86262849536.0,20.528742,0.6417985,0.03829,4.96,0.0,20.0
2026-03-09 09:50:00+09:00,6740,ジャパンディスプレイ,6740.T,未分類,intraday_5m,46.0,-0.04166666666666663,1.3754515235247073,0.15504312006344795,70.2127659574468,0.7037037037037037,178498093056.0,,-47.179485,-2.82803,,0.01,20.0
2026-03-09 09:50:00+09:00,6741,日本信号,6741.T,未分類,intraday_5m,1689.0,-0.005300353356890497,0.24148606811145512,0.010994154331321327,19.411764705882362,-0.05589714924538847,105344532480.0,12.741401,0.9822886,,2.79,0.04,20.0
2026-03-09 09:50:00+09:00,6742,京三製作所,6742.T,未分類,intraday_5m,662.0,-0.003012048192771122,0.22994011976047904,0.014424697501662104,19.767441860465112,-0.07412587412587412,41418514432.0,8.677415,0.80273855,0.09708,3.22,0.0,20.0
2026-03-09 09:50:00+09:00,6744,能美防災,6744.T,未分類,intraday_5m,4375.0,-0.0022805017103763037,0.5853658536585367,0.008413827718211938,30.26315789473685,-0.034216335540838805,257525760000.0,24.204702,1.9776505,0.087840006,2.21,0.030000000000000006,20.0
2026-03-09 09:50:00+09:00,6745,ホーチキ,6745.T,未分類,intraday_5m,6030.0,-0.004950495049504955,0.36129032258064514,0.016445929526508696,11.538461538461533,-0.09730538922155685,149956411392.0,17.875141,2.330216,0.1389,1.2,0.04,20.0
2026-03-09 09:50:00+09:00,6750,エレコム,6750.T,未分類,intraday_5m,1696.0,0.0011806375442739991,0.3267776096822996,0.00933377340050943,31.8840579710145,-0.029748283752860427,138350804992.0,12.8,1.3255032,0.19886999,2.97,0.04,20.0
2026-03-09 09:50:00+09:00,6752,パナソニック　ホールディングス,6752.T,未分類,intraday_5m,2305.5,-0.004748543060651866,0.7208974794813269,0.012633591611520882,10.98398169336383,-0.07706164931945558,5382593839104.0,16.84199,1.0708429,0.04152,1.6,-0.01,20.0
2026-03-09 09:50:00+09:00,6753,シャープ,6753.T,未分類,intraday_5m,591.7999877929688,-0.0008441668247590739,0.5118483412322274,0.006081372537150346,16.666467204416904,-0.03505625375498578,384255295488.0,6.5551615,1.4892621,,,0.02,20.0
2026-03-09 09:50:00+09:00,6754,アンリツ,6754.T,未分類,intraday_5m,2688.5,-0.0038903297517599578,0.8997877858995521,0.013473642506718486,8.414239482200642,-0.08756151366027487,344108367872.0,32.356483,2.6894171,0.08383001,1.36,0.0,20.0
2026-03-09 09:50:00+09:00,6758,ソニーグループ,6758.T,未分類,intraday_5m,3274.0,-0.0006105006105006083,0.35243440804072573,0.012618013594198266,21.45110410094638,-0.057299164987042905,19523979706368.0,15.84398,2.3936334,0.14917,0.72,0.05,20.0
2026-03-09 09:50:00+09:00,6762,ＴＤＫ,6762.T,未分類,intraday_5m,2031.5,-0.0019651191353475816,0.653141262538653,0.013406121489377028,11.111111111111114,-0.09226988382484358,3855687876608.0,22.358574,1.8415163,0.09519,1.52,0.0,20.0
2026-03-09 09:50:00+09:00,6763,帝国通信工業,6763.T,未分類,intraday_5m,2722.0,0.0014716703458426128,0.0,0.00814294678756883,27.96208530805687,-0.03680113234253357,25144289280.0,14.638344,0.9133177,0.05923,3.54,0.047058823529411764,17.0
2026-03-09 09:50:00+09:00,6768,タムラ製作所,6768.T,未分類,intraday_5m,651.0,-0.003062787136294043,0.3322079675894666,0.014797238251661156,9.523809523809518,-0.100828729281768,51802746880.0,24.705881,0.84721166,0.026500002,2.21,0.0,20.0
2026-03-09 09:50:00+09:00,6770,アルプスアルパイン,6770.T,未分類,intraday_5m,1992.5,-0.0007522567703108773,0.5532637709293861,0.011190692406744057,14.320987654320987,-0.06696324045890889,388766695424.0,8.155955,0.88797957,0.12336001,2.9,0.02,20.0
2026-03-09 09:55:00+09:00,6779,日本電波工業,6779.T,未分類,intraday_5m,1185.0,0.0,0.0,0.016371118747480477,5.464480874316948,-0.12157153446997782,27268591616.0,22.996313,0.8829051,0.029289998,2.22,0.01,20.0
2026-03-09 09:50:00+09:00,6785,鈴木,6785.T,未分類,intraday_5m,2717.0,-0.004761904761904745,0.3243243243243243,0.013820079138602672,19.384615384615387,-0.07174581482746845,39014170624.0,12.393377,1.320545,0.124630004,3.42,0.04,20.0
2026-03-09 09:50:00+09:00,6787,メイコー,6787.T,未分類,intraday_5m,22350.0,-0.00666666666666671,0.5154798761609908,0.01679648792928726,12.813370473537603,-0.10991636798088411,573530308608.0,31.902594,4.4913836,0.1357,0.46,0.0,20.0
2026-03-09 09:40:00+09:00,6788,日本トリム,6788.T,未分類,intraday_5m,4880.0,0.0010256410256410664,0.17142857142857143,0.006915496642929437,44.5945945945946,-0.013144590495449915,36245712896.0,18.241627,1.5614846,0.08671,2.63,0.02,20.0
2026-03-09 09:55:00+09:00,6794,フォスター電機,6794.T,未分類,intraday_5m,2945.0,0.0,0.0,0.008644708423247036,21.674876847290633,-0.03442622950819674,66167693312.0,15.802748,1.0259987,0.07998,2.95,0.06999999999999999,20.0
2026-03-09 09:50:00+09:00,6798,ＳＭＫ,6798.T,未分類,intraday_5m,2940.0,-0.003389830508474523,0.0,0.013999773424825099,18.346253229974153,-0.07692307692307687,18607345664.0,,0.6104571,-0.05842,3.14,0.02,20.0
2026-03-09 09:50:00+09:00,6800,ヨコオ,6800.T,未分類,intraday_5m,2957.0,-0.00571620712844656,0.19591836734693877,0.017145001562408606,17.970401691331915,-0.09709923664122133,68929454080.0,23.09254,1.2396872,0.037520003,1.65,0.06,20.0
2026-03-09 09:50:00+09:00,6804,ホシデン,6804.T,未分類,intraday_5m,2705.0,-0.005514705882352922,0.3050847457627119,0.007646521193636283,10.204081632653072,-0.05121010171869522,133174951936.0,38.571228,0.9093757,0.111049995,1.75,0.04,20.0
2026-03-09 09:50:00+09:00,6806,ヒロセ電機,6806.T,未分類,intraday_5m,20300.0,-0.0012300123001229846,0.11970074812967582,0.010245681041923981,6.818181818181827,-0.06062008329477098,664415961088.0,22.102936,1.7755641,0.08031999,2.27,0.01,20.0
2026-03-09 09:55:00+09:00,6807,日本航空電子工業,6807.T,未分類,intraday_5m,2320.0,-0.00129143349117522,0.0,0.011908293770146445,15.811965811965806,-0.06827309236947787,156394356736.0,19.37046,1.1194161,0.054330003,2.41,0.0,20.0
2026-03-09 09:55:00+09:00,6809,ＴＯＡ,6809.T,未分類,intraday_5m,1694.0,-0.0005899705014749124,0.0,0.009161255681121295,19.565217391304344,-0.04991587212563098,58774994944.0,16.668306,1.0522399,0.07002,5.05,0.030000000000000006,20.0
2026-03-09 09:50:00+09:00,6810,マクセル,6810.T,未分類,intraday_5m,1953.0,-0.0015337423312883347,0.7598944591029023,0.01264402008117215,21.076233183856502,-0.06510292005744378,84224278528.0,20.961683,0.8466982,0.05386,2.39,0.030000000000000006,20.0
2026-03-09 09:55:00+09:00,6814,古野電気,6814.T,未分類,intraday_5m,6280.0,-0.0031746031746031633,0.0,0.012650014656559306,6.756756756756772,-0.09117221418234445,198504267776.0,11.973993,2.420076,0.21597,2.17,0.02,20.0
2026-03-09 09:55:00+09:00,6817,スミダコーポレーション,6817.T,未分類,intraday_5m,1099.0,-0.0009090909090908594,0.0,0.011967951718492971,17.796610169491515,-0.06547619047619047,36333563904.0,10.070559,0.58596736,0.056750003,4.51,0.03333333333333334,18.0
2026-03-09 09:50:00+09:00,6820,アイコム,6820.T,未分類,intraday_5m,3015.0,-0.004950495049504955,0.3185840707964602,0.006001456492755893,26.5625,-0.02584814216478193,43272171520.0,18.554987,0.6246234,0.030569999,1.94,-0.020000000000000004,20.0
2026-03-09 09:55:00+09:00,6823,リオン,6823.T,未分類,intraday_5m,2814.0,-0.000355239786856143,0.0,0.011070281587437189,25.0,-0.051567239635995965,34697515008.0,11.13177,1.0491376,0.093660004,2.86,0.02,20.0
2026-03-09 09:55:00+09:00,6841,横河電機,6841.T,未分類,intraday_5m,5234.0,-0.00038197097020631343,0.0,0.012473186783700605,9.424083769633512,-0.07738410012339147,1332728561664.0,23.717602,2.6375,0.12224,1.37,0.0,20.0
2026-03-09 09:55:00+09:00,6844,新電元工業,6844.T,未分類,intraday_5m,3310.0,0.0,0.0,0.015519669493428664,10.843373493975918,-0.09190672153635115,34163083264.0,31.529814,0.48958486,0.05584,1.78,0.03333333333333334,18.0
2026-03-09 09:55:00+09:00,6845,アズビル,6845.T,未分類,intraday_5m,1367.5,0.0,0.0,0.008044682031825307,23.039215686274517,-0.042366946778711445,693717106688.0,16.369404,2.9386106,0.14881,1.82,0.01,20.0
2026-03-09 09:55:00+09:00,6849,日本光電工業,6849.T,未分類,intraday_5m,1508.5,0.0,0.0,0.008254868478098304,18.04878048780489,-0.04313352362829048,244965654528.0,13.728613,1.4198368,0.07095,2.03,0.01,20.0
2026-03-09 09:50:00+09:00,6850,チノー,6850.T,未分類,intraday_5m,1589.0,0.0006297229219143219,0.4,0.011208640353236118,11.184210526315795,-0.06584362139917699,26787588096.0,14.804808,1.2043554,0.09031,2.5,0.044444444444444446,18.0
2026-03-09 09:55:00+09:00,6856,堀場製作所,6856.T,未分類,intraday_5m,18130.0,0.0005518763796910076,0.0,0.01270459653163682,10.948905109489047,-0.0859591630955382,761389252608.0,20.632988,2.184126,0.11189,1.51,0.04,20.0
2026-03-09 09:55:00+09:00,6857,アドバンテスト,6857.T,未分類,intraday_5m,22810.0,0.0,0.0,0.02117099188495856,13.237221494102215,-0.11279657720731229,16568871288832.0,64.28974,24.56624,0.49263,0.19,0.02,20.0
2026-03-09 09:50:00+09:00,6859,エスペック,6859.T,未分類,intraday_5m,3355.0,-0.002971768202080227,0.17647058823529413,0.011988762538880664,14.285714285714292,-0.06805555555555554,72340135936.0,13.409273,1.2253076,0.095240004,3.19,0.022222222222222223,18.0
2026-03-09 09:55:00+09:00,6861,キーエンス,6861.T,未分類,intraday_5m,57950.0,-0.0008620689655172153,0.0,0.00925081281155359,3.631961259079901,-0.06153846153846154,14054335709184.0,34.37578,4.2136984,,0.89,0.01,20.0
2026-03-09 09:50:00+09:00,6866,日置電機,6866.T,未分類,intraday_5m,7310.0,0.0,0.0,0.009902350127066162,17.85714285714286,-0.04941482444733425,98642927616.0,18.140759,2.251515,,2.6,0.04000000000000001,15.0
2026-03-09 09:55:00+09:00,6869,シスメックス,6869.T,未分類,intraday_5m,1532.5,0.0,0.0,0.0038806775097415093,49.645390070921984,-0.0055158987670343995,955334983680.0,20.470022,1.907459,0.09243,2.34,0.030000000000000006,20.0
2026-03-09 09:55:00+09:00,6871,日本マイクロニクス,6871.T,未分類,intraday_5m,9940.0,-0.0010050251256281673,0.0,0.01968975232939832,14.210526315789465,-0.11801242236024845,385316421632.0,31.956278,5.833532,0.10159001,0.84,0.01,20.0
2026-03-09 09:55:00+09:00,6875,メガチップス,6875.T,未分類,intraday_5m,8350.0,-0.0011961722488038617,0.0,0.0080573091322748,16.417910447761187,-0.051136363636363646,129369800704.0,52.71465,0.6851921,0.075840004,2.84,0.01,20.0
2026-03-09 09:55:00+09:00,6902,デンソー,6902.T,未分類,intraday_5m,1965.0,-0.0002543881963876782,0.0,0.007555967582183393,17.54385964912281,-0.03392330383480824,5284718706688.0,15.456619,1.0000433,0.07893,3.15,0.01,20.0
2026-03-09 09:55:00+09:00,6905,コーセル,6905.T,未分類,intraday_5m,1240.0,-0.0016103059581320522,0.0,0.00957723224682836,18.421052631578945,-0.05415713196033567,51006357504.0,,0.91819,-0.00699,4.2,-0.020000000000000004,20.0
2026-03-09 09:50:00+09:00,6908,イリソ電子工業,6908.T,未分類,intraday_5m,3370.0,-0.001481481481481528,1.3571428571428572,0.011182434318594212,17.1875,-0.06128133704735372,71951196160.0,19.972738,0.950451,0.042480003,3.06,0.02,20.0
2026-03-09 09:55:00+09:00,6914,オプテックスグループ,6914.T,未分類,intraday_5m,2716.0,0.0025839793281654533,0.0,0.014720713651197594,13.597733711048164,-0.08552188552188555,96745709568.0,15.821053,1.7238119,0.124239996,2.19,0.02,20.0
2026-03-09 09:55:00+09:00,6920,レーザーテック,6920.T,未分類,intraday_5m,29925.0,-0.0008347245409014992,0.0,0.017313735223341696,11.454753722794962,-0.10162113479435608,2696620277760.0,31.857473,11.891175,0.42963,0.99,0.01,20.0
2026-03-09 09:55:00+09:00,6923,スタンレー電気,6923.T,未分類,intraday_5m,2866.0,-0.000871535645807886,0.0,0.006735231818579168,17.948717948717942,-0.03890006706908111,352241876992.0,14.051085,0.802022,0.07508,3.42,-0.01,20.0
2026-03-09 09:55:00+09:00,6925,ウシオ電機,6925.T,未分類,intraday_5m,2727.5,-0.002194988110481022,0.0,0.01157785839048968,12.147887323943664,-0.0754237288135593,220474884096.0,54.386837,1.1240999,0.02424,2.37,0.021052631578947368,19.0
2026-03-09 09:55:00+09:00,6929,日本セラミック,6929.T,未分類,intraday_5m,3540.0,0.0,0.0,0.011199865992183741,18.644067796610173,-0.052208835341365445,74762543104.0,10.906738,1.5764464,0.13819,4.42,0.02,20.0
2026-03-09 09:55:00+09:00,6941,山一電機,6941.T,未分類,intraday_5m,7780.0,0.0012870012870012104,0.0,0.02223373797548675,8.024691358024697,-0.145993413830955,143131607040.0,25.044262,3.2499459,0.18048,2.13,0.01,20.0
2026-03-09 09:55:00+09:00,6947,図研,6947.T,未分類,intraday_5m,4460.0,-0.0011198208286674616,0.0,0.006864593719378155,26.5625,-0.035675675675675644,93998227456.0,17.06785,2.397392,0.15471,2.16,0.04,20.0
2026-03-09 09:55:00+09:00,6951,日本電子,6951.T,未分類,intraday_5m,5868.0,-0.0017012589316094395,0.0,0.01170813215149057,9.815078236130873,-0.08355458378884895,300335824896.0,17.03437,2.0017357,0.111949995,1.66,0.01,20.0
2026-03-09 09:55:00+09:00,6952,カシオ計算機,6952.T,未分類,intraday_5m,1356.0,-0.003307607497243681,0.0,0.005726649431044648,23.07692307692308,-0.03038970325348589,309230895104.0,38.479,1.3359066,0.08479,3.22,0.0,20.0
2026-03-09 09:55:00+09:00,6954,ファナック,6954.T,未分類,intraday_5m,5756.0,-0.001387925052047212,0.0,0.01474802720870232,12.256267409470752,-0.0840229153405474,5371265024000.0,34.178493,2.9918923,0.093660004,1.63,0.0,20.0
2026-03-09 09:55:00+09:00,6958,日本シイエムケイ,6958.T,未分類,intraday_5m,534.0,-0.003731343283582045,0.0,0.012829374393741714,8.333333333333329,-0.0871794871794872,38070620160.0,14.153193,0.49470782,0.03056,3.42,0.030000000000000006,20.0
2026-03-09 09:55:00+09:00,6961,エンプラス,6961.T,未分類,intraday_5m,13500.0,-0.0022172949002217113,0.0,0.01792619855027017,9.615384615384613,-0.1329479768786127,119750385664.0,29.391273,2.0070388,0.08602,0.58,0.01,20.0
2026-03-09 09:55:00+09:00,6962,大真空,6962.T,未分類,intraday_5m,607.0,-0.003284072249589487,0.0,0.011310259292636862,14.516129032258064,-0.0718654434250765,19305238528.0,42.56662,0.5052914,0.01051,4.28,0.02,20.0
2026-03-09 09:55:00+09:00,6963,ローム,6963.T,未分類,intraday_5m,3443.0,-0.0008705745792222386,0.0,0.052912887194901406,90.74285714285715,0.06167129201356758,1329119494144.0,,1.4360948,,1.54,0.01,20.0
2026-03-09 09:55:00+09:00,6965,浜松ホトニクス,6965.T,未分類,intraday_5m,1918.0,-0.0013017443374121473,0.20537560303239144,0.014605080488029701,16.123499142367066,-0.09613572101790768,561719934976.0,40.532543,1.7724779,0.04124,1.79,0.02,20.0
2026-03-09 09:55:00+09:00,6966,三井ハイテック,6966.T,未分類,intraday_5m,714.0,0.0,0.0,0.013256644935060211,11.392405063291136,-0.0822622107969152,130483257344.0,13.989028,1.1483365,,2.31,-0.01,20.0
2026-03-09 09:55:00+09:00,6971,京セラ,6971.T,未分類,intraday_5m,2509.5,-0.0011940298507462366,0.0,0.009501967156651381,20.190023752969125,-0.04979174555092769,3356362014720.0,80.53594,1.009743,0.03185,1.89,0.030000000000000006,20.0
2026-03-09 09:55:00+09:00,6976,太陽誘電,6976.T,未分類,intraday_5m,3895.0,-0.003326509723643789,0.21124506561399767,0.014173648031874127,11.564625850340136,-0.09942196531791903,487072071680.0,126.83166,1.436744,0.020130001,2.08,0.0,20.0
2026-03-09 09:55:00+09:00,6981,村田製作所,6981.T,未分類,intraday_5m,3396.0,-0.002643171806167355,0.4772957095391727,0.015520923488723264,8.631578947368425,-0.1022997620935765,6181725667328.0,32.88149,2.3644629,0.07253,1.59,0.02,20.0
2026-03-09 09:55:00+09:00,6986,双葉電子工業,6986.T,未分類,intraday_5m,644.0,-0.0015503875968991832,0.8656716417910447,0.011094398505983228,21.621621621621614,-0.06666666666666665,27315560448.0,97.28097,0.33332247,0.0011,1.45,0.01,20.0
2026-03-09 09:55:00+09:00,6988,日東電工,6988.T,未分類,intraday_5m,3104.0,-0.0022500803600128405,0.0,0.01232555952367612,14.150943396226424,-0.06926536731634181,2091039719424.0,16.953411,1.8947047,0.12399,1.8,0.0,20.0
2026-03-09 09:55:00+09:00,6995,東海理化電機製作所,6995.T,未分類,intraday_5m,2995.0,-0.0033277870216306127,0.1293800539083558,0.01016603530354551,21.59090909090908,-0.04617834394904463,254900682752.0,7.13401,0.740742,0.094,3.18,0.05,20.0
2026-03-09 09:55:00+09:00,6996,ニチコン,6996.T,未分類,intraday_5m,1795.0,-0.002777777777777768,0.0,0.01333821754420925,11.650485436893206,-0.08604887983706722,120550449152.0,35.286022,1.0456126,0.02775,1.83,-0.01,20.0
2026-03-09 09:55:00+09:00,6997,日本ケミコン,6997.T,未分類,intraday_5m,1506.0,-0.0026490066225165476,0.3118279569892473,0.017452691315074917,8.92857142857143,-0.10781990521327012,33626118144.0,270.377,0.5841996,0.023340002,1.18,0.02,20.0
2026-03-09 09:55:00+09:00,6999,ＫＯＡ,6999.T,未分類,intraday_5m,1628.0,-0.003671970624234966,0.06514657980456026,0.01493812646842251,8.695652173913047,-0.1035242290748899,60461940736.0,30.390144,0.71228063,,1.65,0.05,20.0
2026-03-09 09:55:00+09:00,7003,三井Ｅ＆Ｓ,7003.T,未分類,intraday_5m,6081.0,-0.003278151122766748,0.15223424137735744,0.017997591235145834,9.584664536741215,-0.11096491228070171,613145837568.0,25.239855,2.9981022,0.15937,0.73,0.02,20.0
2026-03-09 09:55:00+09:00,7004,カナデビア,7004.T,未分類,intraday_5m,946.0,-0.002109704641350185,0.12013862148633038,0.011501049358353901,19.41747572815534,-0.06243805748265607,159159648256.0,8.980445,0.90097386,0.058080003,2.48,-0.01,20.0
2026-03-09 09:55:00+09:00,7011,三菱重工業,7011.T,未分類,intraday_5m,4422.0,-0.0020311442112389555,0.19658517068739928,0.012177791715656248,18.727915194346295,-0.07120352867044744,14858432020480.0,54.31765,5.6005807,,0.5,0.01,20.0
2026-03-09 09:55:00+09:00,7012,川崎重工業,7012.T,未分類,intraday_5m,15095.0,-0.004287598944591076,0.18441971383147854,0.013600930247658271,22.727272727272734,-0.07619339045287643,2523420164096.0,26.17025,3.1242218,,1.11,0.01,20.0
2026-03-09 09:55:00+09:00,7013,ＩＨＩ,7013.T,未分類,intraday_5m,3595.0,-0.003326864430274412,0.39046892111638404,0.011393690080088704,24.29906542056075,-0.05766710353866322,3811247652864.0,29.447903,6.761217,0.23552,0.52,0.01,20.0
2026-03-09 09:55:00+09:00,7033,マネジメントソリューションズ,7033.T,未分類,intraday_5m,1404.0,-0.000711743772242035,0.1137440758293839,0.006923124420604811,20.792079207920793,-0.04229195088676674,22073403392.0,14.336771,3.7298267,0.31179002,3.41,0.05,20.0
2026-03-09 09:55:00+09:00,7034,プロレド・パートナーズ,7034.T,未分類,intraday_5m,447.0,-0.0044543429844098315,0.0,0.006673697174660523,16.666666666666657,-0.046908315565031944,4886422528.0,23.713528,0.7084106,0.40367,,0.03157894736842106,19.0
2026-03-09 09:50:00+09:00,7038,フロンティア・マネジメント,7038.T,未分類,intraday_5m,538.0,-0.0018552875695733162,0.0,0.0073228605675819194,27.027027027027017,-0.03063063063063065,6333432832.0,,3.626461,-0.11184,,0.05,16.0
2026-03-09 09:55:00+09:00,7059,コプロ・ホールディングス,7059.T,未分類,intraday_5m,930.0,-0.0010741138560687036,0.0,0.006559999258488267,21.66666666666667,-0.03526970954356845,35574767616.0,18.20317,4.096862,0.23986,5.19,0.04,20.0
2026-03-09 09:55:00+09:00,7071,アンビスホールディングス,7071.T,未分類,intraday_5m,481.0,0.0,0.011843079200592153,0.0075193554942389355,25.000000000000014,-0.038000000000000034,46913777664.0,12.826667,1.2736492,0.09616,0.8,0.030000000000000006,20.0
2026-03-09 09:55:00+09:00,7085,カーブスホールディングス,7085.T,未分類,intraday_5m,807.0,-0.0012376237623762387,0.0,0.008071382400842719,33.33333333333333,-0.026537997587454787,74293452800.0,17.25834,3.5645978,0.22358,2.41,0.030000000000000006,20.0
2026-03-09 09:30:00+09:00,7088,フォーラムエンジニアリング,7088.T,未分類,intraday_5m,1698.0,0.0005892751915144157,0.0,0.0007506544457827018,46.666666666666664,0.0,89468534784.0,28.408901,6.4830937,0.21826,3.12,0.025,16.0
2026-03-09 09:40:00+09:00,7092,Ｆａｓｔ　Ｆｉｔｎｅｓｓ　Ｊａｐａｎ,7092.T,未分類,intraday_5m,2302.0,-0.0004342162396873128,0.0,0.0003283079215217632,,0.0,43173117952.0,18.656294,2.87147,0.17665,1.95,0.04,20.0
2026-03-09 09:55:00+09:00,7095,Ｍａｃｂｅｅ　Ｐｌａｎｅｔ,7095.T,未分類,intraday_5m,1359.0,-0.0014695077149154967,0.0,0.007365608030978347,25.51020408163265,-0.03889674681753885,18935408640.0,6.75884,1.4398459,0.2743,3.89,0.030000000000000006,20.0
2026-03-09 09:50:00+09:00,7102,日本車輌製造,7102.T,未分類,intraday_5m,3630.0,-0.005479452054794498,0.7297297297297298,0.01233034989594393,15.78947368421052,-0.06443298969072164,52379406336.0,5.6598477,0.71377254,0.16147,1.03,0.05,20.0
2026-03-09 09:55:00+09:00,7128,ユニソルホールディングス,7128.T,未分類,intraday_5m,2202.0,-0.0013605442176870541,0.0,0.006033950447680389,27.272727272727266,-0.02652519893899208,52950605824.0,27.576706,0.7284273,0.027409999,4.47,0.025,16.0
2026-03-09 09:55:00+09:00,7130,ヤマエグループホールディングス,7130.T,未分類,intraday_5m,2748.0,-0.002902757619738794,0.21556886227544908,0.008304802758368382,22.27272727272728,-0.0428422152560084,76191588352.0,9.970249,0.7865373,0.10443,2.44,0.030000000000000006,20.0
2026-03-09 09:55:00+09:00,7148,ＦＰＧ,7148.T,未分類,intraday_5m,1969.0,-0.0030379746835442756,0.19123505976095617,0.005674340872070295,36.23188405797102,-0.022828784119106715,164870914048.0,9.106887,2.9495122,0.31698,6.22,0.02,20.0
2026-03-09 09:55:00+09:00,7157,ライフネット生命保険,7157.T,未分類,intraday_5m,2160.0,-0.0032302722658053007,0.271047227926078,0.006949095176199423,34.69387755102041,-0.018627896410722378,173535084544.0,23.705004,1.7819502,0.075890005,,0.030000000000000006,20.0
2026-03-09 09:55:00+09:00,7164,全国保証,7164.T,未分類,intraday_5m,3090.0,-0.0009699321047527132,0.12598425196850394,0.004845724082615712,33.33333333333333,-0.01717557251908397,410532642816.0,13.210209,1.7770743,0.13933,3.66,0.02,20.0
2026-03-09 09:55:00+09:00,7167,めぶきフィナンシャルグループ,7167.T,未分類,intraday_5m,1154.5,-0.0025917926565874883,0.0695194206714944,0.015678311808158894,12.36363636363636,-0.08044603743528478,1083559444480.0,15.908778,1.0251852,0.07261,2.55,0.05,20.0
2026-03-09 09:55:00+09:00,7172,ジャパンインベストメントアドバイザー,7172.T,未分類,intraday_5m,1894.0,-0.00263296471827279,0.31353919239904987,0.008877154664307215,17.721518987341767,-0.05110220440881763,114679300096.0,10.88193,1.5603606,0.14528,5.41,0.030000000000000006,20.0
2026-03-09 09:55:00+09:00,7173,東京きらぼしフィナンシャルグループ,7173.T,未分類,intraday_5m,10590.0,-0.0018850141376060003,0.045368620037807186,0.01197438318686097,23.448275862068968,-0.06613756613756616,320782827520.0,11.761439,0.79036385,0.09907,1.5,0.04000000000000001,15.0
2026-03-09 09:55:00+09:00,7180,九州フィナンシャルグループ,7180.T,未分類,intraday_5m,1135.5,-0.0026350461133070047,0.16339869281045752,0.015368278147820243,14.946619217081846,-0.07795371498172965,484933173248.0,13.441051,0.64003634,0.05503,2.11,0.04,20.0
2026-03-09 09:55:00+09:00,7181,かんぽ生命保険,7181.T,未分類,intraday_5m,4500.0,-0.0013315579227696217,0.11079887595343237,0.009397091462882035,14.42006269592477,-0.050432580713230646,1635035643904.0,10.95237,0.39759472,0.04137,2.62,0.030000000000000006,20.0
2026-03-09 09:55:00+09:00,7182,ゆうちょ銀行,7182.T,未分類,intraday_5m,2638.5,-0.0030228603816361277,0.14340442563897307,0.012189065629252125,13.346613545816737,-0.06519043401240032,9405790683136.0,21.943613,1.0063013,0.05311,2.48,0.05,20.0
2026-03-09 09:55:00+09:00,7184,富山第一銀行,7184.T,未分類,intraday_5m,2226.0,-0.004026845637583931,0.03598200899550225,0.015746870775047495,17.793594306049826,-0.07243963363863448,139906056192.0,13.873481,0.72391444,0.05836,4.16,0.06,20.0
2026-03-09 09:55:00+09:00,7186,横浜フィナンシャルグループ,7186.T,未分類,intraday_5m,1425.5,-0.0024492652204338716,0.10497647932656598,0.015254670488634534,15.454545454545453,-0.07704758821625124,1599379210240.0,17.413877,1.1571743,,2.4,0.04,20.0
2026-03-09 09:55:00+09:00,7187,ジェイリース,7187.T,未分類,intraday_5m,1303.0,-0.0022970903522204766,0.0,0.00916456271258081,27.58620689655173,-0.041911764705882315,23365103616.0,9.959489,3.4219503,0.39005002,3.68,0.05,20.0
2026-03-09 09:55:00+09:00,7189,西日本フィナンシャルホールディングス,7189.T,未分類,intraday_5m,3795.0,-0.0036755053819900185,0.12129963898916968,0.014614003783023724,9.069212410501194,-0.07910701286095612,528581558272.0,14.781491,0.8877318,0.07019,2.67,0.02,20.0
2026-03-09 09:55:00+09:00,7198,ＳＢＩアルヒ,7198.T,未分類,intraday_5m,844.0,-0.0011834319526626835,0.03767660910518054,0.009234561073845798,28.378378378378386,-0.034324942791762014,37485592576.0,20.67614,0.89292616,0.04859,4.58,0.04,20.0
2026-03-09 09:55:00+09:00,7199,プレミアグループ,7199.T,未分類,intraday_5m,1825.0,-0.001641137855579844,0.21227887617065558,0.007180556949269706,30.935251798561154,-0.030286928799149848,71252688896.0,15.590296,3.0301673,0.21893999,2.87,0.01,20.0
2026-03-09 09:55:00+09:00,7201,日産自動車,7201.T,未分類,intraday_5m,364.70001220703125,-0.0021887490915697416,1.0536836093660766,0.007722257955057073,12.456771155074733,-0.055181315525825725,1274896056320.0,,0.2604206,-0.15938,,0.0,20.0
2026-03-09 09:55:00+09:00,7202,いすゞ自動車,7202.T,未分類,intraday_5m,2468.0,-0.0010119409026513315,0.07020585048754062,0.009886898475605473,16.551724137931032,-0.05729564553093969,1696103792640.0,13.390484,1.1665324,0.10573,3.51,0.02,20.0
2026-03-09 09:55:00+09:00,7203,トヨタ自動車,7203.T,未分類,intraday_5m,3342.0,-0.0005980861244019309,0.06507687251214257,0.011788553959231845,18.9710610932476,-0.049217638691322896,43557574410240.0,11.767191,1.1175864,0.10032,2.7,0.0,20.0
2026-03-09 09:55:00+09:00,7205,日野自動車,7205.T,未分類,intraday_5m,398.0,-0.0025062656641604564,0.0,0.00841017157001529,25.000000000000014,-0.03864734299516903,228469751808.0,9.380156,1.0614947,0.35362998,,0.030000000000000006,20.0
2026-03-09 09:55:00+09:00,7211,三菱自動車工業,7211.T,未分類,intraday_5m,362.0,-0.0011037359360404064,0.08475401850949829,0.010978867206416618,19.73684606789962,-0.04961930742802989,484483760128.0,141.96078,0.54321814,0.010620001,2.63,0.02,20.0
2026-03-09 09:55:00+09:00,7220,武蔵精密工業,7220.T,未分類,intraday_5m,2569.0,0.002732240437158362,0.07891852393131166,0.011202018181970894,8.510638297872333,-0.0941466854724965,168381087744.0,18.411812,1.418692,0.02394,1.41,0.0,20.0
2026-03-09 09:55:00+09:00,7224,新明和工業,7224.T,未分類,intraday_5m,2334.0,-0.002564102564102555,0.033287101248266296,0.011880537113807122,13.877551020408177,-0.07674050632911389,154379845632.0,17.996761,1.315086,0.092159994,2.14,0.030000000000000006,20.0
2026-03-09 09:55:00+09:00,7226,極東開発工業,7226.T,未分類,intraday_5m,3025.0,-0.0016501650165016146,0.06870229007633587,0.00997327183126577,14.583333333333329,-0.05616224648985957,116291682304.0,91.6389,1.0589497,0.02352,4.37,0.042105263157894736,19.0
2026-03-09 09:55:00+09:00,7231,トピー工業,7231.T,未分類,intraday_5m,3190.0,-0.0015649452269170805,1.1625,0.012618675754665862,19.117647058823522,-0.06038291605301915,70353035264.0,11.347872,0.49429768,0.07455,3.83,0.044444444444444446,18.0
2026-03-09 09:55:00+09:00,7236,ティラド,7236.T,未分類,intraday_5m,8920.0,-0.008888888888888835,1.11864406779661,0.012844046870708578,13.00813008130082,-0.08512820512820518,50973134848.0,7.3542747,1.0485595,0.21312,3.28,0.030000000000000006,20.0
2026-03-09 09:55:00+09:00,7238,曙ブレーキ工業,7238.T,未分類,intraday_5m,125.0,0.008064516129032251,0.3925369517809547,0.01043688719388837,20.0,-0.07407407407407407,33928796160.0,,0.7020106,0.00459,,0.04,20.0
2026-03-09 09:55:00+09:00,7239,タチエス,7239.T,未分類,intraday_5m,2101.0,-0.0019002375296912621,0.11538461538461539,0.008659784411383707,23.121387283237,-0.04500000000000004,72100708352.0,5.715141,0.73845667,0.11885,4.72,0.06,20.0
2026-03-09 09:55:00+09:00,7240,ＮＯＫ,7240.T,未分類,intraday_5m,2943.5,-0.0032170673890958845,1.0639386189258313,0.00796765277411004,8.584686774942,-0.05505617977528088,481535983616.0,16.015562,0.77285904,,4.17,0.02,20.0
2026-03-09 09:55:00+09:00,7241,フタバ産業,7241.T,未分類,intraday_5m,1005.0,-0.003964321110009883,0.1889763779527559,0.012546203647409932,22.689075630252105,-0.06074766355140182,89536397312.0,8.167412,0.68495864,0.11553001,3.74,0.044444444444444446,18.0
2026-03-09 09:55:00+09:00,7242,カヤバ,7242.T,未分類,intraday_5m,4405.0,-0.004519774011299438,0.11214953271028037,0.011148196903788805,13.58024691358024,-0.058760683760683774,186903117824.0,7.96305,0.8207418,0.13303,3.21,0.04,20.0
2026-03-09 09:55:00+09:00,7244,市光工業,7244.T,未分類,intraday_5m,483.0,-0.004123711340206171,0.07684729064039408,0.013607131916215159,13.559322033898297,-0.08695652173913049,46488551424.0,7.4895334,0.587672,0.08394,3.4,0.03529411764705883,17.0
2026-03-09 09:55:00+09:00,7245,大同メタル工業,7245.T,未分類,intraday_5m,985.0,-0.005050505050505083,0.5397196261682243,0.01597539658311235,9.154929577464785,-0.10209662716499546,46162452480.0,11.956786,0.6059014,0.05768,2.92,0.04,20.0
2026-03-09 09:55:00+09:00,7246,プレス工業,7246.T,未分類,intraday_5m,841.0,-0.0023724792408066353,0.1635926222935044,0.014108771181480675,15.217391304347828,-0.06866002214839428,83483320320.0,13.798195,0.7135536,0.07199,4.21,0.030000000000000006,20.0
2026-03-09 09:50:00+09:00,7250,太平洋工業,7250.T,未分類,intraday_5m,3015.0,0.0,0.0,0.0008285011962041584,50.0,0.0,172490522624.0,13.157895,0.9264617,0.08808,2.12,0.04,20.0
2026-03-09 09:55:00+09:00,7259,アイシン,7259.T,未分類,intraday_5m,2366.5,-0.002318718381112972,0.3484013230429989,0.008971556308630857,13.150684931506845,-0.054723387257838985,1714702778368.0,10.717359,0.8076334,0.08387,2.8,0.030000000000000006,20.0
2026-03-09 09:55:00+09:00,7261,マツダ,7261.T,未分類,intraday_5m,1118.5,-0.002230151650312262,0.2417922318943043,0.01275243787778537,16.942148760330582,-0.06908031627132749,705527611392.0,21.107756,0.38923004,0.00521,4.58,0.02,20.0
2026-03-09 09:55:00+09:00,7267,本田技研工業,7267.T,未分類,intraday_5m,1431.5,-0.0010467550593161734,0.08532679700778115,0.0061019047880128425,31.08108108108108,-0.02086183310533518,5572187389952.0,11.47863,0.44700292,0.042969998,4.79,0.01,20.0
2026-03-09 09:55:00+09:00,7269,スズキ,7269.T,未分類,intraday_5m,2029.0,-0.0017220172201721784,0.2545543464971268,0.008071985442416588,17.037037037037038,-0.0440518256772674,3914498048000.0,9.999507,1.1850307,0.13446,2.17,0.0,20.0
2026-03-09 09:55:00+09:00,7270,ＳＵＢＡＲＵ,7270.T,未分類,intraday_5m,2633.0,0.00018993352326690527,0.2159499905285092,0.007211587181722124,22.63513513513513,-0.0337614678899083,1883723530240.0,7.259443,0.68528014,0.037639998,4.22,-0.01,20.0
2026-03-09 09:55:00+09:00,7272,ヤマハ発動機,7272.T,未分類,intraday_5m,1111.0,-0.0022451728783116076,0.20928088506453596,0.007089736237990739,22.535211267605646,-0.03138622493461207,1077197996032.0,6.9186697,0.95202756,0.02882,4.36,0.01,20.0
2026-03-09 09:55:00+09:00,7276,小糸製作所,7276.T,未分類,intraday_5m,2494.0,-0.0010014019627478943,0.7836734693877552,0.00886012859463683,14.97175141242937,-0.04352828379674012,666682064896.0,15.477225,1.0565106,0.06459,2.15,0.04,20.0
2026-03-09 09:55:00+09:00,7278,エクセディ,7278.T,未分類,intraday_5m,5720.0,-0.0017452006980802626,0.14354066985645933,0.006604501158440521,22.85714285714286,-0.032148900169204686,209058267136.0,17.12985,1.1075252,0.07421,5.08,0.08,20.0
2026-03-09 09:55:00+09:00,7280,ミツバ,7280.T,未分類,intraday_5m,1230.0,-0.0016233766233766378,0.3952702702702703,0.012325267204966139,14.788732394366207,-0.07239819004524883,56559955968.0,6.11484,0.51097625,0.06565,1.51,0.04,20.0
2026-03-09 09:55:00+09:00,7282,豊田合成,7282.T,未分類,intraday_5m,4325.0,-0.003915246430216457,0.11063306699446834,0.01118923816747132,8.624708624708632,-0.07743174061433444,528349757440.0,11.996893,0.9299637,0.088999994,2.35,0.02,20.0
2026-03-09 09:55:00+09:00,7283,愛三工業,7283.T,未分類,intraday_5m,1919.0,-0.0025987525987526405,0.5208333333333334,0.014281627844350607,20.25316455696202,-0.07428847081524359,109436264448.0,8.935556,0.79241854,0.097449996,3.71,0.030000000000000006,20.0
2026-03-09 09:55:00+09:00,7294,ヨロズ,7294.T,未分類,intraday_5m,977.0,-0.003061224489795955,0.5,0.007097729914836564,18.75,-0.03648915187376722,20121878528.0,,0.39721033,-0.1275,3.06,0.05263157894736842,19.0
2026-03-09 09:55:00+09:00,7296,エフ・シー・シー,7296.T,未分類,intraday_5m,3470.0,0.0,0.22813688212927757,0.008366447639604705,22.448979591836732,-0.03878116343490301,168070758400.0,9.838389,0.85206425,0.07627,3.71,0.030000000000000006,20.0
2026-03-09 09:55:00+09:00,7309,シマノ,7309.T,未分類,intraday_5m,16195.0,-0.000617093489663656,0.10305343511450381,0.003207383596303816,41.40624999999999,-0.004915514592933934,1400308498432.0,41.6356,1.6127847,0.03897,2.23,0.02,20.0
2026-03-09 09:55:00+09:00,7313,テイ・エス　テック,7313.T,未分類,intraday_5m,1834.0,-0.0019047619047618536,1.0361726954492414,0.006201451361380485,20.942408376963357,-0.029629629629629672,214918578176.0,40.62431,0.6960468,0.024619998,4.76,0.023529411764705882,17.0
2026-03-09 09:55:00+09:00,7322,三十三フィナンシャルグループ,7322.T,未分類,intraday_5m,5660.0,-0.007017543859649145,0.7169811320754716,0.015368334258641229,20.731707317073173,-0.07817589576547235,147257065472.0,15.597873,0.64410394,0.05336,2.08,0.02,20.0
2026-03-09 09:55:00+09:00,7327,第四北越フィナンシャルグループ,7327.T,未分類,intraday_5m,1882.0,-0.006335797254487852,0.5603112840466926,0.013993730001791608,8.65384615384616,-0.0810546875,493484113920.0,13.14613,0.9026565,0.08083,2.64,0.04,20.0
2026-03-09 09:55:00+09:00,7337,ひろぎんホールディングス,7337.T,未分類,intraday_5m,1732.5,-0.0031645569620253333,0.6399583766909469,0.014245699240200397,21.25,-0.06351351351351353,517262901248.0,13.791594,0.9243969,0.07316,3.35,0.06999999999999999,20.0
2026-03-09 09:55:00+09:00,7347,マーキュリアホールディングス,7347.T,未分類,intraday_5m,790.0,0.0,0.0,0.009261208571934632,46.47887323943662,-0.01741293532338306,15285017600.0,223.16385,0.849923,0.09349,2.74,0.022222222222222223,18.0
2026-03-09 09:55:00+09:00,7350,おきなわフィナンシャルグループ,7350.T,未分類,intraday_5m,5130.0,-0.005813953488372103,0.38532110091743116,0.014324771662820226,14.754098360655746,-0.07733812949640284,109498908672.0,11.723838,0.6777321,0.06765,2.52,0.05,20.0
2026-03-09 09:55:00+09:00,7366,ＬＩＴＡＬＩＣＯ,7366.T,未分類,intraday_5m,1306.0,-0.003053435114503844,0.03669724770642202,0.0077415699875017716,26.73267326732673,-0.037582903463522443,45778608128.0,16.093653,3.3407516,0.22233999,0.81,0.01,20.0
2026-03-09 09:55:00+09:00,7380,十六フィナンシャルグループ,7380.T,未分類,intraday_5m,8750.0,-0.004550625711035261,0.6191646191646192,0.015053922958505762,14.285714285714292,-0.07797681770284515,309937602560.0,14.361685,0.6658656,0.05246,2.11,0.04,20.0
2026-03-09 09:55:00+09:00,7381,ＣＣＩグループ,7381.T,未分類,intraday_5m,932.0,-0.0032085561497325887,0.3091603053435114,0.016577062774294205,14.960629921259851,-0.08716944172380015,207378006016.0,19.974281,0.8246503,0.058379997,2.35,0.04,20.0
2026-03-09 09:55:00+09:00,7383,ネットプロテクションズホールディングス,7383.T,未分類,intraday_5m,476.0,-0.002096436058700246,0.13282001924927814,0.015850568894730327,8.955223880597018,-0.10018903591682415,47328681984.0,25.785484,2.2682328,0.09624,,0.03157894736842106,19.0
2026-03-09 09:55:00+09:00,7384,プロクレアホールディングス,7384.T,未分類,intraday_5m,2860.0,-0.0055632823365785455,0.15047021943573666,0.012670631332675196,18.944099378881987,-0.05766062602965405,80943431680.0,109.578545,0.48837662,0.00033,1.65,0.02,20.0
2026-03-09 09:55:00+09:00,7388,ＦＰパートナー,7388.T,未分類,intraday_5m,2310.0,0.0,0.2201834862385321,0.0041620932609118125,26.4957264957265,-0.04347826086956519,52980994048.0,18.219103,4.5411386,0.17267,3.89,0.037500000000000006,16.0
2026-03-09 09:55:00+09:00,7389,あいちフィナンシャルグループ,7389.T,未分類,intraday_5m,5590.0,-0.007104795737122527,0.33133253301320525,0.014632273554783814,18.181818181818187,-0.06833333333333336,272413622272.0,22.891073,0.6461271,0.0434,2.0,0.04,20.0
2026-03-09 09:55:00+09:00,7414,小野建,7414.T,未分類,intraday_5m,1398.0,0.0014326647564470996,0.09022556390977444,0.007055270532598484,25.0,-0.029166666666666674,34156640256.0,14.867596,0.35526282,0.0369,4.86,0.022222222222222223,18.0
2026-03-09 09:55:00+09:00,7419,ノジマ,7419.T,未分類,intraday_5m,1083.0,-0.002762430939226568,0.21855435401252135,0.00537046489291106,23.214285714285722,-0.027827648114901238,313351929856.0,8.8865185,1.3283079,0.17813,1.41,0.06999999999999999,20.0
2026-03-09 09:55:00+09:00,7420,佐鳥電機,7420.T,未分類,intraday_5m,1840.0,-0.0043290043290042934,0.30000000000000004,0.005035157494508261,18.269230769230774,-0.032088374539715914,26451220480.0,12.4568405,0.7493263,0.08723,4.73,0.03529411764705883,17.0
2026-03-09 09:55:00+09:00,7421,カッパ・クリエイト,7421.T,未分類,intraday_5m,1569.0,-0.0012730744748568057,0.08633093525179857,0.0017471710493600031,47.22222222222222,-0.0006369426751592355,77433880576.0,59.839817,7.0638447,0.06039,0.32,0.04,20.0
2026-03-09 09:55:00+09:00,7433,伯東,7433.T,未分類,intraday_5m,4095.0,-0.0012195121951219523,0.12244897959183673,0.0059418541069747475,25.490196078431367,-0.03076923076923077,77096902656.0,16.885204,1.1378607,0.07597,4.73,0.04000000000000001,15.0
2026-03-09 09:55:00+09:00,7438,コンドーテック,7438.T,未分類,intraday_5m,1457.0,-0.002054794520547909,0.12903225806451613,0.005568156691650472,27.027027027027017,-0.02149093351242448,37319159808.0,11.6216,0.9899537,0.08569,3.49,0.04,20.0
2026-03-09 09:45:00+09:00,7447,ナガイレーベン,7447.T,未分類,intraday_5m,1705.0,0.0035314891112419033,0.17391304347826086,0.005477592063904099,36.95652173913044,-0.01273885350318471,51097952256.0,20.48294,1.3493291,0.06271,3.47,0.0,20.0
2026-03-09 09:55:00+09:00,7453,良品計画,7453.T,未分類,intraday_5m,3512.0,-0.0014216661927779484,0.19310570168273158,0.008198662119817466,37.5,-0.020362622036262157,1863645003776.0,36.690346,5.077375,0.16833,0.78,0.01,20.0
2026-03-09 09:55:00+09:00,7456,松田産業,7456.T,未分類,intraday_5m,7060.0,-0.012587412587412583,0.7459459459459459,0.015327020659971113,10.576923076923066,-0.10632911392405064,182443933696.0,16.73541,1.7422738,0.12477,1.27,0.06,20.0
2026-03-09 09:55:00+09:00,7458,第一興商,7458.T,未分類,intraday_5m,1661.0,-0.0012026458208057589,0.16216216216216217,0.005873452883383875,33.33333333333333,-0.0165778567199526,171709022208.0,11.806098,1.4486295,0.1234,3.37,0.0,20.0
2026-03-09 09:55:00+09:00,7459,メディパルホールディングス,7459.T,未分類,intraday_5m,2855.0,-0.0010496850944716751,0.3702359346642468,0.006103179840778397,23.875432525951567,-0.027919645897173995,584414724096.0,14.552219,0.911433,0.06734,2.18,0.02,20.0
2026-03-09 09:50:00+09:00,7466,ＳＰＫ,7466.T,未分類,intraday_5m,2521.0,-0.003951007506914239,0.0,0.004877624587065007,24.503311258278146,-0.030384615384615343,25453680640.0,9.667152,0.9020201,0.10411,3.08,0.05,20.0
2026-03-09 09:55:00+09:00,7467,萩原電気ホールディングス,7467.T,未分類,intraday_5m,3590.0,-0.004160887656033285,0.0,0.006379443349537998,19.148936170212764,-0.038821954484605126,35787710464.0,13.424074,0.7001547,0.046729997,5.09,0.03157894736842106,19.0
2026-03-09 09:55:00+09:00,7475,アルビス,7475.T,未分類,intraday_5m,2650.0,0.0,0.0,0.0029062032343394532,17.391304347826093,-0.013035381750465591,22141569024.0,14.976828,0.6815516,0.0419,2.61,0.011111111111111112,18.0
2026-03-09 09:55:00+09:00,7476,アズワン,7476.T,未分類,intraday_5m,2323.0,-0.0012897678417884695,0.03084832904884319,0.004861376355695311,36.03238866396761,-0.015051939792240843,165551177728.0,19.087921,2.420127,0.13489,2.67,0.04,20.0
2026-03-09 09:55:00+09:00,7482,シモジマ,7482.T,未分類,intraday_5m,1395.0,-0.0035714285714285587,0.0,0.005208777199013839,35.526315789473685,-0.013437057991513401,32629938176.0,14.053999,0.89822847,0.0699,3.82,0.058823529411764705,17.0
2026-03-09 09:50:00+09:00,7483,ドウシシャ,7483.T,未分類,intraday_5m,3455.0,0.0,0.23529411764705882,0.008791505599661721,22.64150943396227,-0.040277777777777746,122535124992.0,15.579906,1.3204063,0.0938,2.78,0.05555555555555555,18.0
2026-03-09 09:55:00+09:00,7504,高速,7504.T,未分類,intraday_5m,3175.0,-0.0031397174254317317,0.09677419354838711,0.00645634443075969,30.232558139534888,-0.027565084226646275,62084603904.0,17.120518,1.4796444,0.09244,1.72,0.05555555555555555,18.0
2026-03-09 09:55:00+09:00,7508,Ｇ‐７ホールディングス,7508.T,未分類,intraday_5m,1378.0,0.000726216412490821,0.05357142857142857,0.010412426940120928,31.451612903225808,-0.030260380014074606,60244242432.0,11.725664,1.7246623,0.15786,2.81,0.06999999999999999,20.0
2026-03-09 09:55:00+09:00,7510,たけびし,7510.T,未分類,intraday_5m,2438.0,-0.002046663937781412,0.0,0.010989342292379255,19.911504424778755,-0.05283605283605286,39073800192.0,14.011495,0.9133662,0.068959996,3.03,0.06,20.0
2026-03-09 09:55:00+09:00,7513,コジマ,7513.T,未分類,intraday_5m,1274.0,-0.003909304143862369,0.0975609756097561,0.008823087239331007,35.96491228070175,-0.023754789272030674,98605572096.0,20.9505,1.4192219,0.07609,1.69,0.05,20.0
2026-03-09 09:55:00+09:00,7516,コーナン商事,7516.T,未分類,intraday_5m,4095.0,-0.0012195121951219523,0.0,0.00788559476814043,31.578947368421055,-0.021505376344086002,115683835904.0,8.523437,0.67226774,0.08012,3.11,-0.01,20.0
2026-03-09 09:55:00+09:00,7520,エコス,7520.T,未分類,intraday_5m,2689.0,-0.0022263450834879572,0.0,0.00852668148062362,32.87037037037037,-0.024664490388103033,30210920448.0,6.7779093,1.02247,0.16319,2.54,0.01,20.0
2026-03-09 09:50:00+09:00,7522,ワタミ,7522.T,未分類,intraday_5m,946.0,0.0,0.542713567839196,0.006935067150430124,34.54545454545455,-0.015608740894901163,37939290112.0,11.486158,1.3076034,0.13462,1.04,0.05,20.0
2026-03-09 09:55:00+09:00,7525,リックス,7525.T,未分類,intraday_5m,3550.0,-0.002808988764044895,0.0,0.008411380598958077,22.222222222222214,-0.04183535762483126,28776089600.0,9.898505,1.054393,0.11415,4.43,0.05263157894736842,19.0
2026-03-09 09:55:00+09:00,7532,パン・パシフィック・インターナショナルホールディングス,7532.T,未分類,intraday_5m,1046.0,0.000956937799043045,0.30482560917343526,0.011006778491396522,43.00000000000001,-0.01180916391119513,3125984886784.0,31.270552,4.750939,0.15955,0.8,0.01,20.0
2026-03-09 09:55:00+09:00,7537,丸文,7537.T,未分類,intraday_5m,1123.0,-0.004432624113475225,0.2230483271375465,0.00967872868285176,22.60869565217392,-0.05071851225697377,29471047680.0,9.408512,0.5473921,0.05764,4.23,0.02,20.0
2026-03-09 09:55:00+09:00,7545,西松屋チェーン,7545.T,未分類,intraday_5m,2110.0,0.004761904761904745,6.174273858921162,0.005310392672911768,39.81481481481481,-0.007058823529411784,126309916672.0,15.136299,1.2987229,0.0861,1.51,0.030000000000000006,20.0
2026-03-09 09:55:00+09:00,7550,ゼンショーホールディングス,7550.T,未分類,intraday_5m,9588.0,-0.0023930912496098466,0.3861003861003861,0.005186265443789288,29.73451327433628,-0.0247177296307598,1500165963776.0,41.677895,4.6172028,0.14186,0.71,0.01,20.0
2026-03-09 09:55:00+09:00,7552,ハピネット,7552.T,未分類,intraday_5m,2985.0,-0.0010040160642570406,0.38928067700987307,0.010221171133961602,18.045112781954884,-0.05835962145110407,131085770752.0,14.6899605,2.138721,0.19048999,2.92,0.02,20.0
2026-03-09 09:55:00+09:00,7554,幸楽苑,7554.T,未分類,intraday_5m,1170.0,-0.0017064846416382506,0.39344262295081966,0.005559750884421058,34.24657534246576,-0.02010050251256279,22357997568.0,25.319195,3.2534432,0.46769002,1.68,0.03333333333333334,18.0
2026-03-09 09:55:00+09:00,7575,日本ライフライン,7575.T,未分類,intraday_5m,1447.0,-0.002068965517241339,0.1708185053380783,0.007659250046124094,27.450980392156865,-0.0334001336005344,101516091392.0,10.518281,1.6064551,0.15016,3.61,0.01,20.0
2026-03-09 09:55:00+09:00,7581,サイゼリヤ,7581.T,未分類,intraday_5m,6500.0,-0.0030674846625766694,0.1512605042016807,0.008854139462118637,26.66666666666667,-0.038461538461538436,319461949440.0,28.70264,2.641997,0.1008,0.44,0.030000000000000006,20.0
2026-03-09 09:55:00+09:00,7593,ＶＴホールディングス,7593.T,未分類,intraday_5m,522.0,-0.005714285714285672,0.34098360655737703,0.008514336936558325,28.57142857142857,-0.03512014787430684,60685197312.0,10.938809,0.8368523,0.08479,4.44,0.04,20.0
2026-03-09 09:55:00+09:00,7595,アルゴグラフィックス,7595.T,未分類,intraday_5m,1497.0,-0.004654255319148981,0.4880083420229405,0.007780717000166264,22.222222222222214,-0.038535645472061675,102859612160.0,16.296537,2.2320464,0.34893,2.57,0.0,20.0
2026-03-09 09:55:00+09:00,7596,魚力,7596.T,未分類,intraday_5m,2286.0,0.0,0.0,0.0022109062619562166,30.0,-0.00910273081924573,31906756608.0,23.537891,1.7291772,0.07954,2.25,-3.0839528461809902e-18,18.0
2026-03-09 09:55:00+09:00,7599,ＩＤＯＭ,7599.T,未分類,intraday_5m,1283.0,-0.0038819875776398005,0.27620783956244305,0.009783030738444195,15.740740740740748,-0.04962962962962958,128822476800.0,10.6191025,1.5147204,0.15835,2.77,0.0,20.0
2026-03-09 09:55:00+09:00,7600,日本エム・ディ・エム,7600.T,未分類,intraday_5m,625.0,-0.0015974440894568342,0.38190954773869346,0.009095806504155488,4.225352112676063,-0.08491947291361635,16470960128.0,,0.6556029,-0.041139998,2.49,-0.010000000000000004,20.0
2026-03-09 09:55:00+09:00,7606,ユナイテッドアローズ,7606.T,未分類,intraday_5m,2585.0,-0.002700617283950657,0.21011673151750973,0.0052067862450027,27.737226277372258,-0.022314674735249618,71398547456.0,20.325523,1.6734262,0.1456,3.1,0.06,20.0
2026-03-09 09:55:00+09:00,7607,進和,7607.T,未分類,intraday_5m,3055.0,-0.0032626427406199365,0.0,0.007265800348232926,30.769230769230774,-0.031695721077654504,40941821952.0,12.35092,0.92833465,0.08131,3.93,0.04,20.0
2026-03-09 09:55:00+09:00,7609,ダイトロン,7609.T,未分類,intraday_5m,2734.0,-0.004007285974499064,0.32061068702290074,0.011207658733782839,16.93548387096773,-0.058539944903581276,57592438784.0,11.76825,1.6204517,0.14415,3.79,0.047058823529411764,17.0
2026-03-09 09:55:00+09:00,7611,ハイデイ日高,7611.T,未分類,intraday_5m,2979.0,-0.0036789297658862408,0.4166666666666667,0.006809396647308285,38.94230769230769,-0.01845140032948933,107253972992.0,23.538242,4.5327425,0.19529,1.52,0.05,20.0
2026-03-09 09:55:00+09:00,7613,シークス,7613.T,未分類,intraday_5m,1221.0,-0.0032653061224490187,0.4788732394366197,0.012201697083595198,14.166666666666657,-0.06864988558352403,57555075072.0,23.111868,0.5574411,0.02419,3.81,0.042105263157894736,19.0
2026-03-09 09:55:00+09:00,7616,コロワイド,7616.T,未分類,intraday_5m,1859.5,0.0,0.3190751445086705,0.002992932225457642,47.58620689655172,-0.005349023803155939,197676220416.0,142.05501,2.357214,0.03384,0.27,0.06999999999999999,20.0
2026-03-09 09:55:00+09:00,7628,オーハシテクニカ,7628.T,未分類,intraday_5m,1138.0,-0.002629272567922891,0.13953488372093023,0.009915384435508805,27.551020408163268,-0.03803888419273038,29106685952.0,12.86021,0.7435984,0.06329,3.13,0.06999999999999999,20.0
2026-03-09 09:55:00+09:00,7630,壱番屋,7630.T,未分類,intraday_5m,896.0,0.0,1.260096930533118,0.003488600119616677,48.484848484848484,-0.00222717149220486,143006367744.0,47.73575,4.5158105,0.089899994,1.78,0.01,20.0
2026-03-09 09:55:00+09:00,7637,白銅,7637.T,未分類,intraday_5m,2480.0,-0.001208215867901763,2.0689655172413794,0.009184647564607646,16.41025641025641,-0.04541955350269433,28127438848.0,16.573109,1.1533333,0.08902001,4.0,0.044444444444444446,18.0
2026-03-09 09:55:00+09:00,7649,スギホールディングス,7649.T,未分類,intraday_5m,3480.0,-0.0014347202295552641,0.3680511182108626,0.006009097862794807,42.857142857142854,-0.008829393335232139,629785821184.0,15.272535,2.2449207,0.16108999,1.0,0.030000000000000006,20.0
2026-03-09 09:55:00+09:00,7679,薬王堂ホールディングス,7679.T,未分類,intraday_5m,1946.0,0.0,0.0,0.009629386171674886,32.92682926829268,-0.026026026026025995,37851627520.0,8.57382,0.9562353,0.11316,1.45,0.030000000000000006,20.0
2026-03-09 09:50:00+09:00,7683,ダブルエー,7683.T,未分類,intraday_5m,1348.0,0.0,0.6233766233766234,0.004174166907445366,42.30769230769231,-0.0066322770817980325,25718380544.0,25.405201,2.370881,0.084180005,1.25,0.0,18.0
2026-03-09 09:55:00+09:00,7701,島津製作所,7701.T,未分類,intraday_5m,3797.0,-0.0028886554621848637,0.26919242273180455,0.009203047433778512,20.521172638436482,-0.04140368593789445,1097106980864.0,19.683775,2.064405,,1.69,0.01,20.0
2026-03-09 09:55:00+09:00,7715,長野計器,7715.T,未分類,intraday_5m,2698.0,-0.0011106997408367736,0.23821339950372208,0.013801199530634259,9.00900900900902,-0.09158249158249154,50109566976.0,9.664017,1.0961491,0.11699,1.75,0.02,20.0
2026-03-09 09:55:00+09:00,7717,ブイ・テクノロジー,7717.T,未分類,intraday_5m,3980.0,-0.003754693366708417,0.5126582278481012,0.014996242041794396,5.357142857142861,-0.1116071428571429,37624188928.0,48.8104,1.0843956,0.058590002,1.79,0.01,20.0
2026-03-09 09:40:00+09:00,7718,スター精密,7718.T,未分類,intraday_5m,2198.0,0.0,1.411764705882353,0.00043552723831308005,50.0,0.0,105205014528.0,26.386553,1.0175544,0.040009998,3.18,0.044444444444444446,18.0
2026-03-09 09:55:00+09:00,7721,東京計器,7721.T,未分類,intraday_5m,7650.0,-0.0026075619295958807,0.33620689655172414,0.014378477462691754,20.0,-0.08602150537634412,125714726912.0,27.4469,3.0026906,0.117180005,0.48,0.04,20.0
2026-03-09 09:50:00+09:00,7723,愛知時計電機,7723.T,未分類,intraday_5m,3030.0,-0.0016474464579900872,0.0875912408759124,0.009971532873621545,26.720647773279353,-0.03961965134706813,46485209088.0,11.930074,0.9374649,0.09204,3.58,0.06999999999999999,20.0
2026-03-09 09:55:00+09:00,7725,インターアクション,7725.T,未分類,intraday_5m,1311.0,-0.0022831050228310223,0.23076923076923078,0.012127419377008317,19.148936170212764,-0.06557377049180324,13300610048.0,36.929577,1.2579788,0.033859998,3.14,0.04,20.0
2026-03-09 09:55:00+09:00,7729,東京精密,7729.T,未分類,intraday_5m,14255.0,-0.0038434661076170995,0.4650283553875237,0.017881015087228374,10.961968680089484,-0.11761064685855771,578427617280.0,26.82032,3.2171497,0.12477,1.37,0.02,20.0
2026-03-09 09:55:00+09:00,7730,マニー,7730.T,未分類,intraday_5m,1521.0,-0.0026229508196721207,0.10186757215619695,0.008333460579850105,21.705426356589143,-0.04878048780487809,149822455808.0,32.24507,2.7395337,0.10212,2.56,0.030000000000000006,20.0
2026-03-09 09:55:00+09:00,7731,ニコン,7731.T,未分類,intraday_5m,1865.5,-0.0037383177570093906,0.730400264637777,0.009333764305909865,11.660777385159022,-0.05328596802841923,614062292992.0,73.3871,1.0656693,-0.13925,2.03,0.01,20.0
2026-03-09 09:55:00+09:00,7733,オリンパス,7733.T,未分類,intraday_5m,1320.5,0.0,0.35368565076107406,0.0058891597490067825,21.05263157894737,-0.029757531227038947,1453959151616.0,15.303048,1.8800846,0.11247,2.2,0.01,20.0
2026-03-09 09:55:00+09:00,7734,理研計器,7734.T,未分類,intraday_5m,3265.0,-0.003053435114503844,0.0,0.013239347019828306,15.714285714285708,-0.0644699140401146,148968292352.0,17.618174,1.8268442,,1.43,0.04,20.0
2026-03-09 09:55:00+09:00,7735,ＳＣＲＥＥＮホールディングス,7735.T,未分類,intraday_5m,18515.0,-0.006972378653794631,0.5144326950557302,0.017728959393053523,10.481099656357387,-0.10985576923076923,1750483206144.0,29.671474,3.9502518,0.19765,1.35,0.01,20.0
2026-03-09 09:55:00+09:00,7739,キヤノン電子,7739.T,未分類,intraday_5m,3625.0,0.0,0.0,0.0010676734813685538,50.0,0.0,148272758784.0,22.778685,1.1696484,0.05243,1.93,0.03529411764705883,17.0
2026-03-09 09:55:00+09:00,7740,タムロン,7740.T,未分類,intraday_5m,975.0,-0.0030674846625766694,0.16085790884718498,0.007976187578510622,28.57142857142857,-0.034653465346534684,157198712832.0,13.389179,1.8298072,0.13981,3.66,0.04,20.0
2026-03-09 09:55:00+09:00,7741,ＨＯＹＡ,7741.T,未分類,intraday_5m,26830.0,-0.0007448789571694592,0.4425,0.011729191319544197,19.88636363636364,-0.05892669238863557,9070668939264.0,44.182064,8.841893,0.24176,0.84,0.030000000000000006,20.0
2026-03-09 09:55:00+09:00,7743,シード,7743.T,未分類,intraday_5m,524.0,0.0019120458891013214,0.25806451612903225,0.005800436647541688,28.125,-0.026022304832713727,15859271680.0,11.526617,0.8537052,0.06282,2.79,0.030000000000000006,20.0
2026-03-09 09:55:00+09:00,7744,ノーリツ鋼機,7744.T,未分類,intraday_5m,2098.0,-0.004743833017077814,0.291497975708502,0.009678087328483355,20.0,-0.05665467625899279,222425006080.0,14.693934,0.9861998,0.069299996,3.37,0.03157894736842106,19.0
2026-03-09 09:55:00+09:00,7745,Ａ＆Ｄホロンホールディングス,7745.T,未分類,intraday_5m,2507.0,-0.006735340729001615,3.105666156202144,0.013768190944851735,12.312312312312315,-0.09166666666666667,68660162560.0,10.749507,1.4778973,0.13617,1.81,0.02,20.0
2026-03-09 09:55:00+09:00,7747,朝日インテック,7747.T,未分類,intraday_5m,3147.0,-0.002851711026615966,0.2543352601156069,0.008585082844195844,21.42857142857143,-0.04462659380692169,834975629312.0,47.530586,5.2921886,0.11178,1.22,0.01,20.0
2026-03-09 09:55:00+09:00,7751,キヤノン,7751.T,未分類,intraday_5m,4432.0,0.0,1.6971667440780305,0.005322211674313865,26.0204081632653,-0.019685910196859058,3894942629888.0,12.0754,1.1154519,0.096549995,3.54,0.03157894736842106,19.0
2026-03-09 09:55:00+09:00,7752,リコー,7752.T,未分類,intraday_5m,1320.0,-0.001890359168241984,0.4295942720763723,0.008860558178683576,26.34146341463415,-0.038951583545686175,751386886144.0,12.497633,0.65941083,0.059180003,2.91,0.04,20.0
2026-03-09 09:55:00+09:00,7762,シチズン時計,7762.T,未分類,intraday_5m,1625.0,-0.0036787247087676223,0.7154009936124912,0.011753537468411485,11.377245508982043,-0.07248858447488582,396492210176.0,16.895405,1.4200114,0.08525,2.68,0.04,20.0
2026-03-09 09:55:00+09:00,7769,リズム,7769.T,未分類,intraday_5m,3925.0,-0.0012722646310432406,0.41921397379912667,0.006298561609233078,15.217391304347828,-0.039167686658506784,32396662784.0,42.70482,0.94746554,0.07511,3.71,0.05,20.0
2026-03-09 09:55:00+09:00,7780,メニコン,7780.T,未分類,intraday_5m,1745.0,-0.0028571428571428914,0.4672897196261682,0.006112466034777491,37.59398496240601,-0.015237020316027139,129348059136.0,26.122753,1.3771615,0.07532,1.58,0.04,20.0
2026-03-09 09:55:00+09:00,7818,トランザクション,7818.T,未分類,intraday_5m,1227.0,-0.0008143322475570036,0.5063291139240507,0.0069002709557028806,19.718309859154942,-0.03689167974882257,69299347456.0,17.323168,3.5454333,0.22528,2.35,0.06,20.0
2026-03-09 09:55:00+09:00,7820,ニホンフラッシュ,7820.T,未分類,intraday_5m,812.0,0.0,0.4363636363636364,0.0022294378204662153,21.05263157894737,-0.014563106796116498,18478487552.0,,0.6172591,-0.0874,4.37,0.042105263157894736,19.0
2026-03-09 09:55:00+09:00,7821,前田工繊,7821.T,未分類,intraday_5m,2132.0,0.000469263256686947,2.7750000000000004,0.007084907269241149,18.33333333333333,-0.03134938664243525,143244476416.0,14.435642,1.931637,0.14145,1.27,0.030000000000000006,20.0
2026-03-09 09:55:00+09:00,7826,フルヤ金属,7826.T,未分類,intraday_5m,6390.0,0.006299212598425141,0.9004247286455876,0.017606515778399095,13.114754098360649,-0.1294277929155313,157189554176.0,20.777111,2.3366613,0.11618,1.63,0.05,20.0
2026-03-09 09:55:00+09:00,7832,バンダイナムコホールディングス,7832.T,未分類,intraday_5m,4056.0,-0.003439803439803435,0.39167862266857967,0.004382134507556193,35.88516746411483,-0.01696558410082405,2625727365120.0,20.651731,3.0731604,0.13791999,1.11,0.05,20.0
2026-03-09 09:55:00+09:00,7839,ＳＨＯＥＩ,7839.T,未分類,intraday_5m,1622.0,-0.0018461538461538307,0.16799999999999998,0.007544579979423264,29.508196721311478,-0.033373063170440975,83711860736.0,13.500916,2.83897,0.21052,3.58,0.02,20.0
2026-03-09 09:50:00+09:00,7840,フランスベッドホールディングス,7840.T,未分類,intraday_5m,1327.0,0.0007541478129713397,0.2222222222222222,0.001978566897320271,37.5,-0.0037537537537537524,44285513728.0,18.976118,1.1269429,0.06931,3.6,0.01,20.0
2026-03-09 09:55:00+09:00,7844,マーベラス,7844.T,未分類,intraday_5m,465.0,-0.0021459227467811592,0.3623445825932504,0.009338740241189107,26.19047619047619,-0.039256198347107474,28166522880.0,30.491804,1.0337468,0.04997,2.48,0.04,20.0
2026-03-09 09:55:00+09:00,7846,パイロットコーポレーション,7846.T,未分類,intraday_5m,4461.0,-0.00201342281879191,0.21352313167259787,0.005549932262744603,29.83870967741936,-0.023851203501094043,165945409536.0,14.065455,1.1409808,0.08441,0.92,0.05,20.0
2026-03-09 09:55:00+09:00,7856,萩原工業,7856.T,未分類,intraday_5m,1734.0,-0.0017271157167529916,0.24691358024691357,0.006710723562034397,27.826086956521735,-0.031284916201117285,24383901696.0,13.605336,0.7881285,0.059809998,4.47,0.030000000000000006,20.0
2026-03-09 09:55:00+09:00,7860,エイベックス,7860.T,未分類,intraday_5m,1192.0,-0.0008382229673092878,0.27906976744186046,0.0047477367230905135,31.372549019607845,-0.01731244847485569,50664054784.0,119.798996,0.99728507,0.04615,4.12,0.04,20.0
2026-03-09 09:55:00+09:00,7864,フジシールインターナショナル,7864.T,未分類,intraday_5m,2601.0,0.0,0.3946406820950061,0.008512046794741284,13.68421052631578,-0.04795021961932655,138718527488.0,8.922813,0.8911349,0.14774999,2.6,0.02,20.0
2026-03-09 09:55:00+09:00,7867,タカラトミー,7867.T,未分類,intraday_5m,2724.0,-0.002928257686676372,0.39012642986152923,0.00564883428081298,32.95774647887325,-0.02155172413793105,242111086592.0,15.193263,2.1830683,0.1043,2.3,0.030000000000000006,20.0
2026-03-09 09:55:00+09:00,7868,広済堂ホールディングス,7868.T,未分類,intraday_5m,459.0,0.0,0.04203152364273205,0.009331495031590772,21.42857142857143,-0.04573804573804574,64857411584.0,15.87686,1.3648406,,2.77,0.0,20.0
2026-03-09 09:55:00+09:00,7874,レック,7874.T,未分類,intraday_5m,1140.0,-0.002624671916010457,0.5504587155963303,0.010876464199177248,27.67857142857143,-0.04282115869017633,37310545920.0,17.53037,1.0019749,0.07376,1.43,0.05,20.0
2026-03-09 09:55:00+09:00,7888,三光合成,7888.T,未分類,intraday_5m,899.0,-0.00553097345132747,1.5391923990498813,0.013378333291872706,15.0,-0.08545269582909465,27404904448.0,6.845351,0.7695626,0.120299995,2.85,0.030000000000000006,20.0
2026-03-09 09:55:00+09:00,7893,プロネクサス,7893.T,未分類,intraday_5m,1144.0,-0.0008733624454148048,0.8484848484848485,0.0036229195637485093,36.36363636363636,-0.011235955056179803,28651800576.0,,1.1660417,-0.01691,3.11,0.030000000000000006,20.0
2026-03-09 09:55:00+09:00,7911,ＴＯＰＰＡＮホールディングス,7911.T,未分類,intraday_5m,4812.0,-0.00763043926582796,0.4145810663764962,0.014884853166298031,20.21419009370817,-0.09565871076865251,1358845050880.0,16.38295,1.0351714,0.05499,1.05,0.01,20.0
2026-03-09 09:55:00+09:00,7912,大日本印刷,7912.T,未分類,intraday_5m,2944.0,-0.002541080806369611,0.3731734732109404,0.009324654707913934,16.6015625,-0.05822136916186815,1322593419264.0,12.326759,1.1218241,0.06647,1.28,0.02,20.0
2026-03-09 09:55:00+09:00,7914,共同印刷,7914.T,未分類,intraday_5m,1623.0,-0.0006157635467980427,0.5551601423487544,0.00755317001189865,22.64150943396227,-0.03679525222551927,45136277504.0,12.192008,0.6959369,0.05762,2.26,0.025,16.0
2026-03-09 09:55:00+09:00,7915,ＮＩＳＳＨＡ,7915.T,未分類,intraday_5m,1220.0,-0.0008190008190007703,0.5815831987075929,0.014117470711478317,18.30985915492957,-0.07224334600760451,57767284736.0,57.62872,0.50118315,0.01184,3.8,0.044444444444444446,18.0
2026-03-09 09:55:00+09:00,7917,ＺＡＣＲＯＳ,7917.T,未分類,intraday_5m,1310.0,-0.007575757575757569,1.4004576659038903,0.012798781905344676,15.64625850340137,-0.07355021216407354,93896376320.0,14.318505,1.0065324,0.08685,2.55,0.03333333333333334,18.0
2026-03-09 09:55:00+09:00,7921,ＴＡＫＡＲＡ　＆　ＣＯＭＰＡＮＹ,7921.T,未分類,intraday_5m,3915.0,-0.003816793893129722,0.0,0.008326539006746137,28.070175438596493,-0.03808353808353804,50525167616.0,12.222534,1.6430492,0.13977,2.95,0.05,20.0
2026-03-09 09:55:00+09:00,7925,前澤化成工業,7925.T,未分類,intraday_5m,2213.0,-0.0009029345372461028,1.1142857142857143,0.007778918032784965,14.83870967741936,-0.05265410958904104,32869668864.0,17.131136,0.7648201,0.04645,3.0,0.06,20.0
2026-03-09 09:55:00+09:00,7931,未来工業,7931.T,未分類,intraday_5m,3165.0,-0.004716981132075526,1.1428571428571428,0.0074704756932822275,25.581395348837205,-0.032110091743119296,51133186048.0,11.036335,0.94637847,0.08935001,3.98,0.02,20.0
2026-03-09 09:55:00+09:00,7936,アシックス,7936.T,未分類,intraday_5m,4288.0,-0.0069476609541454515,1.2373506416875646,0.011024106464549061,16.628701594533027,-0.06924245713045363,3038628020224.0,39.60835,11.181342,0.38886002,0.87,0.02,20.0
2026-03-09 09:55:00+09:00,7942,ＪＳＰ,7942.T,未分類,intraday_5m,2453.0,-0.0036555645816409577,0.5333333333333333,0.008904076297558487,27.179487179487182,-0.04029733959311421,64286253056.0,12.011556,0.61936873,0.05524,3.52,0.06,20.0
2026-03-09 09:55:00+09:00,7943,ニチハ,7943.T,未分類,intraday_5m,3220.0,0.0,0.0,0.010333716860344294,22.807017543859644,-0.05014749262536877,106916470784.0,32.528538,0.8832197,0.027460001,3.36,0.04,20.0
2026-03-09 09:55:00+09:00,7944,ローランド,7944.T,未分類,intraday_5m,3830.0,-0.0013037809647978849,0.0,0.00782327241250106,28.125,-0.034047919293820894,100898095104.0,46.890305,2.4589996,0.049569998,4.29,0.04,20.0
2026-03-09 09:55:00+09:00,7947,エフピコ,7947.T,未分類,intraday_5m,2437.0,-0.0012295081967212962,0.23326133909287255,0.010795455433219532,19.369369369369366,-0.050642773665757645,197096701952.0,13.523863,1.2198088,0.09307,2.79,0.02,20.0
2026-03-09 09:55:00+09:00,7949,小松ウオール工業,7949.T,未分類,intraday_5m,2726.0,-0.003290676416819016,0.825910931174089,0.006417015359253592,21.64948453608247,-0.037089367714588484,47979954176.0,17.864866,1.2693782,0.07935,4.59,0.05,20.0
2026-03-09 09:55:00+09:00,7951,ヤマハ,7951.T,未分類,intraday_5m,1084.0,-0.0023009664058905033,0.351288056206089,0.007820690670166186,21.126760563380273,-0.039432875498449316,482348695552.0,28.170479,1.0199081,0.03986,2.3,0.06999999999999999,20.0
2026-03-09 09:55:00+09:00,7952,河合楽器製作所,7952.T,未分類,intraday_5m,2771.0,-0.0014414414414414267,0.16666666666666666,0.007480300185472679,22.471910112359552,-0.029081990189208096,23837302784.0,29.87279,0.5326653,0.023729999,3.33,0.01,20.0
2026-03-09 09:55:00+09:00,7955,クリナップ,7955.T,未分類,intraday_5m,1022.0,0.0,0.6421404682274248,0.009523391592048212,30.769230769230774,-0.026666666666666616,36858478592.0,21.43906,0.6190608,0.05485,3.43,0.04,20.0
2026-03-09 09:55:00+09:00,7956,ピジョン,7956.T,未分類,intraday_5m,1609.5,0.0003107520198881719,0.27439024390243905,0.004703990813917765,28.662420382165607,-0.020091324200913196,192544833536.0,22.47591,2.3221655,0.103649996,4.63,0.02,20.0
2026-03-09 09:55:00+09:00,7962,キングジム,7962.T,未分類,intraday_5m,810.0,0.0,0.0,0.001315019863383395,35.71428571428572,-0.004914004914004955,22809726976.0,43.269234,0.9170479,0.02155,1.72,0.04,20.0
2026-03-09 09:55:00+09:00,7965,象印マホービン,7965.T,未分類,intraday_5m,1520.0,-0.001969796454366346,0.4655172413793104,0.007376812309923046,30.0,-0.022508038585209,96512868352.0,16.455559,1.0879345,0.06893,2.96,0.030000000000000006,20.0
2026-03-09 09:55:00+09:00,7966,リンテック,7966.T,未分類,intraday_5m,4740.0,-0.0062893081761006275,2.299287410926366,0.01200766494135272,12.72727272727272,-0.07961165048543695,310383214592.0,25.010553,1.277377,0.05059,2.14,0.01,20.0
2026-03-09 09:55:00+09:00,7970,信越ポリマー,7970.T,未分類,intraday_5m,1981.0,-0.003019627579265216,0.782608695652174,0.01096906808336779,17.85714285714286,-0.06247042120208235,158796955648.0,15.521429,1.2761232,0.08518,2.84,0.02,20.0
2026-03-09 09:55:00+09:00,7972,イトーキ,7972.T,未分類,intraday_5m,3240.0,-0.0015408320493066618,0.6643598615916955,0.013463229649084875,23.750000000000014,-0.060869565217391286,160081772544.0,17.043661,2.822907,0.17708,2.61,0.05,20.0
2026-03-09 10:00:00+09:00,7974,任天堂,7974.T,未分類,intraday_5m,8510.0,0.000470256289677895,0.0,0.005142595159637297,32.63358778625954,-0.019585253456221197,9907843629056.0,26.860678,3.3300917,0.14130001,2.09,0.030000000000000006,20.0
2026-03-09 09:55:00+09:00,7976,三菱鉛筆,7976.T,未分類,intraday_5m,2249.0,0.0008900756564307333,0.09677419354838711,0.006861576299337496,33.13253012048192,-0.025563258232235708,124169936896.0,10.985737,0.8781829,0.04777,2.21,0.04,20.0
2026-03-09 09:55:00+09:00,7979,松風,7979.T,未分類,intraday_5m,1817.0,-0.0005500550055005382,0.2608695652173913,0.007492227618105232,25.423728813559322,-0.033510638297872375,64665800704.0,14.234234,1.4198219,0.096920006,2.82,0.01,20.0
2026-03-09 10:00:00+09:00,7981,タカラスタンダード,7981.T,未分類,intraday_5m,2734.0,0.00036589828027810967,0.0,0.00871267398731992,25.1231527093596,-0.03392226148409894,173193232384.0,12.949982,0.9051739,,3.53,0.058823529411764705,17.0
2026-03-09 09:55:00+09:00,7984,コクヨ,7984.T,未分類,intraday_5m,847.0999755859375,-0.0027078511443552333,0.40771349862258954,0.007728058219664931,25.50673655472754,-0.03166439482574246,364458409984.0,17.541933,1.4597169,0.08359,2.8,0.030000000000000006,20.0
2026-03-09 10:00:00+09:00,7988,ニフコ,7988.T,未分類,intraday_5m,4682.0,0.0023549561121816165,0.0,0.009131308346097291,23.21839080459769,-0.04565837749694257,435900055552.0,9.374687,1.5503434,0.17174,1.63,0.01,20.0
2026-03-09 09:55:00+09:00,7989,立川ブラインド工業,7989.T,未分類,intraday_5m,2476.0,-0.003621730382293742,0.9491525423728814,0.004667664192536764,22.65625,-0.028638681836014146,49771278336.0,16.324917,0.8831906,0.05926,5.49,0.05555555555555555,18.0
2026-03-09 09:55:00+09:00,7990,グローブライド,7990.T,未分類,intraday_5m,2173.0,-0.0022956841138659367,0.5070422535211268,0.006674298648595235,22.5,-0.02817531305903398,47370616832.0,9.281961,0.77051705,,4.03,0.04,20.0
2026-03-09 10:00:00+09:00,7994,オカムラ,7994.T,未分類,intraday_5m,2535.0,0.0011848341232227888,0.0,0.007726798245115827,23.497267759562845,-0.03612167300380231,240005185536.0,11.168877,1.2532164,0.13382,3.69,0.021052631578947368,19.0
2026-03-09 09:55:00+09:00,7995,バルカー,7995.T,未分類,intraday_5m,4640.0,-0.0064239828693790635,1.023696682464455,0.012724058963615151,13.15789473684211,-0.08118811881188115,81763385344.0,15.626052,1.5981572,0.10988,2.97,0.02,20.0
2026-03-09 10:00:00+09:00,8001,伊藤忠商事,8001.T,未分類,intraday_5m,1989.0,0.0012584948401712648,0.0,0.011750688038808884,18.20809248554913,-0.0488155061019383,13921716011008.0,14.967266,2.2052343,0.14241,2.11,0.030000000000000006,20.0
2026-03-09 10:00:00+09:00,8002,丸紅,8002.T,未分類,intraday_5m,4980.0,0.0012062726176116367,0.0,0.013983675542123958,13.080895008605864,-0.07486531673787855,8164851843072.0,14.461119,1.9770069,0.12854,2.0,0.02,20.0
2026-03-09 10:00:00+09:00,8005,スクロール,8005.T,未分類,intraday_5m,1330.0,0.0007524454477050302,0.0,0.005698318598263146,35.135135135135144,-0.019174041297935096,44982194176.0,15.08963,1.2217292,0.06948,4.35,0.047058823529411764,17.0
2026-03-09 10:00:00+09:00,8007,高島,8007.T,未分類,intraday_5m,849.0,0.001179245283018826,0.0,0.0076844253335085246,19.67213114754098,-0.04284103720405863,29018595328.0,16.333204,1.2516106,0.07454,5.07,0.03529411764705883,17.0
2026-03-09 10:00:00+09:00,8008,ヨンドシーホールディングス,8008.T,未分類,intraday_5m,1793.0,0.0016759776536312554,0.0,0.0035969463877402806,35.294117647058826,-0.011576626240352828,38504280064.0,25.876749,0.97704303,0.04164,4.58,0.05,20.0
2026-03-09 09:55:00+09:00,8011,三陽商会,8011.T,未分類,intraday_5m,3930.0,-0.006321112515802807,0.375,0.01097014693072466,35.526315789473685,-0.03794369645042839,40148795392.0,13.8224535,1.0553758,0.082440004,3.4,0.0,20.0
2026-03-09 09:55:00+09:00,8012,長瀬産業,8012.T,未分類,intraday_5m,4286.0,-0.0016305613789890927,0.8823529411764706,0.010879009351406689,10.05291005291005,-0.0678555893866899,441329844224.0,18.642889,1.0774096,,2.17,0.05263157894736842,19.0
2026-03-09 09:55:00+09:00,8014,蝶理,8014.T,未分類,intraday_5m,4070.0,-0.002450980392156854,0.35294117647058826,0.011682386270537772,19.78021978021978,-0.06436781609195408,100308508672.0,10.304319,1.0439527,0.1102,3.31,0.01,20.0
2026-03-09 10:00:00+09:00,8015,豊田通商,8015.T,未分類,intraday_5m,5786.0,0.00017286084701817472,0.0,0.013360916988654584,11.028315946348727,-0.08071178900540199,6108723806208.0,16.593536,2.0284545,0.135,1.84,0.02,20.0
2026-03-09 10:00:00+09:00,8016,オンワードホールディングス,8016.T,未分類,intraday_5m,763.0,0.0026281208935610145,0.0,0.007612555732981961,25.454545454545453,-0.03904282115869018,103772037120.0,11.238769,1.2068622,0.12363,7.05,0.05,20.0
2026-03-09 10:00:00+09:00,8020,兼松,8020.T,未分類,intraday_5m,2138.0,0.00046794571829678056,0.0,0.014823266518086983,12.670565302144254,-0.08039552880481515,355788095488.0,12.557266,1.7941208,0.15476,2.69,0.02,20.0
2026-03-09 09:55:00+09:00,8022,美津濃,8022.T,未分類,intraday_5m,3575.0,0.0,0.41113490364025695,0.009221403497369753,17.460317460317455,-0.051724137931034475,274505973760.0,16.12685,1.640045,0.11071,1.59,0.04,20.0
2026-03-09 10:00:00+09:00,8031,三井物産,8031.T,未分類,intraday_5m,5545.0,0.001083228019498117,0.0,0.010837637728331895,9.756097560975604,-0.06508177373124258,15790921220096.0,17.573606,1.8800803,0.10781,2.02,0.01,20.0
2026-03-09 10:00:00+09:00,8032,日本紙パルプ商事,8032.T,未分類,intraday_5m,1022.0,0.0009794319294809117,0.0,0.014042427938212275,26.19047619047619,-0.0537037037037037,119734378496.0,45.503117,0.90360755,0.04701,3.15,0.023529411764705882,17.0
2026-03-09 10:00:00+09:00,8035,東京エレクトロン,8035.T,未分類,intraday_5m,38250.0,-0.0007836990595611049,0.0,0.015284275592886183,10.08968609865471,-0.08470926058865758,17533906190336.0,32.457066,8.744053,0.26457,1.44,0.0,20.0
2026-03-09 10:00:00+09:00,8037,カメイ,8037.T,未分類,intraday_5m,3010.0,0.0,0.0,0.010397845838701814,16.796875,-0.048973143759873605,92104884224.0,8.606639,0.5623723,0.06904,3.48,0.05,20.0
2026-03-09 09:55:00+09:00,8043,スターゼン,8043.T,未分類,intraday_5m,1284.0,-0.0007782101167315147,0.2039660056657224,0.006825370639297086,33.33333333333333,-0.01834862385321101,73378897920.0,5.9784884,0.7868544,0.14224,3.29,0.03529411764705883,17.0
2026-03-09 09:55:00+09:00,8050,セイコーグループ,8050.T,未分類,intraday_5m,11950.0,-0.0025041736227044975,0.2448979591836735,0.01018325152723682,20.799999999999997,-0.05831363278171786,488411234304.0,28.44967,2.8030567,,1.42,0.0,20.0
2026-03-09 10:00:00+09:00,8051,山善,8051.T,未分類,intraday_5m,1437.0,0.0006963788300835549,0.0,0.0053860289115840185,29.411764705882362,-0.02111716621253401,122038452224.0,14.289976,0.91969293,0.06929,4.36,0.03333333333333334,18.0
2026-03-09 10:00:00+09:00,8052,椿本興業,8052.T,未分類,intraday_5m,2807.0,0.0007130124777183777,0.0,0.00869537001108414,21.929824561403507,-0.03902773022937345,51537473536.0,11.135354,1.0751659,0.105229996,2.74,0.04,20.0
2026-03-09 10:00:00+09:00,8053,住友商事,8053.T,未分類,intraday_5m,5446.0,-0.0020157595748580004,0.0,0.014711903607000979,16.360856269113157,-0.0720490546755238,6508192464896.0,10.824025,1.4322567,0.12635,2.38,0.0,20.0
2026-03-09 10:00:00+09:00,8056,ＢＩＰＲＯＧＹ,8056.T,未分類,intraday_5m,4499.0,0.002450980392156854,0.0,0.008218557051528573,35.380116959064324,-0.02365451388888884,434437914624.0,14.485802,2.5500934,0.19158001,2.6,0.02,20.0
2026-03-09 10:00:00+09:00,8057,内田洋行,8057.T,未分類,intraday_5m,1950.0,-0.0005125576627370565,0.0,0.009111788038097045,25.595238095238102,-0.038461538461538436,96174997504.0,8.026343,1.361884,0.17313999,3.25,0.030000000000000006,20.0
2026-03-09 10:00:00+09:00,8058,三菱商事,8058.T,未分類,intraday_5m,4753.0,-0.0004206098843322348,0.0,0.011179246049574914,12.415349887133175,-0.06307904592943037,17518637875200.0,27.156897,1.9349486,0.08528,2.17,-0.01,20.0
2026-03-09 10:00:00+09:00,8059,第一実業,8059.T,未分類,intraday_5m,3210.0,0.0015600624024960652,0.0,0.01110059561535878,16.949152542372886,-0.058651026392961825,102506151936.0,10.770728,1.1705405,0.120129995,3.58,0.06,20.0
2026-03-09 10:00:00+09:00,8060,キヤノンマーケティングジャパン,8060.T,未分類,intraday_5m,6739.0,0.003723562704796013,0.0,0.008730346562432725,30.308529945553545,-0.031056793673616134,722510807040.0,17.681631,1.7498615,0.10418,2.44,0.02,20.0
2026-03-09 10:00:00+09:00,8061,西華産業,8061.T,未分類,intraday_5m,2377.0,0.002107925801011712,0.0,0.014022710224087642,12.837837837837839,-0.08223938223938221,85448613888.0,11.070746,1.7235754,0.13578,3.47,0.06,20.0
2026-03-09 10:00:00+09:00,8065,佐藤商事,8065.T,未分類,intraday_5m,2234.0,0.0008960573476701761,0.0,0.011626634350960225,18.627450980392155,-0.05419136325148177,46215979008.0,7.7845144,0.6216654,0.084180005,3.22,0.05263157894736842,19.0
2026-03-09 10:00:00+09:00,8070,東京産業,8070.T,未分類,intraday_5m,891.0,0.0011235955056179137,0.0,0.0106256844217025,17.28395061728395,-0.05313496280552599,23236079616.0,10.723312,0.9296948,0.20397,4.04,0.05,20.0
2026-03-09 10:00:00+09:00,8074,ユアサ商事,8074.T,未分類,intraday_5m,5890.0,0.001700680272108901,0.0,0.010825945470254771,21.568627450980387,-0.0484652665589661,123876474880.0,12.136823,1.0752317,0.10424,3.68,0.06,20.0
2026-03-09 09:55:00+09:00,8075,神鋼商事,8075.T,未分類,intraday_5m,2382.0,0.0008403361344537785,0.36120401337792646,0.010553944669047606,14.285714285714292,-0.05325914149443556,62938091520.0,7.7985854,0.6604831,0.084910005,4.21,0.025,16.0
2026-03-09 10:00:00+09:00,8078,阪和興業,8078.T,未分類,intraday_5m,7700.0,0.0013003901170351995,0.0,0.012139081991782253,18.07228915662651,-0.06439854191980554,301145554944.0,7.378588,0.7565496,,3.04,0.022222222222222223,18.0
2026-03-09 10:00:00+09:00,8079,正栄食品工業,8079.T,未分類,intraday_5m,4000.0,-0.0012484394506866447,0.0,0.003071198561489497,48.14814814814815,0.0,66293485568.0,22.075056,1.2091395,0.05682,2.25,0.04,20.0
2026-03-09 10:00:00+09:00,8081,カナデン,8081.T,未分類,intraday_5m,2135.0,-0.004662004662004615,0.0,0.01193209185009177,17.703349282296642,-0.061125769569041366,47601618944.0,11.534306,0.9757333,0.08357,3.17,0.04,20.0
2026-03-09 10:00:00+09:00,8084,ＲＹＯＤＥＮ,8084.T,未分類,intraday_5m,3335.0,0.0,0.0,0.008909680044830302,20.0,-0.0389048991354467,71893483520.0,14.718214,0.79923946,0.05939,3.92,0.022222222222222223,18.0
2026-03-09 10:00:00+09:00,8086,ニプロ,8086.T,未分類,intraday_5m,1519.0,0.0009884678747940079,0.0,0.006412571636483233,23.456790123456784,-0.023151125401929207,247742136320.0,25.706549,0.9710749,0.058119997,2.32,0.030000000000000006,20.0
2026-03-09 10:00:00+09:00,8088,岩谷産業,8088.T,未分類,intraday_5m,1682.5,0.0002972651605230858,0.0,0.012263701366466198,19.23076923076924,-0.06267409470752094,387275849728.0,8.178989,0.9436312,0.10373,2.62,0.01,20.0
2026-03-09 09:55:00+09:00,8091,ニチモウ,8091.T,未分類,intraday_5m,2530.0,-0.0015785319652722452,0.2857142857142857,0.007743972102992027,13.57142857142857,-0.0405764125900645,21256019968.0,7.251777,0.6241461,0.09714,3.79,0.05555555555555555,18.0
2026-03-09 09:55:00+09:00,8093,極東貿易,8093.T,未分類,intraday_5m,1884.0,-0.0052798310454065245,0.8238805970149254,0.010271534360613215,16.384180790960457,-0.062220009955201605,22767314944.0,6.243579,0.7455802,0.0675,3.68,0.06,20.0
2026-03-09 10:00:00+09:00,8095,アステナホールディングス,8095.T,未分類,intraday_5m,468.0,0.0,0.0,0.007749027410813853,28.57142857142857,-0.03105590062111796,18889213952.0,8.628319,0.6976318,0.08274,3.73,0.03529411764705883,17.0
2026-03-09 10:00:00+09:00,8097,三愛オブリ,8097.T,未分類,intraday_5m,2291.0,0.00087374399300999,0.0,0.007025849926694855,38.70967741935484,-0.010367170626349842,142795063296.0,20.446228,1.2624085,0.070700005,4.32,0.021052631578947368,19.0
2026-03-09 10:00:00+09:00,8098,稲畑産業,8098.T,未分類,intraday_5m,3970.0,0.0012610340479193294,0.0,0.00951534184047958,23.611111111111114,-0.044524669073405576,211928580096.0,10.616392,0.92063266,0.086660005,3.08,0.04,20.0
2026-03-09 10:00:00+09:00,8101,ＧＳＩクレオス,8101.T,未分類,intraday_5m,2562.0,0.0011723329425556983,0.07017543859649122,0.007606655706798041,27.22222222222223,-0.029912911775842432,31465830400.0,12.747538,0.9974786,0.08788,3.86,0.07058823529411766,17.0
2026-03-09 10:00:00+09:00,8103,明和産業,8103.T,未分類,intraday_5m,819.0,-0.0012195121951219523,0.023778071334214005,0.02093437328163107,22.137404580152676,-0.07874015748031493,32919865344.0,9.250056,0.81435734,0.07972,4.27,0.0,20.0
2026-03-09 10:00:00+09:00,8111,ゴールドウイン,8111.T,未分類,intraday_5m,2280.0,0.00021934634788323137,0.09775967413441955,0.0076727807020774445,27.77777777777777,-0.03369357914812465,311768875008.0,13.164732,2.6345346,0.19478,2.32,0.01,20.0
2026-03-09 10:00:00+09:00,8113,ユニ・チャーム,8113.T,未分類,intraday_5m,913.4000244140625,0.0,0.10101457622613089,0.007087745663217004,16.16538247968171,-0.04115048517376185,1589247868928.0,24.461704,1.9997942,0.080290005,2.31,0.030000000000000006,20.0
2026-03-09 10:00:00+09:00,8125,ワキタ,8125.T,未分類,intraday_5m,1907.0,0.0,0.4519774011299435,0.007568484223407523,21.15384615384616,-0.02852776362710141,94463705088.0,23.927229,0.9502766,0.03358,5.09,-0.020000000000000004,20.0
2026-03-09 10:00:00+09:00,8129,東邦ホールディングス,8129.T,未分類,intraday_5m,4770.0,0.0006293266205159576,0.0,0.006951008926700591,38.940809968847354,-0.016089108910891103,308627734528.0,15.844018,1.1481217,0.09097,3.09,0.01,20.0
2026-03-09 10:00:00+09:00,8130,サンゲツ,8130.T,未分類,intraday_5m,3215.0,0.0,0.20991253644314867,0.005065967558361717,39.39393939393939,-0.009244992295839749,188945580032.0,15.033902,1.6378435,0.12467,4.78,0.047058823529411764,17.0
2026-03-09 09:50:00+09:00,8132,シナネンホールディングス,8132.T,未分類,intraday_5m,6670.0,0.006033182503770718,0.0,0.007160354187717194,40.74074074074074,-0.008915304606240682,72568733696.0,21.131668,1.2863526,0.055120002,1.34,0.04000000000000001,15.0
2026-03-09 10:00:00+09:00,8133,伊藤忠エネクス,8133.T,未分類,intraday_5m,1972.0,-0.0015189873417721378,0.03287671232876713,0.0052734231845936634,36.11111111111111,-0.016458852867830442,222666539008.0,13.75558,1.2587922,0.08095,3.09,0.0,20.0
2026-03-09 10:00:00+09:00,8136,サンリオ,8136.T,未分類,intraday_5m,5714.0,0.0008758101243651062,0.14933708581605507,0.006704163041881331,41.0,-0.01753782668500692,1385592389632.0,27.990595,10.060391,,1.13,0.0,20.0
2026-03-09 10:00:00+09:00,8137,サンワテクノス,8137.T,未分類,intraday_5m,3140.0,-0.0015898251192368873,0.14201183431952663,0.007780553977726126,13.953488372093034,-0.047040971168436974,47807242240.0,20.062616,0.96730334,0.054419998,3.64,0.06999999999999999,20.0
2026-03-09 10:00:00+09:00,8141,新光商事,8141.T,未分類,intraday_5m,1065.0,0.0,0.25396825396825395,0.004645795019272605,37.5,-0.012059369202226389,30408161280.0,37.995003,0.58217174,0.0064,1.16,0.02,20.0
2026-03-09 10:00:00+09:00,8142,トーホー,8142.T,未分類,intraday_5m,1256.0,0.0007968127490038945,0.15894039735099336,0.00890458636686171,19.0,-0.04992435703479581,40046907392.0,10.129032,1.2401447,0.15209,3.78,0.03529411764705883,17.0
2026-03-09 10:00:00+09:00,8150,三信電気,8150.T,未分類,intraday_5m,2915.0,-0.0006856359273226253,0.062176165803108814,0.008465254574072704,16.019417475728147,-0.04582651391162029,35687276544.0,7.5968833,0.81018966,,4.91,0.04,20.0
2026-03-09 10:00:00+09:00,8151,東陽テクニカ,8151.T,未分類,intraday_5m,1721.0,0.0005813953488371659,0.0,0.011227855828077431,21.710526315789465,-0.04653739612188368,37123559424.0,31.1606,1.3515402,0.04398,3.88,0.02,20.0
2026-03-09 10:00:00+09:00,8153,モスフードサービス,8153.T,未分類,intraday_5m,4225.0,0.0011848341232227888,0.0,0.004340451568840335,53.65853658536585,0.0047562425683709275,130357903360.0,31.01145,2.2190697,0.080740005,0.71,0.04,20.0
2026-03-09 10:00:00+09:00,8154,加賀電子,8154.T,未分類,intraday_5m,3835.0,-0.002600780234070177,0.04743083003952569,0.01181491802399654,17.777777777777786,-0.06804374240583233,182772547584.0,8.196546,1.0462021,0.16999,2.67,0.044444444444444446,18.0
2026-03-09 09:55:00+09:00,8157,都築電気,8157.T,未分類,intraday_5m,3695.0,-0.0013513513513513375,0.14285714285714285,0.01056018809017364,18.055555555555557,-0.05859872611464967,67263500288.0,12.069247,1.4832494,0.14908,3.08,0.06,20.0
2026-03-09 10:00:00+09:00,8158,ソーダニッカ,8158.T,未分類,intraday_5m,1095.0,0.000914076782449813,0.0,0.009399988657490702,21.951219512195124,-0.04283216783216781,24991907840.0,12.0092125,0.7565279,0.07012,3.5,0.058823529411764705,17.0
2026-03-09 10:00:00+09:00,8159,立花エレテック,8159.T,未分類,intraday_5m,2908.0,-0.0013736263736263687,0.0851063829787234,0.007891106556103372,16.194331983805668,-0.05276872964169377,66614484992.0,9.705303,0.63888747,0.064380005,3.26,0.023529411764705882,17.0
2026-03-09 10:00:00+09:00,8160,木曽路,8160.T,未分類,intraday_5m,2524.0,0.0007930214115781098,0.06122448979591837,0.002928569924493218,38.75,-0.009030231645072662,71075749888.0,17.8236,2.3397017,0.12272,1.18,0.02,20.0
2026-03-09 10:00:00+09:00,8163,ＳＲＳホールディングス,8163.T,未分類,intraday_5m,1242.0,0.0008058017727639033,0.12307692307692308,0.0037974522048150137,41.07142857142856,-0.007194244604316502,51358158848.0,69.42426,2.9069562,0.06384,0.8,0.08,20.0
2026-03-09 10:00:00+09:00,8167,リテールパートナーズ,8167.T,未分類,intraday_5m,1239.0,0.0,0.1487603305785124,0.009990992254180113,29.464285714285708,-0.037296037296037254,53194248192.0,9.636773,0.601813,0.06034,3.11,0.01,20.0
2026-03-09 10:00:00+09:00,8173,上新電機,8173.T,未分類,intraday_5m,2773.0,0.0010830324909747446,0.140625,0.004993076350334418,33.116883116883116,-0.01666666666666672,71764361216.0,23.083326,0.69232523,0.036760002,3.55,0.05,20.0
2026-03-09 10:00:00+09:00,8174,日本瓦斯,8174.T,未分類,intraday_5m,3010.0,0.0006648936170212671,0.2773109243697479,0.0044742926452740256,32.960893854748605,-0.014729950900163713,323209527296.0,24.755325,5.213882,0.2078,3.37,0.01,20.0
2026-03-09 10:00:00+09:00,8179,ロイヤルホールディングス,8179.T,未分類,intraday_5m,1500.0,0.001335113484646211,0.36662749706227965,0.0038334539478310048,37.68115942028985,-0.013157894736842146,147719454720.0,26.105118,2.8214157,0.10982,1.15,0.06,20.0
2026-03-09 10:00:00+09:00,8185,チヨダ,8185.T,未分類,intraday_5m,1050.0,0.002865329512893977,0.05417607223476298,0.007061189918214459,29.411764705882362,-0.02777777777777779,35646701568.0,16.311945,0.7019556,0.04508,5.0,0.01,20.0
2026-03-09 10:00:00+09:00,8194,ライフコーポレーション,8194.T,未分類,intraday_5m,2458.0,0.0012219959266801528,0.17964071856287425,0.006673419916883204,28.244274809160302,-0.02071713147410359,212660715520.0,11.826974,1.4618353,0.12949,2.59,0.01,20.0
2026-03-09 10:00:00+09:00,8200,リンガーハット,8200.T,未分類,intraday_5m,2206.0,0.0009074410163338875,0.0,0.0036699334847985214,46.15384615384615,-0.0054102795311090635,57165561856.0,49.48407,4.049155,0.07886,0.59,0.04,20.0
2026-03-09 10:00:00+09:00,8203,ＭｒＭａｘＨＤ,8203.T,未分類,intraday_5m,751.0,0.0013333333333334085,0.0,0.0061887196505980005,29.729729729729726,-0.020860495436766602,25028831232.0,8.5740385,0.66365975,0.08031,3.52,0.044444444444444446,18.0
2026-03-09 10:00:00+09:00,8214,ＡＯＫＩホールディングス,8214.T,未分類,intraday_5m,1721.0,0.0005813953488371659,0.10526315789473684,0.005831392831160611,32.96703296703298,-0.01993166287015946,144840605696.0,16.69577,1.0445433,0.06336,4.56,0.021052631578947368,19.0
2026-03-09 10:00:00+09:00,8217,オークワ,8217.T,未分類,intraday_5m,834.0,0.0024038461538462563,0.1702127659574468,0.0054776545890798615,39.53488372093023,-0.009501187648456089,33929269248.0,,0.46696553,-0.02757,3.09,0.030000000000000006,20.0
2026-03-09 09:55:00+09:00,8218,コメリ,8218.T,未分類,intraday_5m,3315.0,-0.003007518796992459,0.2727272727272727,0.007955467236979893,33.33333333333333,-0.025000000000000022,155591000064.0,10.833333,0.60767543,0.05702,1.65,0.04,20.0
2026-03-09 10:00:00+09:00,8219,青山商事,8219.T,未分類,intraday_5m,2472.0,0.0008097165991902688,0.04664723032069971,0.007040291508808047,30.81761006289308,-0.02137767220902609,117885919232.0,13.100853,0.6894715,0.04654,6.41,0.021052631578947368,19.0
2026-03-09 10:00:00+09:00,8227,しまむら,8227.T,未分類,intraday_5m,3373.0,0.0023774145616641817,0.21985343104596936,0.00811229813712661,24.55357142857143,-0.036285714285714255,700296658944.0,17.427021,1.4239337,0.08545,1.95,0.0,20.0
2026-03-09 10:00:00+09:00,8233,高島屋,8233.T,未分類,intraday_5m,1733.0,0.0011554015020218689,0.09986996098829648,0.007221805899772242,29.184549356223172,-0.027769985974754552,507793965056.0,15.073497,1.063786,0.08924,1.91,0.030000000000000006,20.0
2026-03-09 10:00:00+09:00,8237,松屋,8237.T,未分類,intraday_5m,1934.0,0.0005173305742369738,0.04780876494023904,0.016359288574358803,27.306273062730625,-0.05612493899463156,98292072448.0,255.14513,3.9089026,0.03647,0.59,0.030000000000000006,20.0
2026-03-09 10:00:00+09:00,8242,エイチ・ツー・オー　リテイリング,8242.T,未分類,intraday_5m,2231.0,0.0006727965911639266,0.20849420849420847,0.009158845114975452,24.22535211267605,-0.037532355478861135,256546291712.0,19.36632,0.84419763,0.0866,1.9,0.037500000000000006,16.0
2026-03-09 10:00:00+09:00,8252,丸井グループ,8252.T,未分類,intraday_5m,3128.0,0.0003197953309881374,0.0748829953198128,0.004287458938002663,38.23529411764706,-0.011690363349131094,562152079360.0,19.455156,2.3594995,,4.17,0.030000000000000006,20.0
2026-03-09 10:00:00+09:00,8253,クレディセゾン,8253.T,未分類,intraday_5m,4251.0,0.0011775788977861357,0.419672131147541,0.010582968682936574,16.260162601626007,-0.05951327433628317,609899970560.0,9.837773,0.82482344,0.078449994,2.88,0.0,20.0
2026-03-09 10:00:00+09:00,8255,アクシアル　リテイリング,8255.T,未分類,intraday_5m,1220.0,0.0016420361247948545,0.0,0.009078505771938018,36.633663366336634,-0.002452984464431762,108076736512.0,12.062488,1.1640933,0.10677,2.62,0.04,20.0
2026-03-09 10:00:00+09:00,8267,イオン,8267.T,未分類,intraday_5m,2003.5,0.0022511255627812865,0.21785640814647192,0.006991997156179028,35.52123552123551,-0.02077223851417398,5544654405632.0,178.13333,4.7967715,0.03787,1.32,0.0,20.0
2026-03-09 10:00:00+09:00,8273,イズミ,8273.T,未分類,intraday_5m,992.0,0.0030333670374114163,0.16216216216216217,0.005219910159748514,35.18518518518519,-0.017821782178217838,208417751040.0,17.954752,0.72944504,0.03704,8.91,0.02,20.0
2026-03-09 10:00:00+09:00,8276,平和堂,8276.T,未分類,intraday_5m,2824.0,0.00035423308537008147,0.04285714285714286,0.006015517314731437,36.64596273291926,-0.01910385550538385,139661115392.0,12.88968,0.73508704,0.053150002,2.29,0.0,20.0
2026-03-09 10:00:00+09:00,8278,フジ,8278.T,未分類,intraday_5m,1950.0,0.0010266940451746365,0.0,0.004209622260092072,43.58974358974359,-0.0066225165562914245,168961425408.0,42.8195,0.77390623,0.01751,1.53,-0.020000000000000004,20.0
2026-03-09 10:00:00+09:00,8281,ゼビオホールディングス,8281.T,未分類,intraday_5m,1059.0,0.0018921475875117721,0.0,0.004895050762686461,27.272727272727266,-0.023062730627306238,43823640576.0,,0.36461893,-0.01811,3.23,0.0,20.0
2026-03-09 10:00:00+09:00,8282,ケーズホールディングス,8282.T,未分類,intraday_5m,1604.5,-0.0009339975093399788,0.0898876404494382,0.006105026792921859,34.32835820895522,-0.01955392606171713,247906975744.0,22.538277,0.9986699,0.043369997,2.93,0.01,20.0
2026-03-09 10:00:00+09:00,8283,ＰＡＬＴＡＣ,8283.T,未分類,intraday_5m,4664.0,0.0008583690987125081,0.0,0.006282268818960389,20.16460905349794,-0.027117229870671666,284435087360.0,13.041411,0.95032513,0.07491,2.63,0.023529411764705882,17.0
2026-03-09 10:00:00+09:00,8303,ＳＢＩ新生銀行,8303.T,未分類,intraday_5m,1686.5,0.002079619726678583,0.22170658027231732,0.010276872817494237,28.98172323759792,-0.04366316983271901,,12.2886305,1.2596322,,1.93,0.02,20.0
2026-03-09 10:00:00+09:00,8304,あおぞら銀行,8304.T,未分類,intraday_5m,2460.0,-0.000406338886631441,0.24754137682897578,0.01094902600038737,15.473441108545046,-0.052935514918190596,340417544192.0,15.474618,0.71756,0.0557,3.39,0.02,20.0
2026-03-09 10:00:00+09:00,8306,三菱ＵＦＪフィナンシャル・グループ,8306.T,未分類,intraday_5m,2585.0,0.0007742934572203541,0.5299601533719269,0.011327029126692008,12.663755458515283,-0.0637796702301141,29241548734464.0,15.35674,1.3715572,0.06113,2.83,0.01,20.0
2026-03-09 10:00:00+09:00,8308,りそなホールディングス,8308.T,未分類,intraday_5m,1690.0,0.001481481481481417,0.2854770585899426,0.015280579110251852,21.47971360381861,-0.06681391496410827,3807642910720.0,16.006819,1.3105388,0.09394,1.6,0.030000000000000006,20.0
2026-03-09 10:00:00+09:00,8309,三井住友トラストグループ,8309.T,未分類,intraday_5m,4893.0,0.0014326647564470996,0.28050647001530543,0.010518598533526527,12.113402061855666,-0.057225433526011615,3410294996992.0,11.56765,1.0256917,0.09287,3.28,0.030000000000000006,20.0
2026-03-09 10:00:00+09:00,8316,三井住友フィナンシャルグループ,8316.T,未分類,intraday_5m,5084.0,0.00137876698837891,0.375177081693688,0.012967156857702763,20.57761732851985,-0.06269592476489028,19410729304064.0,13.60668,1.2434496,0.04933,2.9,-0.01,20.0
2026-03-09 10:00:00+09:00,8331,千葉銀行,8331.T,未分類,intraday_5m,1977.5,0.001012401923563555,0.2704556589906908,0.017050127301118358,23.941068139963164,-0.06567446255610676,1379992993792.0,15.755716,1.1105208,0.07361,2.65,0.04,20.0
2026-03-09 10:00:00+09:00,8334,群馬銀行,8334.T,未分類,intraday_5m,1986.0,0.0007558578987150177,0.3089542036910458,0.01800979016136994,22.956521739130437,-0.06935332708528585,751703097344.0,15.536259,1.2413726,0.09689999,2.81,0.030000000000000006,20.0
2026-03-09 10:00:00+09:00,8336,武蔵野銀行,8336.T,未分類,intraday_5m,5690.0,0.0,0.2,0.01223811525351997,8.92857142857143,-0.07177814029363783,188046458880.0,13.241488,0.6762774,0.057189997,2.61,0.07058823529411766,17.0
2026-03-09 10:00:00+09:00,8337,千葉興業銀行,8337.T,未分類,intraday_5m,1990.0,0.0,0.28152492668621704,0.016453315773011703,16.117216117216117,-0.08252650991240207,114223923200.0,20.526045,0.6103473,0.051119998,0.46,0.05,20.0
2026-03-09 10:00:00+09:00,8338,筑波銀行,8338.T,未分類,intraday_5m,573.0,-0.0017421602787456303,0.6184597295708407,0.016185211992567325,12.5,-0.09191759112519815,47222185984.0,21.67171,0.45026743,0.07278,0.79,0.02,20.0
2026-03-09 10:00:00+09:00,8341,七十七銀行,8341.T,未分類,intraday_5m,8558.0,0.0004676174888940121,0.22641509433962262,0.013489214913129124,11.856823266219237,-0.07028788701792499,636434382848.0,14.504102,0.9504016,0.07525,2.46,0.030000000000000006,20.0
2026-03-09 10:00:00+09:00,8343,秋田銀行,8343.T,未分類,intraday_5m,4840.0,0.0020703933747412417,0.17910447761194032,0.01277999958141067,17.307692307692307,-0.0692307692307692,86022053888.0,11.214087,0.48185387,0.049650002,2.88,0.06,20.0
2026-03-09 10:00:00+09:00,8344,山形銀行,8344.T,未分類,intraday_5m,2353.0,0.0,0.806941431670282,0.013111171967610911,13.108614232209746,-0.07725490196078433,73877159936.0,14.787582,0.48461965,0.03497,3.06,0.05263157894736842,19.0
2026-03-09 10:00:00+09:00,8345,岩手銀行,8345.T,未分類,intraday_5m,6190.0,0.0016181229773462036,0.40993788819875776,0.013767745788916125,12.121212121212125,-0.07886904761904767,106695270400.0,12.9919195,0.55485123,0.043390002,2.86,0.05,20.0
2026-03-09 10:00:00+09:00,8346,東邦銀行,8346.T,未分類,intraday_5m,614.0,0.0016313213703098572,0.19697759249609173,0.01655732833408014,17.28395061728395,-0.07390648567119151,153430999040.0,16.775957,0.7231748,0.052059997,2.71,0.04,20.0
2026-03-09 10:00:00+09:00,8354,ふくおかフィナンシャルグループ,8354.T,未分類,intraday_5m,5795.0,0.002248356969906551,0.6565022421524664,0.012634949979547446,15.151515151515156,-0.060473411154345014,1095052951552.0,14.322081,1.0413758,,3.08,0.030000000000000006,20.0
2026-03-09 10:00:00+09:00,8358,スルガ銀行,8358.T,未分類,intraday_5m,1845.0,0.0016286644951140072,0.20986547085201795,0.01443181411962688,21.658986175115203,-0.057711950970377957,314504413184.0,13.423063,1.0300001,0.08465999,2.25,0.04,20.0
2026-03-09 10:00:00+09:00,8359,八十二長野銀行,8359.T,未分類,intraday_5m,1825.5,0.0005480953685941259,0.45903334194882395,0.013332856500978187,12.299465240641709,-0.0688599846977812,829601415168.0,14.571361,0.7842906,0.061079998,2.3,0.04,20.0
2026-03-09 10:00:00+09:00,8360,山梨中央銀行,8360.T,未分類,intraday_5m,4660.0,-0.0021413276231263545,0.6906474820143885,0.01520264871236759,14.84375,-0.08267716535433067,142798471168.0,15.925635,0.62182903,0.045289997,2.32,0.06999999999999999,20.0
2026-03-09 10:00:00+09:00,8361,大垣共立銀行,8361.T,未分類,intraday_5m,5950.0,0.003372681281618828,0.16250890947968638,0.013951454365061405,14.285714285714292,-0.07176287051482055,247723638784.0,13.69075,0.67633367,0.055170003,1.56,0.03529411764705883,17.0
2026-03-09 10:00:00+09:00,8362,福井銀行,8362.T,未分類,intraday_5m,3145.0,-0.0015873015873015817,0.2222222222222222,0.014525139081136514,14.925373134328368,-0.06676557863501487,74308640768.0,18.590767,0.49296093,0.0477,2.23,0.05,20.0
2026-03-09 10:00:00+09:00,8364,清水銀行,8364.T,未分類,intraday_5m,2544.0,0.0023640661938533203,0.183206106870229,0.014624126385909833,13.265306122448976,-0.08026030368763559,28736471040.0,13.506052,0.36818936,0.03196,2.17,0.04,20.0
2026-03-09 10:00:00+09:00,8366,滋賀銀行,8366.T,未分類,intraday_5m,7930.0,0.0025284450063212116,0.2661737523105361,0.0149799301401917,16.129032258064512,-0.0714285714285714,366979383296.0,17.22752,0.73771036,0.04072,1.52,0.042105263157894736,19.0
2026-03-09 10:00:00+09:00,8367,南都銀行,8367.T,未分類,intraday_5m,6780.0,0.0,0.4844036697247706,0.012984866202017704,10.447761194029852,-0.07503410641200547,212982562816.0,14.635409,0.69611007,0.05366,2.59,0.06,20.0
2026-03-09 10:00:00+09:00,8368,百五銀行,8368.T,未分類,intraday_5m,1445.0,0.0,0.2507598784194529,0.014865384780344281,10.857142857142861,-0.08253968253968258,350655184896.0,18.609142,0.6951878,0.04005,1.65,0.02,20.0
2026-03-09 10:00:00+09:00,8370,紀陽銀行,8370.T,未分類,intraday_5m,3810.0,0.0013140604467805073,0.029925187032418955,0.01266288634992877,9.859154929577471,-0.06503067484662572,244149665792.0,12.913941,0.9986218,0.089379996,2.85,0.04,20.0
2026-03-09 10:00:00+09:00,8377,ほくほくフィナンシャルグループ,8377.T,未分類,intraday_5m,5497.0,0.002553346708006554,0.4112327463112804,0.014178679282503043,11.487481590574362,-0.08854253026032166,664488247296.0,13.32783,0.9478549,0.077259995,1.49,0.04,20.0
2026-03-09 10:00:00+09:00,8381,山陰合同銀行,8381.T,未分類,intraday_5m,1480.0,0.0006761325219744041,0.21866666666666668,0.017822033941940277,22.222222222222214,-0.0691823899371069,224699072512.0,10.662056,0.68755853,0.06965,3.52,0.044444444444444446,18.0
2026-03-09 10:00:00+09:00,8386,百十四銀行,8386.T,未分類,intraday_5m,8140.0,-0.0012269938650306678,0.6883365200764818,0.014905205179225589,17.241379310344826,-0.08022598870056497,230137790464.0,14.484502,0.63631666,0.049289998,2.44,0.044444444444444446,18.0
2026-03-09 10:00:00+09:00,8387,四国銀行,8387.T,未分類,intraday_5m,2134.0,-0.00187090739008422,0.7818181818181819,0.015282883177249204,17.85714285714286,-0.07294832826747721,89120899072.0,13.587164,0.47585845,0.09653,2.43,0.05,20.0
2026-03-09 10:00:00+09:00,8388,阿波銀行,8388.T,未分類,intraday_5m,5260.0,0.0,0.7121661721068249,0.013250783061102105,17.241379310344826,-0.06571936056838368,205412433920.0,14.575482,0.5351266,0.04198,2.13,0.06999999999999999,20.0
2026-03-09 10:00:00+09:00,8392,大分銀行,8392.T,未分類,intraday_5m,9110.0,-0.0021905805038334725,0.4721311475409836,0.014442809339204115,14.782608695652186,-0.07979797979797976,137440133120.0,17.00928,0.58045524,0.036530003,1.72,0.05263157894736842,19.0
2026-03-09 10:00:00+09:00,8393,宮崎銀行,8393.T,未分類,intraday_5m,8400.0,-0.0011890606420927874,0.34210526315789475,0.015475815338495026,15.0,-0.09385113268608414,140971425792.0,12.228677,0.6509845,0.059439998,1.19,0.1,20.0
2026-03-09 10:00:00+09:00,8395,佐賀銀行,8395.T,未分類,intraday_5m,4445.0,-0.0011235955056180247,0.30150753768844224,0.014821819623093431,12.62135922330097,-0.07684319833852549,75132764160.0,9.2040415,0.6069999,0.06987,2.08,0.05,20.0
2026-03-09 10:00:00+09:00,8399,琉球銀行,8399.T,未分類,intraday_5m,2154.0,0.0004644681839294229,0.3340471092077088,0.014461035553455417,15.84905660377359,-0.07474226804123707,88330248192.0,11.771779,0.60457426,0.06126,2.32,0.06999999999999999,20.0
2026-03-09 10:00:00+09:00,8410,セブン銀行,8410.T,未分類,intraday_5m,276.29998779296875,0.00036196807211785753,0.4579893701232613,0.00691197765248846,29.746742535742285,-0.023329820593529726,324151083008.0,17.757069,1.1795342,0.04306,3.89,0.01,20.0
2026-03-09 10:00:00+09:00,8411,みずほフィナンシャルグループ,8411.T,未分類,intraday_5m,6018.0,-0.00033222591362125353,0.38056151478406863,0.013289991144700414,11.449275362318843,-0.08150183150183155,14810349568000.0,14.262353,1.3301997,0.09653,2.21,-0.020000000000000004,20.0
2026-03-09 10:00:00+09:00,8418,山口フィナンシャルグループ,8418.T,未分類,intraday_5m,2411.0,0.0006225357958082878,0.6594700686947988,0.013234991036553647,17.25490196078431,-0.06676988581381849,502932635648.0,12.543571,0.7448996,0.05954,2.48,0.02,20.0
2026-03-09 09:55:00+09:00,8424,芙蓉総合リース,8424.T,未分類,intraday_5m,4293.0,-0.003019043195541138,0.2613861386138614,0.008119366906436477,29.032258064516128,-0.03114421123899802,387168174080.0,14.310953,0.8113899,0.06008,3.57,0.01,20.0
2026-03-09 10:00:00+09:00,8425,みずほリース,8425.T,未分類,intraday_5m,1405.0,0.0014255167498218313,0.43963363863447125,0.009120888945663142,23.853211009174302,-0.04095563139931746,393662464000.0,8.702924,0.95230347,0.118240006,3.41,0.04,20.0
2026-03-09 10:00:00+09:00,8439,東京センチュリー,8439.T,未分類,intraday_5m,2061.0,-0.0004849660523763566,0.4294736842105263,0.009759771617158564,21.73913043478261,-0.04583333333333328,1007338389504.0,7.48366,0.94898546,0.12068,3.33,0.030000000000000006,20.0
2026-03-09 10:00:00+09:00,8473,ＳＢＩホールディングス,8473.T,未分類,intraday_5m,2855.5,0.000876270592358841,0.2846410684474123,0.011714745296889918,18.246869409660107,-0.061720288903480025,1857638760448.0,6.6251364,1.074053,,2.95,0.01,20.0
2026-03-09 10:00:00+09:00,8511,日本証券金融,8511.T,未分類,intraday_5m,2126.0,-0.00187793427230043,0.6506024096385542,0.009326488871280642,16.853932584269657,-0.05553087516659261,172353699840.0,18.81416,1.2743312,0.070650004,4.09,0.025,16.0
2026-03-09 10:00:00+09:00,8515,アイフル,8515.T,未分類,intraday_5m,466.0,0.0021505376344086446,0.2676663542642924,0.010517396207339384,20.0,-0.04508196721311475,223212339200.0,7.978086,0.94244415,0.13305001,2.46,0.01,20.0
2026-03-09 10:00:00+09:00,8522,名古屋銀行,8522.T,未分類,intraday_5m,5070.0,-0.0019685039370078705,0.7100591715976331,0.01659645781085677,11.59420289855072,-0.09302325581395354,249431605248.0,15.243535,0.8025415,0.06537,1.79,0.06,20.0
2026-03-09 10:00:00+09:00,8524,北洋銀行,8524.T,未分類,intraday_5m,914.0,-0.0010928961748634114,0.7296416938110749,0.014532668487197701,8.108108108108098,-0.0887337986041874,344116953088.0,13.996937,0.8669959,0.069510005,2.59,0.030000000000000006,20.0
2026-03-09 10:00:00+09:00,8541,愛媛銀行,8541.T,未分類,intraday_5m,1598.0,0.0018808777429466517,0.1643835616438356,0.017012180960294897,19.23076923076924,-0.07949308755760365,62435004416.0,10.126742,0.43128645,0.04987,1.96,0.04,20.0
2026-03-09 10:00:00+09:00,8544,京葉銀行,8544.T,未分類,intraday_5m,1873.0,-0.0037234042553191404,0.3246753246753247,0.018564141808222166,18.36065573770493,-0.08989310009718177,225158004736.0,16.638536,0.7039289,0.04126,2.04,0.011764705882352941,17.0
2026-03-09 10:00:00+09:00,8550,栃木銀行,8550.T,未分類,intraday_5m,846.0,-0.007042253521126751,0.7852468768590125,0.015091264645796802,13.91304347826086,-0.08737864077669899,88096292864.0,,0.55484617,-0.12127,2.59,0.05,20.0
2026-03-09 10:00:00+09:00,8551,北日本銀行,8551.T,未分類,intraday_5m,4525.0,-0.001103752759381904,0.0,0.012816509337393662,15.841584158415841,-0.06893004115226342,37071781888.0,9.863115,0.39687592,0.03849,3.46,0.042105263157894736,19.0
2026-03-09 10:00:00+09:00,8558,東和銀行,8558.T,未分類,intraday_5m,1018.0,-0.0019607843137254832,0.8057142857142857,0.016532054236294665,16.058394160583944,-0.08453237410071945,36074741760.0,5.9483466,0.41219065,0.06667,3.15,0.030000000000000006,20.0
2026-03-09 10:00:00+09:00,8566,リコーリース,8566.T,未分類,intraday_5m,5990.0,0.0,0.0,0.00790575689110575,24.324324324324323,-0.026016260162601612,184638390272.0,13.527553,0.7682862,0.056739997,3.09,0.0,19.0
2026-03-09 10:00:00+09:00,8570,イオンフィナンシャルサービス,8570.T,未分類,intraday_5m,1556.5,-0.0012832852101379855,0.3019571295433365,0.011525061070537352,20.192307692307693,-0.053223844282238475,336023879680.0,18.600622,0.71731913,0.05955,3.22,0.02,20.0
2026-03-09 10:00:00+09:00,8584,ジャックス,8584.T,未分類,intraday_5m,4130.0,0.0,0.21301775147928995,0.0064629397746619795,25.0,-0.02594339622641506,184868569088.0,8.521965,0.63086236,0.058369998,4.72,0.0,20.0
2026-03-09 10:00:00+09:00,8585,オリエントコーポレーション,8585.T,未分類,intraday_5m,1020.0,0.0,0.3789473684210526,0.00977938014825532,30.232558139534888,-0.03041825095057038,174609956864.0,10.619469,0.7259683,0.049250003,3.8,0.0,20.0
2026-03-09 10:00:00+09:00,8591,オリックス,8591.T,未分類,intraday_5m,4794.0,-0.0012499999999999734,0.5277837373954087,0.011036920888771956,19.212962962962962,-0.05294350059265107,4969864364032.0,11.50504,1.1570427,0.106850006,3.7,0.02,20.0
2026-03-09 10:00:00+09:00,8593,三菱ＨＣキャピタル,8593.T,未分類,intraday_5m,1394.0,0.00071787508973431,0.5517241379310345,0.008122880232931718,20.202020202020208,-0.04258241758241754,2001230102528.0,14.843999,1.0440931,0.098050006,3.16,0.02,20.0
2026-03-09 10:00:00+09:00,8595,ジャフコ　グループ,8595.T,未分類,intraday_5m,2358.5,0.0014861995753716606,0.19283065512978986,0.0057503363091411805,31.578947368421055,-0.021775197013687242,124104499200.0,19.525623,0.90490776,0.04634,5.52,-0.02,20.0
2026-03-09 10:00:00+09:00,8600,トモニホールディングス,8600.T,未分類,intraday_5m,835.0,-0.002389486260453988,0.07807807807807808,0.013560265629026465,7.5,-0.07015590200445432,160419217408.0,12.755881,0.5527418,0.046479996,2.9,0.03333333333333334,18.0
2026-03-09 10:00:00+09:00,8601,大和証券グループ本社,8601.T,未分類,intraday_5m,1407.5,-0.0014189428875487353,0.4230724771702693,0.015180314318026819,17.79661016949153,-0.0770491803278689,1947308523520.0,12.917278,1.1357982,0.08713,3.8,0.022222222222222223,18.0
2026-03-09 10:00:00+09:00,8604,野村ホールディングス,8604.T,未分類,intraday_5m,1162.0,-0.0012892135797163418,0.44985031349437965,0.014554938831235141,18.846153846153854,-0.06778981147212193,3409165418496.0,9.844121,0.9335463,0.09928001,4.33,0.0,20.0
2026-03-09 10:00:00+09:00,8609,岡三証券グループ,8609.T,未分類,intraday_5m,826.0,0.0,0.2455242966751918,0.013686257727292523,24.210526315789465,-0.057077625570776225,165269962752.0,14.872164,0.75362074,0.06526,3.42,0.030000000000000006,20.0
2026-03-09 10:00:00+09:00,8613,丸三証券,8613.T,未分類,intraday_5m,1009.0,0.0009920634920634885,0.19206680584551147,0.00818748237304252,25.675675675675677,-0.034449760765550286,66850164736.0,14.674229,1.3545587,0.09097999,3.25,0.042105263157894736,19.0
2026-03-09 10:00:00+09:00,8614,東洋証券,8614.T,未分類,intraday_5m,726.0,0.0013793103448276334,0.5099337748344371,0.007962915293395616,13.72549019607844,-0.04849279161205766,49307426816.0,18.80342,1.7203629,0.12696,6.55,0.02,20.0
2026-03-09 10:00:00+09:00,8616,東海東京フィナンシャル・ホールディングス,8616.T,未分類,intraday_5m,722.0,-0.0013831258644536604,0.8034643570952698,0.010265473270982237,19.117647058823522,-0.05124835742444156,181698461696.0,14.550585,0.9763341,0.07359,3.94,0.037500000000000006,16.0
2026-03-09 10:00:00+09:00,8622,水戸証券,8622.T,未分類,intraday_5m,686.0,-0.0014556040756914523,0.17764281647371416,0.00731002921261157,28.0,-0.045897079276773334,41320448000.0,18.671747,1.0051194,0.07527,6.95,0.02,20.0
2026-03-09 10:00:00+09:00,8624,いちよし証券,8624.T,未分類,intraday_5m,1350.0,-0.0022172949002217113,0.23622047244094488,0.012649275774833582,20.496894409937894,-0.0644490644490644,43272187904.0,23.927687,1.511154,0.09239,2.77,0.02,20.0
2026-03-09 10:00:00+09:00,8628,松井証券,8628.T,未分類,intraday_5m,932.0,0.0,0.9005424954792044,0.0072765110467055884,32.30769230769231,-0.025104602510460206,240049356800.0,22.007084,3.092226,0.17216,5.23,0.02,20.0
2026-03-09 10:00:00+09:00,8630,ＳＯＭＰＯホールディングス,8630.T,未分類,intraday_5m,5662.0,-0.001410934744268122,0.5060719805696622,0.011235220444310915,14.34689507494646,-0.057432994839354046,5081579126784.0,12.444747,1.0189638,0.17385,2.5,0.02,20.0
2026-03-09 10:00:00+09:00,8697,日本取引所グループ,8697.T,未分類,intraday_5m,1906.5,0.0,1.4525500322788896,0.01095925529689544,11.602209944751394,-0.06635651322233105,1959710162944.0,31.223387,6.1152616,0.21275,2.45,-0.01,20.0
2026-03-09 10:00:00+09:00,8698,マネックスグループ,8698.T,未分類,intraday_5m,707.0,0.0014164305949009304,0.9238544474393532,0.006396800120555002,27.5,-0.02751031636863821,177714118656.0,,1.4344292,0.06949,4.21,0.02,20.0
2026-03-09 10:00:00+09:00,8706,極東証券,8706.T,未分類,intraday_5m,1742.0,0.0,0.6679035250463822,0.008902862746551972,18.400000000000006,-0.043382756727073035,55572168704.0,12.99709,1.0425694,0.07942,6.04,0.01,20.0
2026-03-09 10:00:00+09:00,8707,岩井コスモホールディングス,8707.T,未分類,intraday_5m,3430.0,-0.0029069767441860517,0.26373626373626374,0.012596250067058728,19.736842105263165,-0.06412005457025916,80566362112.0,9.872208,1.1371914,0.13328,5.05,0.044444444444444446,18.0
2026-03-09 10:00:00+09:00,8708,アイザワ証券グループ,8708.T,未分類,intraday_5m,1404.0,0.0007127583749109156,0.4413793103448276,0.008930008182815937,27.966101694915253,-0.03637611530542206,43719475200.0,16.500177,0.95461303,0.04903,1.78,0.010526315789473684,19.0
2026-03-09 10:00:00+09:00,8713,フィデアホールディングス,8713.T,未分類,intraday_5m,1876.0,0.0005333333333332746,0.6122448979591837,0.013578126744868961,20.09345794392523,-0.06106106106106102,33884147712.0,8.428431,0.3954063,0.0367,3.75,0.05,20.0
2026-03-09 10:00:00+09:00,8714,池田泉州ホールディングス,8714.T,未分類,intraday_5m,778.0,0.0,1.1010669253152279,0.014133153831985842,10.344827586206904,-0.07710557532621587,216625496064.0,16.161198,0.8897164,,2.49,0.030000000000000006,20.0
2026-03-09 10:00:00+09:00,8715,アニコム　ホールディングス,8715.T,未分類,intraday_5m,1241.0,-0.004811547714514863,0.5932028836251287,0.00834608270811946,33.04347826086956,-0.030468750000000044,91385290752.0,37.000595,3.224717,0.07427,0.7,0.0,20.0
2026-03-09 10:00:00+09:00,8725,ＭＳ＆ＡＤインシュアランスグループホールディングス,8725.T,未分類,intraday_5m,3934.0,0.0005086469989827869,0.42040406935090985,0.009767099222629763,17.7304964539007,-0.04560892770499758,5772185960448.0,8.157256,1.2596201,0.16309999,2.91,0.01,20.0
2026-03-09 10:00:00+09:00,8729,ソニーフィナンシャルグループ,8729.T,未分類,intraday_5m,148.0,0.0,0.5705705705705706,0.00487444509523864,18.181797164173233,-0.02950819672131144,998578454528.0,0.84019303,1.5266546,,2.49,-0.02,20.0
2026-03-09 10:00:00+09:00,8739,スパークス・グループ,8739.T,未分類,intraday_5m,1911.0,0.0015723270440251014,0.5217391304347826,0.008874008915426402,23.31288343558282,-0.04306459689534303,75521417216.0,12.948909,2.0387871,0.18311001,4.51,0.0,20.0
2026-03-09 10:00:00+09:00,8750,第一生命ホールディングス,8750.T,未分類,intraday_5m,1463.0,-0.001024240355069983,0.958509861212564,0.013062009842190352,21.933085501858727,-0.050000000000000044,5302693396480.0,13.212317,1.3015643,0.11201999,3.64,0.01,20.0
2026-03-09 10:00:00+09:00,8766,東京海上ホールディングス,8766.T,未分類,intraday_5m,5905.0,0.00016937669376693165,0.5539518026324156,0.012429127789965693,22.574257425742573,-0.04279461825255304,11091976388608.0,10.743006,2.108967,0.20663999,3.42,0.01,20.0
2026-03-09 10:00:00+09:00,8771,イー・ギャランティ,8771.T,未分類,intraday_5m,1794.0,0.007299270072992803,0.2546419098143236,0.007328664982901317,48.36601307189542,0.0016750418760469454,79537111040.0,23.964733,4.0624905,0.15803,2.12,0.02,20.0
2026-03-09 10:00:00+09:00,8793,ＮＥＣキャピタルソリューション,8793.T,未分類,intraday_5m,4075.0,0.0,0.0,0.007100534902537765,29.16666666666667,-0.02511961722488043,87795187712.0,11.335818,0.7008364,0.04397,3.59,0.03333333333333334,18.0
2026-03-09 10:00:00+09:00,8795,Ｔ＆Ｄホールディングス,8795.T,未分類,intraday_5m,3752.0,-0.002923199574807356,0.7790802524797115,0.01037898333408381,19.16932907348243,-0.049404611097035755,1817669795840.0,14.946421,1.1253314,0.07617,3.14,0.01,20.0
2026-03-09 10:00:00+09:00,8798,アドバンスクリエイト,8798.T,未分類,intraday_5m,196.0,0.00512820512820511,0.02977667493796526,0.008329767520844463,36.8421052631579,-0.02487562189054726,7236992000.0,,13.374275,,,0.02,20.0
2026-03-09 10:00:00+09:00,8801,三井不動産,8801.T,未分類,intraday_5m,1919.0,-0.002080083203328087,0.7959992451405925,0.009282222902814592,15.523465703971127,-0.0488228004956629,5241966166016.0,17.045656,1.6452699,,1.69,-0.01,20.0
2026-03-09 10:00:00+09:00,8802,三菱地所,8802.T,未分類,intraday_5m,4668.0,-0.001069976460517874,0.3589164785553048,0.010895745678255948,12.5,-0.06151990349819059,5660339077120.0,29.51255,2.2380567,0.09404001,0.92,0.01,20.0
2026-03-09 10:00:00+09:00,8803,平和不動産,8803.T,未分類,intraday_5m,2439.0,0.0,0.3689604685212298,0.005692592193782458,24.34782608695653,-0.022444889779559163,163679846400.0,15.590642,1.301872,0.09044,3.13,0.05,20.0
2026-03-09 10:00:00+09:00,8804,東京建物,8804.T,未分類,intraday_5m,3906.0,-0.001023017902813339,0.30044182621502213,0.010312964407562285,12.45901639344261,-0.052861299709020315,810931519488.0,13.806511,1.3720515,0.10379,2.96,0.02,20.0
2026-03-09 10:00:00+09:00,8818,京阪神ビルディング,8818.T,未分類,intraday_5m,1916.0,0.0005221932114882755,0.35714285714285715,0.008372222115041392,22.727272727272734,-0.03183425972713494,91398029312.0,18.945911,1.1447916,0.05906,2.02,0.042105263157894736,19.0
2026-03-09 10:00:00+09:00,8830,住友不動産,8830.T,未分類,intraday_5m,4736.0,-0.0014758591608686755,0.31661351116265585,0.010861581138314844,9.77272727272728,-0.06826677159157979,4375769776128.0,22.131874,1.8200146,0.09603,0.85,-0.01,20.0
2026-03-09 10:00:00+09:00,8848,レオパレス２１,8848.T,未分類,intraday_5m,685.0,0.0014619883040936088,0.28769979152189024,0.006049720452053285,18.421052631578945,-0.03656821378340369,217627017216.0,24.394587,6.427097,0.21846001,1.41,0.03529411764705883,17.0
2026-03-09 10:00:00+09:00,8850,スターツコーポレーション,8850.T,未分類,intraday_5m,4875.0,0.0010266940451746365,0.16666666666666666,0.011360547522870326,26.37362637362638,-0.0365612648221344,234838867968.0,10.260349,1.2630024,0.13301,2.57,0.030000000000000006,20.0
2026-03-09 10:00:00+09:00,8860,フジ住宅,8860.T,未分類,intraday_5m,834.0,0.0,0.13186813186813187,0.009693403328523904,21.126760563380273,-0.04027617951668583,29852966912.0,5.73669,0.519861,0.09658,3.68,0.037500000000000006,16.0
2026-03-09 10:00:00+09:00,8876,リログループ,8876.T,未分類,intraday_5m,1899.0,0.0036997885835095,0.7659574468085106,0.004256239713214052,37.4384236453202,-0.015296862846772119,286877777920.0,14.718648,3.6752324,0.28939,2.54,-0.02,20.0
2026-03-09 10:00:00+09:00,8877,エスリード,8877.T,未分類,intraday_5m,6570.0,-0.001519756838905817,0.09917355371900827,0.011736487440301155,17.647058823529406,-0.05873925501432664,101370920960.0,11.1128025,1.293779,0.12656,3.87,0.042105263157894736,19.0
2026-03-09 10:00:00+09:00,8881,日神グループホールディングス,8881.T,未分類,intraday_5m,758.0,0.0,0.0,0.007873776546651926,15.217391304347828,-0.03562340966921118,35402100736.0,8.912404,0.5066618,0.0629,4.45,0.030000000000000006,20.0
2026-03-09 10:00:00+09:00,8892,エスコン,8892.T,未分類,intraday_5m,1077.0,0.0009293680297397522,0.10344827586206896,0.007209142951173001,30.434782608695656,-0.024456521739130488,103040499712.0,8.892742,1.3103927,,4.35,0.023529411764705882,17.0
2026-03-09 10:00:00+09:00,8897,ＭＩＲＡＲＴＨホールディングス,8897.T,未分類,intraday_5m,403.0,-0.0024752475247524774,1.077319587628866,0.006171411690595482,26.08695652173914,-0.02657004830917875,54749798400.0,6.485356,0.6791006,0.11354,5.07,0.02,20.0
2026-03-09 10:00:00+09:00,8919,カチタス,8919.T,未分類,intraday_5m,3085.0,-0.0016181229773463146,0.3411619283065513,0.01079456234021204,17.241379310344826,-0.05513016845329255,241355620352.0,21.922968,4.8200717,0.25312,2.39,0.01,20.0
2026-03-09 10:00:00+09:00,8923,トーセイ,8923.T,未分類,intraday_5m,1556.0,-0.00447856685860526,0.5053995680345572,0.012136582341361014,22.289156626506028,-0.054678007290400954,150884696064.0,10.241559,1.4676933,0.15276,3.34,0.03333333333333334,18.0
2026-03-09 10:00:00+09:00,8934,サンフロンティア不動産,8934.T,未分類,intraday_5m,2679.0,0.0003734129947721154,0.6449136276391554,0.006475254172541913,21.52777777777777,-0.02899601304820587,130019647488.0,7.868766,1.1961989,0.16320999,2.75,0.04,20.0
2026-03-09 10:00:00+09:00,8935,ＦＪネクストホールディングス,8935.T,未分類,intraday_5m,1725.0,0.0023242300987798004,0.07142857142857142,0.01217721298339871,27.604166666666657,-0.04906284454244758,56497516544.0,7.66258,0.74193394,0.10465,3.09,0.07,20.0
2026-03-09 10:00:00+09:00,8999,グランディハウス,8999.T,未分類,intraday_5m,609.0,-0.0016393442622950616,0.05955334987593052,0.006519891873436115,29.411764705882362,-0.019323671497584516,17619509248.0,24.03315,0.71401435,0.031040002,5.15,0.05,20.0
2026-03-09 10:00:00+09:00,9001,東武鉄道,9001.T,未分類,intraday_5m,2923.0,-0.0003419972640218427,0.47691408533021623,0.006538124378929586,35.277777777777786,-0.015493432132031026,571963211776.0,11.623652,0.9577945,,2.36,0.05,20.0
2026-03-09 10:00:00+09:00,9003,相鉄ホールディングス,9003.T,未分類,intraday_5m,2805.5,-0.0001781895937277289,0.15920398009950248,0.00427345900019467,40.66985645933015,-0.004612382472946597,269242892288.0,13.616949,1.3984623,0.10549,2.48,0.01,20.0
2026-03-09 10:00:00+09:00,9005,東急,9005.T,未分類,intraday_5m,1904.0,-0.0015731515469323831,0.4105461393596987,0.004510374663220873,46.486486486486484,-0.0010493179433368471,1086842470400.0,12.661258,1.2404053,,1.68,0.030000000000000006,20.0
2026-03-09 10:00:00+09:00,9006,京浜急行電鉄,9006.T,未分類,intraday_5m,1487.0,-0.0003361344537815558,0.3579277864992151,0.0056654917369066415,39.99999999999999,-0.009657009657009663,398903017472.0,15.670776,1.0650634,0.06532,3.06,0.01,20.0
2026-03-09 10:00:00+09:00,9007,小田急電鉄,9007.T,未分類,intraday_5m,1636.5,-0.0018298261665141702,0.6568848758465011,0.006259788411834339,37.5609756097561,-0.01770708283313327,564951973888.0,13.419435,1.1340084,0.08952,3.0,0.01,20.0
2026-03-09 10:00:00+09:00,9008,京王電鉄,9008.T,未分類,intraday_5m,3928.0,-0.0010172939979654627,0.24918032786885247,0.00484475223699808,34.5360824742268,-0.013313237879929662,457888202752.0,11.844883,1.0457458,0.08625,2.76,0.01,20.0
2026-03-09 10:00:00+09:00,9009,京成電鉄,9009.T,未分類,intraday_5m,1266.5,-0.0031483667847304053,0.6986834785833488,0.007385337242856109,25.000000000000014,-0.02912993484093518,610745122816.0,8.524028,1.0994334,0.09781,1.38,-0.02,20.0
2026-03-09 10:00:00+09:00,9010,富士急行,9010.T,未分類,intraday_5m,2372.0,-0.001263157894736855,0.5551601423487544,0.004074302862612721,41.46341463414634,-0.01042970379641217,125948444672.0,23.843988,3.130316,,1.25,0.030000000000000006,20.0
2026-03-09 10:00:00+09:00,9020,東日本旅客鉄道,9020.T,未分類,intraday_5m,3727.0,-0.001339764201500504,0.5604628192465076,0.0043687506628234795,49.494949494949495,0.004853060124022646,4206494744576.0,18.170738,1.3941774,0.07711,1.89,0.01,20.0
2026-03-09 10:00:00+09:00,9021,西日本旅客鉄道,9021.T,未分類,intraday_5m,3204.0,0.0003122073056509578,0.7442322004465394,0.005808588792692732,41.75824175824176,-0.008969996906897593,1458088574976.0,11.364925,1.225166,0.09794,2.81,0.020000000000000004,20.0
2026-03-09 10:00:00+09:00,9022,東海旅客鉄道,9022.T,未分類,intraday_5m,4210.0,-0.00047483380816715215,0.33212341197822143,0.007732052144312782,28.62190812720847,-0.025011579434923603,4029572448256.0,7.8883266,0.8118769,0.114300005,0.74,0.0,20.0
2026-03-09 10:00:00+09:00,9023,東京地下鉄,9023.T,未分類,intraday_5m,1639.0,-0.0003049710277523987,0.3254180132078123,0.004127967015415506,45.00000000000001,-0.009068923821039854,951600807936.0,16.406406,1.3081682,0.08906,2.54,-0.01,20.0
2026-03-09 10:00:00+09:00,9024,西武ホールディングス,9024.T,未分類,intraday_5m,4122.0,0.0017010935601458055,0.3723150357995227,0.005753635459181551,24.651162790697683,-0.023685457129322574,1046964207616.0,5.706138,1.9297554,0.42199,0.95,0.030000000000000006,20.0
2026-03-09 10:00:00+09:00,9025,鴻池運輸,9025.T,未分類,intraday_5m,3120.0,0.0016051364365972098,0.22727272727272727,0.010315834263574276,25.454545454545453,-0.034055727554179516,165670797312.0,13.304904,1.0816422,0.088240005,3.41,0.04,20.0
2026-03-09 10:00:00+09:00,9031,西日本鉄道,9031.T,未分類,intraday_5m,2948.0,-0.002200033846674554,1.1791907514450866,0.007478508797987696,15.109890109890117,-0.04036458333333337,222594416640.0,8.084465,0.8303582,0.12707,1.63,0.05,20.0
2026-03-09 10:00:00+09:00,9037,ハマキョウレックス,9037.T,未分類,intraday_5m,1769.0,-0.0011293054771315258,0.20270270270270271,0.009161257730689716,18.382352941176464,-0.04533189422558015,130926403584.0,13.815996,1.3816017,0.10326,2.09,0.04,20.0
2026-03-09 10:00:00+09:00,9039,サカイ引越センター,9039.T,未分類,intraday_5m,2729.0,0.001100513573000672,0.43902439024390244,0.005146166653465423,34.53237410071942,-0.01693083573487031,110030897152.0,13.003288,1.1475701,0.08957,3.53,0.01,20.0
2026-03-09 10:00:00+09:00,9041,近鉄グループホールディングス,9041.T,未分類,intraday_5m,3085.0,0.0003242542153047978,0.2303473491773309,0.005799442063801271,26.829268292682926,-0.0218769816106531,586630496256.0,12.060675,1.0030521,0.08518,1.9,0.02,20.0
2026-03-09 10:00:00+09:00,9042,阪急阪神ホールディングス,9042.T,未分類,intraday_5m,4127.0,0.0014559572919194963,0.8478260869565218,0.005913829788016013,29.482071713147405,-0.020180436847103467,979155353600.0,13.957657,0.9008614,0.06611,2.37,0.01,20.0
2026-03-09 10:00:00+09:00,9044,南海電気鉄道,9044.T,未分類,intraday_5m,2984.5,0.0003351768057651139,0.2,0.005439090951599325,39.169139465875375,-0.01404030393128508,323012165632.0,13.985474,0.9888298,0.07684,1.65,0.030000000000000006,20.0
2026-03-09 10:00:00+09:00,9045,京阪ホールディングス,9045.T,未分類,intraday_5m,3237.0,0.0012372409526755224,0.627318718381113,0.00738888371424442,31.8840579710145,-0.020574886535552173,326620938240.0,11.590934,0.9915456,0.09205,2.93,0.01,20.0
2026-03-09 09:35:00+09:00,9046,神戸電鉄,9046.T,未分類,intraday_5m,2446.0,0.00040899795501014857,0.0,0.003643972999814899,28.089887640449433,-0.015297906602254385,19352535040.0,15.531144,0.77706766,0.05291,1.01,0.04,20.0
2026-03-09 10:00:00+09:00,9048,名古屋鉄道,9048.T,未分類,intraday_5m,1757.0,0.0,0.28633405639913234,0.004502765161661041,35.03184713375795,-0.011254924029262758,344500338688.0,10.47392,0.71452653,,2.25,0.0,20.0
2026-03-09 10:00:00+09:00,9052,山陽電気鉄道,9052.T,未分類,intraday_5m,2015.0,0.0009935419771485154,0.0,0.004024093325483598,40.963855421686745,-0.0044466403162055634,44773421056.0,10.716375,0.7344116,0.0692,2.47,0.08,20.0
2026-03-09 10:00:00+09:00,9064,ヤマトホールディングス,9064.T,未分類,intraday_5m,1765.5,0.0014180374361882908,0.2648401826484018,0.0068269093017019515,31.25,-0.01862145636464707,559092924416.0,16.521618,0.95619434,0.057930004,2.56,-0.030000000000000006,20.0
2026-03-09 10:00:00+09:00,9065,山九,9065.T,未分類,intraday_5m,9246.0,-0.0009724473257698429,1.143884892086331,0.008491128386540632,19.329073482428115,-0.04236147074054897,465465409536.0,15.698858,1.6149427,0.1117,2.44,0.01,20.0
2026-03-09 10:00:00+09:00,9068,丸全昭和運輸,9068.T,未分類,intraday_5m,8200.0,0.0012210012210012167,0.0,0.011878445487068894,25.842696629213478,-0.044289044289044344,160136626176.0,16.281147,1.1464108,0.073709995,2.45,0.04,20.0
2026-03-09 10:00:00+09:00,9069,センコーグループホールディングス,9069.T,未分類,intraday_5m,1805.5,-0.0002768549280177668,0.8207547169811321,0.008223680910542598,30.909090909090907,-0.032681489418698084,309402992640.0,18.389692,1.4134521,0.08021,2.68,0.01,20.0
2026-03-09 10:00:00+09:00,9072,ニッコンホールディングス,9072.T,未分類,intraday_5m,3972.0,0.0,0.5980707395498392,0.0058634181188716335,11.312217194570138,-0.04266088214027475,466332942336.0,31.911304,1.9720722,0.06682,1.78,0.021052631578947368,19.0
2026-03-09 10:00:00+09:00,9075,福山通運,9075.T,未分類,intraday_5m,5570.0,-0.003577817531305927,0.1581548599670511,0.010190140844157421,27.450980392156865,-0.044596912521440824,204952322048.0,34.000732,0.7144787,0.04626,1.3,0.021052631578947368,19.0
2026-03-09 10:00:00+09:00,9076,セイノーホールディングス,9076.T,未分類,intraday_5m,2570.5,0.0003891807744698106,0.39921722113502933,0.005727658752175485,37.81818181818182,-0.014378834355828207,383743492096.0,18.632212,0.9392719,0.05736,3.91,0.01,20.0
2026-03-09 10:00:00+09:00,9081,神奈川中央交通,9081.T,未分類,intraday_5m,3560.0,0.0028169014084507005,0.0,0.005192057704006656,31.42857142857143,-0.012482662968099856,43685281792.0,13.86941,0.68961537,0.0533,2.5,0.030000000000000006,20.0
2026-03-09 10:00:00+09:00,9090,ＡＺ－ＣＯＭ丸和ホールディングス,9090.T,未分類,intraday_5m,910.0,-0.002192982456140302,0.4685466377440347,0.006538395298740514,30.909090909090907,-0.023605150214592308,122561757184.0,15.138912,1.9805729,0.13272999,3.43,0.04,20.0
2026-03-09 10:00:00+09:00,9101,日本郵船,9101.T,未分類,intraday_5m,5450.0,-0.00310956648984817,0.5042745334136063,0.003281600163059257,34.67741935483872,-0.0164230283342357,2228238942208.0,7.525441,0.7761074,0.079840004,3.61,0.030000000000000006,20.0
2026-03-09 10:00:00+09:00,9104,商船三井,9104.T,未分類,intraday_5m,5828.0,-0.003590357326038629,0.6736271186440678,0.00455684952370995,32.55131964809385,-0.021819402484055006,2001722015744.0,6.967125,0.74049866,0.08866,3.36,0.020000000000000004,20.0
2026-03-09 10:00:00+09:00,9107,川崎汽船,9107.T,未分類,intraday_5m,2527.5,-0.0031551962137645884,0.5357463654812202,0.00494754477799059,29.012345679012356,-0.030680728667305868,1597618257920.0,8.421632,0.9182845,0.07177,4.6,0.030000000000000006,20.0
2026-03-09 10:00:00+09:00,9110,ＮＳユナイテッド海運,9110.T,未分類,intraday_5m,6810.0,-0.0014662756598240456,0.36923076923076925,0.009932894299504834,25.0,-0.04084507042253516,160481837056.0,7.8234496,0.89446074,0.13108,3.73,0.05,20.0
2026-03-09 10:00:00+09:00,9119,飯野海運,9119.T,未分類,intraday_5m,1625.0,0.0012322858903266454,0.2830188679245283,0.006205076978951656,36.69724770642201,-0.02108433734939763,171929796608.0,10.605665,1.1226593,,3.73,0.05,20.0
2026-03-09 10:00:00+09:00,9142,九州旅客鉄道,9142.T,未分類,intraday_5m,3774.0,-0.00026490066225171027,0.3263041065482797,0.005006823238381379,37.91208791208791,-0.009708737864077666,580024401920.0,13.509933,1.1985534,,3.02,0.01,20.0
2026-03-09 10:00:00+09:00,9143,ＳＧホールディングス,9143.T,未分類,intraday_5m,1448.0,0.0010369858278602706,0.4050392203470406,0.005394692196297726,41.830065359477125,-0.01328790459965934,864066469888.0,15.992931,1.6319796,,3.68,-0.01,20.0
2026-03-09 10:00:00+09:00,9147,ＮＩＰＰＯＮ　ＥＸＰＲＥＳＳホールディングス,9147.T,未分類,intraday_5m,3598.0,-0.0005555555555555314,0.3448526736995271,0.010473991853195447,24.92401215805471,-0.04612937433722164,872467202048.0,328.88483,1.0518109,0.00485,2.65,0.02,20.0
2026-03-09 10:00:00+09:00,9201,日本航空,9201.T,未分類,intraday_5m,2608.5,0.0046216060080879195,0.6260210035005834,0.012799788621116338,29.319371727748702,-0.04046349089571455,1122630369280.0,9.279946,0.9219699,0.12172,3.68,0.01,20.0
2026-03-09 10:00:00+09:00,9202,ＡＮＡホールディングス,9202.T,未分類,intraday_5m,2938.0,0.0022172949002217113,0.5449427659973728,0.010085166038623658,26.603773584905653,-0.03924133420536302,1356163842048.0,10.35309,0.9511542,0.12322,1.96,0.01,20.0
2026-03-09 10:00:00+09:00,9216,ビーウィズ,9216.T,未分類,intraday_5m,1723.0,-0.001159420289855051,0.0,0.005086221962899366,31.111111111111114,-0.02102272727272725,24374157312.0,177.99586,3.003265,0.016,4.38,0.021052631578947368,19.0
2026-03-09 10:00:00+09:00,9229,サンウェルズ,9229.T,未分類,intraday_5m,240.0,0.0,0.33249370277078083,0.010094839519877078,31.034482758620683,-0.03614457831325302,7783801856.0,,1.1847464,-0.35744,,0.01,20.0
2026-03-09 10:05:00+09:00,9247,ＴＲＥホールディングス,9247.T,未分類,intraday_5m,1604.0,0.0,0.0,0.009163948776822318,20.454545454545453,-0.043530113297555184,76333195264.0,4.8282714,0.94041884,0.17698,2.98,0.02,20.0
2026-03-09 10:00:00+09:00,9267,Ｇｅｎｋｙ　ＤｒｕｇＳｔｏｒｅｓ,9267.T,未分類,intraday_5m,3875.0,0.0012919896640826156,0.9290322580645161,0.008857258471708864,26.984126984126988,-0.03125,117954174976.0,15.093604,2.0462527,0.14554,0.33,0.02,20.0
2026-03-09 10:00:00+09:00,9273,コーア商事ホールディングス,9273.T,未分類,intraday_5m,853.0,0.003529411764705781,0.6896551724137931,0.008779361321856648,35.526315789473685,-0.028473804100227817,35927085056.0,9.774264,1.2157646,0.13093,2.05,0.05,20.0
2026-03-09 10:00:00+09:00,9274,ＫＰＰグループホールディングス,9274.T,未分類,intraday_5m,868.0,-0.003444316877152742,0.5190525231719876,0.010496226558777787,26.436781609195407,-0.0461538461538461,54587072512.0,8.258016,0.6439771,0.07832,3.96,0.010526315789473684,19.0
2026-03-09 10:00:00+09:00,9278,ブックオフグループホールディングス,9278.T,未分類,intraday_5m,1768.0,0.0016997167138810276,0.3564356435643565,0.008317481548982196,20.175438596491233,-0.03598691384950925,31032827904.0,16.912186,1.6398659,0.10092,1.64,0.02,20.0
2026-03-09 10:00:00+09:00,9279,ギフトホールディングス,9279.T,未分類,intraday_5m,3965.0,0.0,0.10256410256410256,0.007799835844161011,20.754716981132077,-0.03995157384987891,79485353984.0,36.36614,7.6741886,0.23257999,0.63,0.02,20.0
2026-03-09 10:00:00+09:00,9301,三菱倉庫,9301.T,未分類,intraday_5m,1358.0,0.0,0.9638386648122391,0.006883209894475281,22.22222222222223,-0.03379580220562073,485656690688.0,15.812762,1.2700087,0.13803001,2.56,0.04,20.0
2026-03-09 10:00:00+09:00,9302,三井倉庫ホールディングス,9302.T,未分類,intraday_5m,3651.0,0.0019209659714598537,0.3617021276595745,0.007457454693092554,31.379310344827587,-0.030278884462151434,273257349120.0,88.14583,2.1123142,0.09912,1.3,0.02,20.0
2026-03-09 10:05:00+09:00,9303,住友倉庫,9303.T,未分類,intraday_5m,3870.0,-0.001290322580645209,0.0,0.006093231803455287,21.42857142857143,-0.02518891687657432,294935003136.0,13.768323,0.9973453,0.078,2.59,-0.020000000000000004,20.0
2026-03-09 10:05:00+09:00,9304,澁澤倉庫,9304.T,未分類,intraday_5m,1330.0,-0.0015015015015015232,0.0,0.007867436985457301,28.712871287128706,-0.03483309143686497,74699497472.0,13.748191,1.1343187,0.10544,4.35,0.021052631578947368,19.0
2026-03-09 10:05:00+09:00,9305,ヤマタネ,9305.T,未分類,intraday_5m,2143.0,-0.0004664179104477695,0.0,0.007132226297385371,18.51851851851852,-0.04458314757021842,45272690688.0,14.835584,0.77535814,0.07777,3.57,0.03333333333333334,18.0
2026-03-09 10:05:00+09:00,9310,日本トランスシティ,9310.T,未分類,intraday_5m,1202.0,0.0,0.0,0.011058379123872017,23.33333333333333,-0.045274027005559936,75132805120.0,12.545664,0.7775632,0.06649,3.26,0.022222222222222223,18.0
2026-03-09 10:05:00+09:00,9319,中央倉庫,9319.T,未分類,intraday_5m,1685.0,-0.0005931198102017143,0.0,0.009129903655511046,32.02614379084967,-0.032165422171166025,30386657280.0,16.950005,0.63758767,0.03846,2.53,0.011764705882352941,17.0
2026-03-09 10:00:00+09:00,9324,安田倉庫,9324.T,未分類,intraday_5m,2339.0,0.00042771599657820403,0.06185567010309278,0.010141997168497292,17.801047120418843,-0.05265289590927502,67746689024.0,21.288795,0.66291046,0.03936,3.16,0.0,17.0
2026-03-09 10:00:00+09:00,9332,ＮＩＳＳＯホールディングス,9332.T,未分類,intraday_5m,634.0,0.0015797788309637184,0.1426872770511296,0.0062241791999693985,25.714285714285722,-0.02611367127496156,21348513792.0,13.24974,1.2225622,0.094689995,3.84,0.0,17.0
2026-03-09 10:00:00+09:00,9336,大栄環境,9336.T,未分類,intraday_5m,3800.0,-0.0013140604467805073,0.6997840172786177,0.007607051351665156,33.9622641509434,-0.02564102564102566,379425882112.0,27.140919,3.64363,0.13921,1.26,0.0,20.0
2026-03-09 10:00:00+09:00,9341,ＧＥＮＯＶＡ,9341.T,未分類,intraday_5m,589.0,0.0,0.0,0.005814149486326663,25.000000000000014,-0.03442622950819674,10205327360.0,17.979244,1.5382285,0.05461,4.92,0.0,17.0
2026-03-09 10:00:00+09:00,9347,日本管財ホールディングス,9347.T,未分類,intraday_5m,2828.0,0.00035373187124165817,0.19834710743801653,0.003930438633197303,41.525423728813564,-0.006673691605198484,102715637760.0,14.251159,1.419705,0.12767,1.9,0.05263157894736842,19.0
2026-03-09 10:00:00+09:00,9364,上組,9364.T,未分類,intraday_5m,5529.0,0.002902231090150531,0.3792325056433409,0.0059555773481923,29.559748427672957,-0.02452364149611852,549717770240.0,19.627262,1.418097,0.075729996,3.26,0.03333333333333334,18.0
2026-03-09 10:00:00+09:00,9381,エーアイテイー,9381.T,未分類,intraday_5m,2170.0,0.0009225092250921829,0.30000000000000004,0.006036863751076822,28.985507246376812,-0.026469268730372364,50981093376.0,16.091953,2.6238341,0.16770001,4.93,0.047058823529411764,17.0
2026-03-09 10:05:00+09:00,9401,ＴＢＳホールディングス,9401.T,未分類,intraday_5m,5666.0,-0.0008816787162757578,0.0,0.008094399165688354,32.87037037037037,-0.030126668948990076,888324751360.0,16.084253,0.79564136,0.051820002,1.25,0.01,20.0
2026-03-09 10:05:00+09:00,9404,日本テレビホールディングス,9404.T,未分類,intraday_5m,3231.0,-0.001853568118628357,0.0,0.006334578733312198,41.07142857142856,-0.013435114503816847,799872319488.0,14.4788685,0.7924262,0.06258,1.83,0.01,20.0
2026-03-09 10:00:00+09:00,9405,朝日放送グループホールディングス,9405.T,未分類,intraday_5m,823.0,-0.0012135922330097637,0.23076923076923078,0.00552531244701632,34.61538461538463,-0.017899761336515496,34392887296.0,5.966795,0.42580736,0.064899996,2.15,0.03157894736842106,19.0
2026-03-09 10:05:00+09:00,9409,テレビ朝日ホールディングス,9409.T,未分類,intraday_5m,3220.0,-0.007704160246533087,0.0,0.00628795034367745,31.25,-0.02571860816944027,323736666112.0,9.951786,0.696449,0.07478,1.82,0.021052631578947368,19.0
2026-03-09 10:05:00+09:00,9412,スカパーＪＳＡＴホールディングス,9412.T,未分類,intraday_5m,2681.0,0.0003731343283581712,0.0,0.006499677277881187,4.858299595141702,-0.0777433780529756,759902044160.0,35.885426,2.5893075,0.07934,1.44,0.01,20.0
2026-03-09 10:00:00+09:00,9413,テレビ東京ホールディングス,9413.T,未分類,intraday_5m,4190.0,0.0011947431302270495,1.5,0.006990405732273471,39.39393939393939,-0.016431924882629123,111562825728.0,12.038846,1.0322819,0.092089996,2.35,0.02,20.0
2026-03-09 10:05:00+09:00,9416,ビジョン,9416.T,未分類,intraday_5m,1192.0,0.0,0.0,0.007446644196801719,29.885057471264375,-0.03246753246753242,58628833280.0,12.952298,2.7558718,0.23058,4.71,0.01,20.0
2026-03-09 10:05:00+09:00,9418,Ｕ－ＮＥＸＴ　ＨＯＬＤＩＮＧＳ,9418.T,未分類,intraday_5m,1768.0,-0.0005652911249293124,0.0,0.005601091043113921,42.857142857142854,-0.00952380952380949,318902829056.0,17.34694,3.1868315,0.18608999,0.95,0.0,20.0
2026-03-09 10:00:00+09:00,9424,日本通信,9424.T,未分類,intraday_5m,131.0,-0.007575757575757569,1.9492979719188765,0.0072019986849530615,25.0,-0.03676470588235292,21852008448.0,20.79365,4.802581,0.23091999,,0.02,20.0
2026-03-09 10:05:00+09:00,9432,ＮＴＴ,9432.T,未分類,intraday_5m,152.5,0.0006562080545984283,0.0,0.0021225517986524526,63.88886534141482,0.009265346392675067,12442826440704.0,12.141719,1.3104414,0.10722999,3.51,-0.020000000000000004,20.0
2026-03-09 10:05:00+09:00,9433,ＫＤＤＩ,9433.T,未分類,intraday_5m,2686.0,0.0016781652060413599,0.0,0.0039734429798747965,58.275862068965516,0.006557991380925721,10225812766720.0,14.867707,2.0587833,0.1423,3.0,-0.01,20.0
2026-03-09 10:05:00+09:00,9434,ソフトバンク,9434.T,未分類,intraday_5m,211.89999389648438,0.00047210029879996007,0.0,0.0030298842046101405,55.55555555555556,0.00617278136416477,10121078898688.0,18.835554,3.5427673,0.17556,4.08,0.02,20.0
2026-03-09 10:05:00+09:00,9435,光通信,9435.T,未分類,intraday_5m,41360.0,0.0007258649891119795,0.0,0.007946952694344861,23.666666666666657,-0.03183520599250933,1814946250752.0,13.012959,1.604318,0.12522,1.78,-0.01,20.0
2026-03-09 10:00:00+09:00,9438,エムティーアイ,9438.T,未分類,intraday_5m,655.0,0.0,0.6774193548387097,0.0073986742681926955,29.411764705882348,-0.02529761904761907,36344500224.0,10.640026,1.9634646,0.1683,2.98,0.03333333333333334,18.0
2026-03-09 10:05:00+09:00,9449,ＧＭＯインターネットグループ,9449.T,未分類,intraday_5m,2823.0,-0.00017708517797054846,0.0,0.00957399028705182,36.94493783303731,-0.02922971114167816,279386783744.0,18.212904,2.8053737,0.1728,1.11,0.02,20.0
2026-03-09 10:05:00+09:00,9468,ＫＡＤＯＫＡＷＡ,9468.T,未分類,intraday_5m,3077.0,0.0009759271307743234,0.0,0.005317734278394193,32.30769230769231,-0.022864401397268974,450929065984.0,77.545364,1.8176717,0.018919999,0.95,-0.01,20.0
2026-03-09 10:00:00+09:00,9470,学研ホールディングス,9470.T,未分類,intraday_5m,1022.0,0.0009794319294809117,0.2884615384615385,0.0036924525481698244,31.111111111111114,-0.017307692307692357,42327240704.0,11.954615,0.8233721,0.07814,2.79,0.02,20.0
2026-03-09 10:05:00+09:00,9474,ゼンリン,9474.T,未分類,intraday_5m,996.0,0.0,0.0,0.0048872606335807044,36.53846153846153,-0.01871921182266012,53173055488.0,17.807974,1.10647,0.053460002,4.14,0.0,20.0
2026-03-09 10:05:00+09:00,9501,東京電力ホールディングス,9501.T,未分類,intraday_5m,589.5999755859375,0.0013586749482916716,0.0,0.012381917945621814,9.090917226751628,-0.08262025145876106,944878256128.0,,0.30539608,-0.21519,,0.01,20.0
2026-03-09 10:05:00+09:00,9502,中部電力,9502.T,未分類,intraday_5m,2404.5,0.0016663195167674338,0.0,0.006818452615889737,26.03550295857987,-0.03161498187676193,1816380178432.0,8.199768,0.6036904,0.082279995,2.82,0.0,20.0
2026-03-09 10:05:00+09:00,9503,関西電力,9503.T,未分類,intraday_5m,2374.5,0.0008429926238144869,0.0,0.0107938327183461,14.78060046189377,-0.061462450592885354,2645920055296.0,6.111526,0.7833542,0.12425,3.56,-0.01,20.0
2026-03-09 10:05:00+09:00,9504,中国電力,9504.T,未分類,intraday_5m,920.5,0.0009787129599356792,0.0,0.010472568595910333,14.86489424957955,-0.055025127737731605,330999758848.0,2.966962,0.43602446,0.12566,2.77,0.0,20.0
2026-03-09 10:05:00+09:00,9505,北陸電力,9505.T,未分類,intraday_5m,974.5,0.0009244293720538366,0.0,0.010236736733163332,13.297824678233937,-0.06477927063339728,203581849600.0,2.9465122,0.45947716,0.1751,2.4,0.02,20.0
2026-03-09 10:05:00+09:00,9506,東北電力,9506.T,未分類,intraday_5m,1082.5,0.0,0.0,0.010473101970166316,15.384615384615387,-0.05910473707083874,541595762688.0,3.2932763,0.49439746,0.16431999,3.48,-0.01,20.0
2026-03-09 10:05:00+09:00,9507,四国電力,9507.T,未分類,intraday_5m,1536.0,0.0009775171065493637,0.0,0.010276749938365333,17.58241758241759,-0.051851851851851816,318422253568.0,4.1206136,0.67702806,0.15419,3.09,0.030000000000000006,20.0
2026-03-09 10:05:00+09:00,9508,九州電力,9508.T,未分類,intraday_5m,1657.5,0.0027223230490018846,0.0,0.01262199231544844,19.23076923076924,-0.07012622720897621,783637741568.0,4.5559497,0.69472504,0.16837999,2.81,0.01,20.0
2026-03-09 10:05:00+09:00,9509,北海道電力,9509.T,未分類,intraday_5m,996.7000122070312,0.001909956209667607,0.0,0.009145046214908267,15.350429044831273,-0.05927323057382605,204676907008.0,3.5932655,0.4608802,0.1401,2.83,0.02,20.0
2026-03-09 10:05:00+09:00,9511,沖縄電力,9511.T,未分類,intraday_5m,1034.0,0.0,0.0,0.00853545203686115,11.428571428571416,-0.047882136279926324,56162123776.0,9.353233,0.42260954,0.04932,2.76,0.030000000000000006,20.0
2026-03-09 10:05:00+09:00,9513,電源開発,9513.T,未分類,intraday_5m,3675.0,0.003002183406113579,0.0,0.006617046718463322,27.238805970149258,-0.03085443037974689,650413015040.0,6.256597,0.4722123,0.07379,2.64,0.030000000000000006,20.0
2026-03-09 10:05:00+09:00,9517,イーレックス,9517.T,未分類,intraday_5m,766.0,0.0,0.0,0.008161191570396933,26.5625,-0.035264483627204024,59768438784.0,30.051,0.8813452,0.013459999,2.77,0.02,20.0
2026-03-09 10:05:00+09:00,9519,レノバ,9519.T,未分類,intraday_5m,661.0,0.0,0.0,0.010326693958548867,16.666666666666657,-0.062411347517730476,59802722304.0,9.72631,0.531944,0.0554,,0.0,20.0
2026-03-09 10:05:00+09:00,9531,東京瓦斯,9531.T,未分類,intraday_5m,7376.0,0.0028552005438478023,0.0,0.0083163705762068,18.015267175572532,-0.05629477993858756,2483777961984.0,14.255344,1.5549841,0.12126,1.28,0.02,20.0
2026-03-09 10:05:00+09:00,9532,大阪瓦斯,9532.T,未分類,intraday_5m,6057.0,0.0029806259314455463,0.0,0.016468760066103844,9.128630705394201,-0.08862473668371951,2336562348032.0,13.481871,1.3528647,0.1079,1.81,0.02,20.0
2026-03-09 10:05:00+09:00,9533,東邦瓦斯,9533.T,未分類,intraday_5m,5180.0,0.0015467904098993568,0.0,0.007699266224478349,15.517241379310349,-0.040740740740740744,476176711680.0,17.93008,1.0371082,0.06061,1.67,0.05,20.0
2026-03-09 10:05:00+09:00,9534,北海道瓦斯,9534.T,未分類,intraday_5m,852.0,-0.0011723329425556983,0.0,0.00880623392095998,25.333333333333343,-0.04484304932735428,75176452096.0,6.3805885,0.82296973,0.14298001,2.58,0.030000000000000006,20.0
2026-03-09 10:05:00+09:00,9535,広島ガス,9535.T,未分類,intraday_5m,376.0,0.0,0.0,0.0050451779984871,26.31578947368422,-0.02083333333333337,25844576256.0,12.18011,0.37515703,0.0355,3.13,0.02,20.0
2026-03-09 10:00:00+09:00,9536,西部ガスホールディングス,9536.T,未分類,intraday_5m,2504.0,0.0024019215372297342,0.11356466876971609,0.0064509785390237245,18.12080536912751,-0.03692307692307695,90122772480.0,10.333443,0.8247488,0.098120004,2.69,0.06,20.0
2026-03-09 10:05:00+09:00,9543,静岡ガス,9543.T,未分類,intraday_5m,1507.0,0.0,0.2644628099173554,0.008974565056755306,13.286713286713294,-0.06687306501547985,113556922368.0,11.296852,0.8647541,0.08061,2.72,0.011111111111111112,18.0
2026-03-09 10:05:00+09:00,9551,メタウォーター,9551.T,未分類,intraday_5m,3550.0,0.0014104372355430161,0.0,0.012584851132868002,16.438356164383563,-0.0670170827858082,154994737152.0,15.575641,1.9343435,0.13234,1.84,0.030000000000000006,20.0
2026-03-09 10:05:00+09:00,9552,クオンツ総研ホールディングス,9552.T,未分類,intraday_5m,676.0,0.0029673590504450953,0.0,0.010391562447590588,24.657534246575352,-0.0598052851182197,36538298368.0,14.509551,6.606014,0.32084998,0.7,0.0,20.0
2026-03-09 10:00:00+09:00,9601,松竹,9601.T,未分類,intraday_5m,11220.0,0.000892060660124816,2.195121951219512,0.00363065118376616,64.0,0.008992805755395628,154211631104.0,37.232452,1.4651219,0.053940002,0.27,0.01,20.0
2026-03-09 10:05:00+09:00,9602,東宝,9602.T,未分類,intraday_5m,1566.0,0.0,0.17733990147783252,0.006905369457037284,50.91743119266055,-0.002547770700636942,1314429337600.0,26.385847,2.55447,0.11309,7.96,0.01,20.0
2026-03-09 10:05:00+09:00,9603,エイチ・アイ・エス,9603.T,未分類,intraday_5m,1121.0,0.0026833631484795006,0.049107142857142856,0.00884835945719653,19.79166666666667,-0.04676870748299322,83780689920.0,17.785183,1.5003701,0.08903,2.13,0.0,20.0
2026-03-09 10:05:00+09:00,9605,東映,9605.T,未分類,intraday_5m,5580.0,0.0,0.0,0.005359450858357199,48.14814814814815,0.0017953321364452268,348678782976.0,17.272333,1.2200484,0.0994,0.22,0.030000000000000006,20.0
2026-03-09 10:05:00+09:00,9612,ラックランド,9612.T,未分類,intraday_5m,1664.0,0.0,0.0,0.005185114658011417,51.5625,0.009708737864077666,17101382656.0,41.20852,1.3258647,0.18958001,2.43,0.03157894736842106,19.0
2026-03-09 10:05:00+09:00,9616,共立メンテナンス,9616.T,未分類,intraday_5m,2529.5,0.0017821782178217838,0.11650485436893203,0.006420003591476851,34.357541899441344,-0.020143327522758048,221915348992.0,14.734666,1.6649312,0.13972999,1.78,0.01,20.0
2026-03-09 10:00:00+09:00,9619,イチネンホールディングス,9619.T,未分類,intraday_5m,2055.0,0.0014619883040936088,0.0,0.006607704226008814,35.66433566433567,-0.021894336030461647,48657096704.0,6.787779,0.699314,0.106639996,4.0,0.05,20.0
2026-03-09 10:05:00+09:00,9621,建設技術研究所,9621.T,未分類,intraday_5m,2908.0,0.0003439972480219211,0.0,0.008320620974747126,17.154811715481173,-0.05276872964169377,79868502016.0,14.308911,1.2054785,0.09349,2.54,0.023529411764705882,17.0
2026-03-09 10:05:00+09:00,9622,スペース,9622.T,未分類,intraday_5m,1554.0,0.0012886597938144284,0.0,0.009716146265213716,30.281690140845072,-0.03598014888337464,38077247488.0,14.899328,1.0941373,0.11185,4.47,0.03529411764705883,17.0
2026-03-09 10:05:00+09:00,9627,アインホールディングス,9627.T,未分類,intraday_5m,5434.0,0.0025830258302583786,0.0784313725490196,0.00845590871296411,27.171492204899764,-0.034298915940998764,190587895808.0,20.546753,1.3170098,0.07515,1.42,0.030000000000000006,20.0
2026-03-09 10:05:00+09:00,9628,燦ホールディングス,9628.T,未分類,intraday_5m,1441.0,-0.0006934812760055475,0.0,0.00783252442183621,33.03571428571429,-0.02238805970149249,29689182208.0,6.31519,0.77886546,0.12838,3.87,0.011111111111111112,18.0
2026-03-09 10:05:00+09:00,9629,ピー・シー・エー,9629.T,未分類,intraday_5m,1878.0,0.0,0.0,0.004814918216190023,42.42424242424243,-0.00687466948704385,37657526272.0,23.817375,2.0168998,0.08145001,5.02,0.0,19.0
2026-03-09 10:05:00+09:00,9644,タナベコンサルティンググループ,9644.T,未分類,intraday_5m,712.0,0.0,0.0,0.00457416520751054,24.13793103448276,-0.019283746556473802,23000606720.0,21.793695,2.1960127,0.11123,3.86,0.05263157894736842,19.0
2026-03-09 10:05:00+09:00,9658,ビジネスブレイン太田昭和,9658.T,未分類,intraday_5m,2994.0,-0.0006675567423231055,0.10344827586206896,0.004220269664552486,40.845070422535215,-0.008609271523178808,32362983424.0,12.345883,1.0924289,0.08550999,4.4,0.01,20.0
2026-03-09 10:05:00+09:00,9663,ナガワ,9663.T,未分類,intraday_5m,5900.0,0.00340136054421758,0.14634146341463414,0.004099727473151045,39.285714285714285,-0.010067114093959773,92195184640.0,23.292538,1.5396897,0.05587,1.01,0.02,20.0
2026-03-09 10:00:00+09:00,9672,東京都競馬,9672.T,未分類,intraday_5m,5680.0,0.0017636684303350414,0.0,0.005958742618640226,21.875,-0.0273972602739726,147891552256.0,14.473181,1.5606676,0.11276,2.5,0.030000000000000006,20.0
2026-03-09 10:05:00+09:00,9678,カナモト,9678.T,未分類,intraday_5m,3865.0,0.0012953367875647714,0.03908794788273615,0.008708930172058345,9.090909090909093,-0.05961070559610704,133840142336.0,12.308917,0.9142236,0.07643,2.43,0.011111111111111112,18.0
2026-03-09 10:05:00+09:00,9682,ＤＴＳ,9682.T,未分類,intraday_5m,1098.0,0.0018248175182482562,0.14814814814814814,0.007229625889105478,37.037037037037045,-0.017009847806624845,174965047296.0,15.382461,2.925722,0.19943,3.13,0.01,20.0
2026-03-09 10:05:00+09:00,9684,スクウェア・エニックス・ホールディングス,9684.T,未分類,intraday_5m,2520.5,0.0009928514694201862,0.12298682284040996,0.005525123971743561,37.08609271523179,-0.017923241768945997,908796887040.0,39.919228,2.6581917,0.07472,1.68,0.01,20.0
2026-03-09 10:05:00+09:00,9692,シーイーシー,9692.T,未分類,intraday_5m,1972.0,0.0010152284263960087,0.0,0.005309154052114045,53.52112676056338,0.003051881993896277,61547036672.0,14.97115,1.5156757,0.10754,3.56,0.030000000000000006,20.0
2026-03-09 10:05:00+09:00,9697,カプコン,9697.T,未分類,intraday_5m,3338.0,0.0008995502248876353,0.06393667224843964,0.004806734603779169,43.33333333333333,-0.013301803133313639,1396239106048.0,23.000069,5.5796537,,1.18,0.01,20.0
2026-03-09 10:05:00+09:00,9699,ニシオホールディングス,9699.T,未分類,intraday_5m,4260.0,0.0,0.8571428571428572,0.00671409546189953,18.33333333333333,-0.046979865771812124,118267936768.0,9.764596,0.85260284,0.08562,2.95,0.0,17.0
2026-03-09 10:05:00+09:00,9702,アイ・エス・ビー,9702.T,未分類,intraday_5m,2013.0,-0.0009925558312655625,0.0,0.0036713570761246752,48.78048780487806,0.0034895314057825644,23075002368.0,16.055193,1.5889692,0.1024,3.49,0.023529411764705882,17.0
2026-03-09 10:05:00+09:00,9706,日本空港ビルデング,9706.T,未分類,intraday_5m,4956.0,0.0,0.874766355140187,0.0077285621431635535,28.012048192771076,-0.025177025963807997,459844419584.0,15.922092,2.2819924,0.21711001,1.77,0.02,20.0
2026-03-09 10:05:00+09:00,9715,トランス・コスモス,9715.T,未分類,intraday_5m,3890.0,0.0012870012870012104,0.0,0.005487685077901682,34.14634146341464,-0.017676767676767624,145769103360.0,11.343092,1.1878864,0.11767,2.73,0.030000000000000006,20.0
2026-03-09 10:05:00+09:00,9716,乃村工藝社,9716.T,未分類,intraday_5m,1334.0,0.0007501875468867159,0.0,0.009330374401532301,9.708737864077662,-0.05990133897110639,148864778240.0,14.375,2.5733323,0.20549,2.96,0.04,20.0
2026-03-09 09:50:00+09:00,9719,ＳＣＳＫ,9719.T,未分類,intraday_5m,5680.0,0.0,0.0,0.0008810582091285576,60.0,0.0017636684303350414,1776555917312.0,28.953003,5.6045074,0.20597,1.66,0.01,20.0
2026-03-09 10:05:00+09:00,9722,藤田観光,9722.T,未分類,intraday_5m,2111.0,0.00047393364928915993,0.13445378151260504,0.011714011430053949,21.524663677130036,-0.060943060498220625,126490779648.0,13.689125,3.435682,0.2975,0.89,0.030000000000000006,20.0
2026-03-09 10:00:00+09:00,9729,トーカイ,9729.T,未分類,intraday_5m,2419.0,0.00041356492969391034,0.14285714285714285,0.008751635050349453,26.26262626262627,-0.032399999999999984,74710425600.0,17.217081,0.9023978,0.06533,2.32,0.030000000000000006,20.0
2026-03-09 10:05:00+09:00,9735,セコム,9735.T,未分類,intraday_5m,5977.0,-0.00016728002676480447,0.0611764705882353,0.004179018596410426,50.96153846153846,0.004031580715605498,2417516609536.0,23.134388,1.9166002,0.08574,1.68,0.01,20.0
2026-03-09 10:05:00+09:00,9739,ＮＳＷ,9739.T,未分類,intraday_5m,2315.0,-0.0008631851532153734,0.0,0.0042476510374545385,30.526315789473685,-0.01573129251700678,34492059648.0,10.074416,0.9434627,0.08547,3.61,-0.01,20.0
2026-03-09 09:55:00+09:00,9740,セントラル警備保障,9740.T,未分類,intraday_5m,2933.0,-0.0017018379850238796,0.5806451612903226,0.010774474472558682,33.460076045627375,-0.028807947019867552,40974192640.0,13.65965,1.0251402,0.0836,1.99,0.02,20.0
2026-03-09 10:05:00+09:00,9742,アイネス,9742.T,未分類,intraday_5m,2080.0,0.0004810004810005264,0.16901408450704228,0.003577354654199616,31.325301204819283,-0.012814428096820096,43291230208.0,33.34937,1.1462575,0.02572,2.61,-0.010000000000000004,20.0
2026-03-09 10:05:00+09:00,9743,丹青社,9743.T,未分類,intraday_5m,1500.0,0.0006671114076051143,0.09404388714733541,0.006959799338627532,20.720720720720706,-0.04336734693877553,70853427200.0,11.361054,1.9745078,0.19504999,4.59,0.020000000000000004,20.0
2026-03-09 10:05:00+09:00,9744,メイテックグループホールディングス,9744.T,未分類,intraday_5m,3327.0,-0.0009009009009008917,0.06528835690968444,0.004565758091280573,37.42690058479533,-0.013930053349140437,256866910208.0,18.159489,5.7867208,0.31326,5.39,0.01,20.0
2026-03-09 10:05:00+09:00,9746,ＴＫＣ,9746.T,未分類,intraday_5m,3785.0,0.001322751322751392,0.0,0.006889335415398751,37.5,-0.013037809647979182,194128560128.0,16.153124,1.7405132,0.14152999,2.87,0.030000000000000006,20.0
2026-03-09 10:05:00+09:00,9755,応用地質,9755.T,未分類,intraday_5m,2928.0,0.0003416467372736598,0.14285714285714285,0.00911874539035843,14.782608695652186,-0.04935064935064937,66721349632.0,15.483052,0.8563124,0.05429,3.57,0.02,20.0
2026-03-09 10:05:00+09:00,9757,船井総研ホールディングス,9757.T,未分類,intraday_5m,1125.0,-0.000888099467140302,0.0532741398446171,0.004804055786184457,36.507936507936506,-0.01660839160839156,102245384192.0,16.122099,4.4854136,0.25729,4.2,0.030000000000000006,20.0
2026-03-09 10:05:00+09:00,9759,ＮＳＤ,9759.T,未分類,intraday_5m,2855.0,-0.00017510068289261493,0.2809756097560976,0.003919417074235391,38.392857142857146,-0.010398613518197597,217027280896.0,17.830378,3.1708975,0.19198999,3.26,0.02,20.0
2026-03-09 10:05:00+09:00,9765,オオバ,9765.T,未分類,intraday_5m,1147.0,-0.0017406440382942145,0.0,0.008561733473130766,24.731182795698928,-0.03694374475230899,18213302272.0,13.698793,1.3447479,0.10524999,3.53,0.03157894736842106,19.0
2026-03-09 10:05:00+09:00,9766,コナミグループ,9766.T,未分類,intraday_5m,19255.0,-0.0005190760446405207,0.08265497808390732,0.008786699435958303,24.76489028213166,-0.039650872817955096,2610142117888.0,30.390795,4.8624377,0.16981001,0.95,0.0,20.0
2026-03-09 09:55:00+09:00,9769,学究社,9769.T,未分類,intraday_5m,2397.0,0.002090301003344397,1.0666666666666667,0.003624321810050635,35.39823008849558,-0.011546391752577323,26051067904.0,15.045192,3.283296,0.23784,4.37,0.05,20.0
2026-03-09 10:05:00+09:00,9788,ナック,9788.T,未分類,intraday_5m,531.0,0.0,0.0,0.001564355360203856,33.33333333333333,-0.005617977528089901,22210973696.0,14.729543,0.9950752,0.049310002,4.12,0.011764705882352941,17.0
2026-03-09 10:05:00+09:00,9790,福井コンピュータホールディングス,9790.T,未分類,intraday_5m,3345.0,0.0,0.0,0.003762435544385837,26.470588235294116,-0.019061583577712593,69158502400.0,16.51444,2.3869975,0.1379,2.14,0.022222222222222223,18.0
2026-03-09 10:05:00+09:00,9793,ダイセキ,9793.T,未分類,intraday_5m,3830.0,0.0013071895424836555,0.0,0.00625941188233302,35.55555555555556,-0.012886597938144284,181106786304.0,20.023003,2.2711532,,1.96,0.0,20.0
2026-03-09 10:05:00+09:00,9795,ステップ,9795.T,未分類,intraday_5m,2512.0,0.0,0.96,0.005150752034890629,40.28776978417266,-0.005542359461599422,39147331584.0,14.754772,1.4247591,0.09972,3.48,0.010526315789473684,19.0
2026-03-09 10:05:00+09:00,9824,泉州電業,9824.T,未分類,intraday_5m,5800.0,0.0017271157167531026,0.16304347826086957,0.01092962597364892,26.86567164179104,-0.046052631578947345,99312467968.0,14.9754715,1.6806207,0.111090004,2.47,0.010526315789473684,19.0
2026-03-09 10:05:00+09:00,9830,トラスコ中山,9830.T,未分類,intraday_5m,2291.0,0.00087374399300999,0.4350453172205438,0.009760288902755305,22.39583333333333,-0.04142259414225946,151069360128.0,9.509775,0.8111067,0.08817001,2.45,0.01,20.0
2026-03-09 10:05:00+09:00,9831,ヤマダホールディングス,9831.T,未分類,intraday_5m,551.0,0.0012720556470275923,0.28421623576206834,0.00497856197464329,34.90907960999559,-0.012190727755075903,363768709120.0,14.193715,0.56981647,0.03819,3.05,0.01,20.0
2026-03-09 10:05:00+09:00,9832,オートバックスセブン,9832.T,未分類,intraday_5m,1668.0,0.0018018018018017834,0.1388888888888889,0.0045813577229186575,32.05128205128206,-0.01824602707474987,130988204032.0,13.08954,0.95569104,0.06841,3.53,0.02666666666666667,15.0
2026-03-09 10:00:00+09:00,9837,モリト,9837.T,未分類,intraday_5m,1925.0,-0.0020736132711249855,0.6233766233766234,0.009660184922335262,25.842696629213478,-0.04466501240694787,48798273536.0,17.213627,1.2370217,0.07372,3.57,0.021052631578947368,19.0
2026-03-09 10:05:00+09:00,9842,アークランズ,9842.T,未分類,intraday_5m,1807.0,0.002774694783573839,0.7109004739336493,0.005953360480075334,36.11111111111111,-0.015795206971677578,113521917952.0,11.815091,0.8969033,0.060489997,2.18,0.04,20.0
2026-03-09 10:05:00+09:00,9843,ニトリホールディングス,9843.T,未分類,intraday_5m,2804.5,-0.001246438746438705,0.2433876935727011,0.006769886853537073,33.33333333333333,-0.026046188574405327,1584422977536.0,20.07733,1.6277049,0.083950005,1.07,-0.01,20.0
2026-03-09 10:05:00+09:00,9850,グルメ杵屋,9850.T,未分類,intraday_5m,983.0,0.0020387359836901986,0.0,0.0015264879003234883,39.99999999999999,-0.00101626016260159,22485166080.0,65.70856,2.3425343,0.03381,0.71,0.019999999999999997,20.0
2026-03-09 10:05:00+09:00,9861,吉野家ホールディングス,9861.T,未分類,intraday_5m,3096.0,0.0009699321047527132,0.4243093922651934,0.0036726531019010637,50.0,-0.001290322580645209,200395177984.0,47.33221,3.035556,0.05982,0.71,0.0,20.0
2026-03-09 10:05:00+09:00,9869,加藤産業,9869.T,未分類,intraday_5m,6430.0,0.0015576323987538387,0.0,0.006988745332916764,38.095238095238095,-0.018320610687022953,196394958848.0,15.102759,1.1163433,0.083809994,2.44,0.03529411764705883,17.0
2026-03-09 10:05:00+09:00,9880,イノテック,9880.T,未分類,intraday_5m,2505.0,-0.002389486260453988,0.31088082901554404,0.01861742358940853,12.18274111675126,-0.10567654409139593,30497589248.0,25.333738,1.3037504,0.06813,2.86,0.030000000000000006,20.0
2026-03-09 10:05:00+09:00,9882,イエローハット,9882.T,未分類,intraday_5m,1631.0,0.0,0.3793103448275862,0.007060494710002863,26.73267326732673,-0.0245215311004785,139590664192.0,12.6033535,1.1338712,0.09849,3.47,0.011764705882352941,17.0
2026-03-09 10:05:00+09:00,9887,松屋フーズホールディングス,9887.T,未分類,intraday_5m,5480.0,0.0,0.17543859649122806,0.003397785914612053,22.222222222222214,-0.016157989228007152,104466948096.0,38.73339,2.1551833,0.07067,0.43,0.0,20.0
2026-03-09 10:05:00+09:00,9889,ＪＢＣＣホールディングス,9889.T,未分類,intraday_5m,1280.0,0.0007818608287724071,0.39344262295081966,0.008895381265268756,33.6283185840708,-0.0317700453857791,88136613888.0,17.259977,3.1318815,0.20815,3.78,0.04,20.0
2026-03-09 10:05:00+09:00,9900,サガミホールディングス,9900.T,未分類,intraday_5m,1830.0,0.0005467468562054822,1.0,0.004194253053897872,36.48648648648649,-0.012412304371289817,55418802176.0,35.527084,2.8741589,0.080290005,0.54,0.08,20.0
2026-03-09 10:05:00+09:00,9902,日伝,9902.T,未分類,intraday_5m,2343.0,0.000426985482493647,0.3169811320754717,0.005085143947724385,30.30303030303031,-0.02212020033388984,69208301568.0,13.696147,0.7749395,0.05495,2.92,0.01,20.0
2026-03-09 10:05:00+09:00,9928,ミロク情報サービス,9928.T,未分類,intraday_5m,1736.0,-0.0011507479861909697,0.15384615384615385,0.005974438553756812,33.65384615384616,-0.01195219123505975,51983052800.0,10.739916,1.6365393,0.15952,3.41,0.020000000000000004,20.0
2026-03-09 10:05:00+09:00,9932,杉本商事,9932.T,未分類,intraday_5m,1324.0,-0.0015082956259426794,0.09523809523809523,0.005437242301817522,33.33333333333333,-0.02359882005899705,23141222400.0,13.751558,0.69329685,0.04902,3.98,0.01,20.0
2026-03-09 10:05:00+09:00,9934,因幡電機産業,9934.T,未分類,intraday_5m,2551.5,-0.00136986301369868,0.19834710743801653,0.007810736370013651,15.362318840579704,-0.04438202247191014,285080846336.0,13.869863,1.5362477,0.12299,2.62,0.030000000000000006,20.0
2026-03-09 10:05:00+09:00,9936,王将フードサービス,9936.T,未分類,intraday_5m,3160.0,0.0,0.35967302452316074,0.004499394263202826,43.33333333333333,-0.0062893081761006275,165420433408.0,21.555252,2.6737447,0.121199995,1.76,0.023529411764705882,17.0
2026-03-09 10:05:00+09:00,9946,ミニストップ,9946.T,未分類,intraday_5m,1769.0,0.0005656108597285048,0.0,0.00501301669464672,39.99999999999999,-0.01173184357541901,51315163136.0,,1.7219847,-0.22188999,1.12,-0.01,20.0
2026-03-09 10:00:00+09:00,9948,アークス,9948.T,未分類,intraday_5m,3610.0,0.0,0.0,0.007200992727689365,34.04255319148936,-0.017687074829931926,192349208576.0,16.536875,1.0252333,0.06798,2.18,0.04,20.0
2026-03-09 10:05:00+09:00,9956,バローホールディングス,9956.T,未分類,intraday_5m,3500.0,0.002865329512893977,0.0,0.008876463726246576,33.33333333333333,-0.019607843137254943,184342052864.0,13.579049,1.009648,,1.96,0.03157894736842106,19.0
2026-03-09 10:05:00+09:00,9960,東テク,9960.T,未分類,intraday_5m,3980.0,-0.0012547051442910462,0.12,0.01234446636265728,18.888888888888886,-0.06682297772567414,163905552384.0,13.784028,2.3559022,0.19673,2.74,0.02666666666666667,15.0
2026-03-09 10:05:00+09:00,9962,ミスミグループ本社,9962.T,未分類,intraday_5m,2762.0,-0.0012655939251491333,0.28994082840236685,0.013503369999427774,16.543574593796166,-0.07548117154811718,736106905600.0,23.5244,2.023301,0.08724,1.47,0.02,20.0
2026-03-09 10:05:00+09:00,9974,ベルク,9974.T,未分類,intraday_5m,7420.0,0.0,0.0,0.004558746301965265,39.99999999999999,-0.00669344042838016,154565246976.0,12.510116,1.3337697,0.11153,1.66,0.0,20.0
2026-03-09 10:05:00+09:00,9983,ファーストリテイリング,9983.T,未分類,intraday_5m,62260.0,-0.0019236934915036752,0.21455552757491816,0.007423883466579338,19.39393939393939,-0.048448723826990725,19103221809152.0,44.25804,7.628753,0.20033,0.83,-0.01,20.0
2026-03-09 10:05:00+09:00,9984,ソフトバンクグループ,9984.T,未分類,intraday_5m,3489.0,-0.003712164477441493,1.3952039614240361,0.020049320128046753,8.379888268156435,-0.11130922058074377,19877289000960.0,6.5230403,1.2869358,0.26023,0.28,0.01,20.0
2026-03-09 10:05:00+09:00,9987,スズケン,9987.T,未分類,intraday_5m,6215.0,0.0024193548387096975,0.6185567010309279,0.006771229321053702,32.39074550128535,-0.021259842519685046,423621951488.0,14.740062,1.0513113,,1.57,0.0,20.0
2026-03-09 10:05:00+09:00,9989,サンドラッグ,9989.T,未分類,intraday_5m,3973.0,0.0002517623363544885,0.24561403508771928,0.0051021013796830154,41.8848167539267,-0.003511412089290178,464773054464.0,14.632978,1.6669708,0.11504,3.31,0.0,20.0
2026-03-09 10:05:00+09:00,9990,サックスバー　ホールディングス,9990.T,未分類,intraday_5m,819.0,-0.0012195121951219523,0.07453416149068323,0.0031040583611951114,18.181818181818173,-0.015625,23796934656.0,10.949198,0.7936531,0.07119,4.21,0.010526315789473684,19.0
2026-03-09 10:05:00+09:00,9991,ジェコス,9991.T,未分類,intraday_5m,1750.0,0.0011441647597254523,0.07017543859649122,0.008292011166140343,17.518248175182478,-0.051490514905149,58881212416.0,10.6215105,0.8590492,0.08766,3.52,0.06,20.0
2026-03-09 10:05:00+09:00,9997,ベルーナ,9997.T,未分類,intraday_5m,914.0,-0.0032715376226826187,2.814814814814815,0.006955590595297004,18.0,-0.02765957446808509,87965704192.0,9.20814,0.59780526,0.0777,3.19,0.030000000000000006,20.0
